# OpenSignals Text File Format
# {"00:80:E1:26:9E:1A":{"sensor":["ECG"],"device name":"00:80:E1:26:9E:1A","column":["nSeq","ECG"],"sync interval":2,"time":"11:07:03","comments":"","keywords":"","device connection":"BLE00:80:E1:26:9E:1A","channels":[0],"date":"2025-06-06","mode":0,"digital IO":[],"firmware version":256,"device":"cardiobanplux","position":0,"sampling rate":1000,"label":["ECG"],"resolution":[16],"special":[{}],"sleeve color":["UNKNOWN"]}}
# EndOfHeader
0	15176	
1	15223	
2	15258	
3	15274	
4	15303	
5	15383	
6	15522	
7	15684	
8	15808	
9	15853	
10	15822	
11	15761	
12	15719	
13	15710	
14	15696	
15	15626	
16	15485	
17	15312	
18	15179	
19	15135	
20	15172	
21	15236	
22	15276	
23	15283	
24	15296	
25	15359	
26	15482	
27	15624	
28	15725	
29	15749	
30	15705	
31	15642	
32	15601	
33	15584	
34	15559	
35	15486	
36	15363	
37	15232	
38	15149	
39	15142	
40	15187	
41	15237	
42	15260	
43	15265	
44	15294	
45	15381	
46	15527	
47	15692	
48	15820	
49	15870	
50	15842	
51	15767	
52	15690	
53	15641	
54	15617	
55	15586	
56	15517	
57	15406	
58	15285	
59	15201	
60	15185	
61	15229	
62	15297	
63	15354	
64	15393	
65	15438	
66	15513	
67	15628	
68	15758	
69	15863	
70	15910	
71	15887	
72	15813	
73	15724	
74	15639	
75	15557	
76	15456	
77	15320	
78	15173	
79	15064	
80	15042	
81	15111	
82	15229	
83	15334	
84	15400	
85	15450	
86	15532	
87	15664	
88	15809	
89	15905	
90	15911	
91	15844	
92	15757	
93	15692	
94	15647	
95	15589	
96	15497	
97	15388	
98	15299	
99	15254	
100	15244	
101	15247	
102	15258	
103	15298	
104	15393	
105	15540	
106	15704	
107	15837	
108	15916	
109	15951	
110	15963	
111	15959	
112	15924	
113	15837	
114	15703	
115	15552	
116	15425	
117	15341	
118	15294	
119	15262	
120	15236	
121	15223	
122	15245	
123	15309	
124	15402	
125	15497	
126	15575	
127	15636	
128	15693	
129	15754	
130	15808	
131	15832	
132	15808	
133	15736	
134	15632	
135	15518	
136	15400	
137	15281	
138	15165	
139	15069	
140	15019	
141	15028	
142	15080	
143	15141	
144	15183	
145	15208	
146	15241	
147	15305	
148	15398	
149	15486	
150	15528	
151	15504	
152	15428	
153	15336	
154	15262	
155	15211	
156	15160	
157	15081	
158	14974	
159	14864	
160	14789	
161	14772	
162	14801	
163	14846	
164	14883	
165	14912	
166	14956	
167	15036	
168	15151	
169	15270	
170	15352	
171	15365	
172	15314	
173	15228	
174	15144	
175	15086	
176	15053	
177	15028	
178	14996	
179	14960	
180	14937	
181	14956	
182	15034	
183	15160	
184	15299	
185	15411	
186	15473	
187	15500	
188	15531	
189	15599	
190	15697	
191	15781	
192	15800	
193	15739	
194	15633	
195	15546	
196	15525	
197	15566	
198	15619	
199	15627	
200	15576	
201	15511	
202	15505	
203	15603	
204	15784	
205	15964	
206	16058	
207	16046	
208	15981	
209	15947	
210	15986	
211	16058	
212	16079	
213	15994	
214	15828	
215	15670	
216	15598	
217	15610	
218	15630	
219	15577	
220	15438	
221	15289	
222	15230	
223	15303	
224	15452	
225	15568	
226	15579	
227	15506	
228	15442	
229	15466	
230	15570	
231	15656	
232	15623	
233	15451	
234	15224	
235	15068	
236	15046	
237	15115	
238	15161	
239	15104	
240	14963	
241	14845	
242	14851	
243	14987	
244	15159	
245	15250	
246	15216	
247	15121	
248	15075	
249	15143	
250	15282	
251	15383	
252	15358	
253	15212	
254	15033	
255	14918	
256	14895	
257	14913	
258	14898	
259	14825	
260	14737	
261	14704	
262	14761	
263	14876	
264	14986	
265	15041	
266	15044	
267	15034	
268	15050	
269	15096	
270	15145	
271	15165	
272	15145	
273	15101	
274	15059	
275	15029	
276	15003	
277	14966	
278	14917	
279	14879	
280	14883	
281	14948	
282	15056	
283	15165	
284	15239	
285	15271	
286	15293	
287	15341	
288	15426	
289	15515	
290	15560	
291	15531	
292	15445	
293	15354	
294	15305	
295	15306	
296	15324	
297	15312	
298	15255	
299	15179	
300	15131	
301	15145	
302	15212	
303	15295	
304	15354	
305	15380	
306	15396	
307	15435	
308	15506	
309	15583	
310	15627	
311	15615	
312	15558	
313	15486	
314	15426	
315	15387	
316	15356	
317	15314	
318	15250	
319	15176	
320	15123	
321	15128	
322	15206	
323	15334	
324	15457	
325	15522	
326	15517	
327	15478	
328	15459	
329	15485	
330	15530	
331	15541	
332	15487	
333	15389	
334	15303	
335	15268	
336	15274	
337	15271	
338	15221	
339	15134	
340	15060	
341	15043	
342	15085	
343	15156	
344	15224	
345	15282	
346	15343	
347	15411	
348	15473	
349	15504	
350	15494	
351	15460	
352	15431	
353	15422	
354	15421	
355	15405	
356	15366	
357	15318	
358	15281	
359	15262	
360	15250	
361	15236	
362	15228	
363	15253	
364	15322	
365	15415	
366	15488	
367	15511	
368	15495	
369	15479	
370	15490	
371	15510	
372	15496	
373	15422	
374	15312	
375	15220	
376	15186	
377	15197	
378	15205	
379	15170	
380	15100	
381	15040	
382	15032	
383	15076	
384	15139	
385	15183	
386	15196	
387	15198	
388	15211	
389	15239	
390	15255	
391	15232	
392	15157	
393	15054	
394	14962	
395	14914	
396	14911	
397	14923	
398	14906	
399	14843	
400	14761	
401	14712	
402	14735	
403	14820	
404	14918	
405	14975	
406	14978	
407	14959	
408	14965	
409	15014	
410	15077	
411	15104	
412	15064	
413	14981	
414	14908	
415	14884	
416	14899	
417	14904	
418	14859	
419	14779	
420	14724	
421	14751	
422	14856	
423	14980	
424	15058	
425	15077	
426	15085	
427	15139	
428	15251	
429	15370	
430	15428	
431	15393	
432	15300	
433	15219	
434	15191	
435	15202	
436	15191	
437	15118	
438	15001	
439	14906	
440	14893	
441	14967	
442	15078	
443	15173	
444	15240	
445	15314	
446	15429	
447	15578	
448	15705	
449	15753	
450	15715	
451	15642	
452	15599	
453	15610	
454	15638	
455	15621	
456	15527	
457	15385	
458	15265	
459	15221	
460	15252	
461	15317	
462	15375	
463	15419	
464	15474	
465	15563	
466	15675	
467	15768	
468	15801	
469	15773	
470	15727	
471	15709	
472	15729	
473	15749	
474	15715	
475	15613	
476	15478	
477	15368	
478	15310	
479	15279	
480	15237	
481	15182	
482	15162	
483	15226	
484	15366	
485	15514	
486	15592	
487	15582	
488	15536	
489	15525	
490	15571	
491	15628	
492	15631	
493	15550	
494	15421	
495	15307	
496	15242	
497	15208	
498	15164	
499	15090	
500	15017	
501	14993	
502	15041	
503	15132	
504	15213	
505	15252	
506	15265	
507	15301	
508	15387	
509	15502	
510	15586	
511	15588	
512	15516	
513	15425	
514	15372	
515	15366	
516	15364	
517	15319	
518	15232	
519	15159	
520	15160	
521	15246	
522	15367	
523	15456	
524	15490	
525	15505	
526	15554	
527	15653	
528	15767	
529	15837	
530	15833	
531	15773	
532	15706	
533	15667	
534	15657	
535	15648	
536	15613	
537	15548	
538	15470	
539	15407	
540	15374	
541	15373	
542	15397	
543	15444	
544	15510	
545	15594	
546	15683	
547	15761	
548	15813	
549	15830	
550	15818	
551	15789	
552	15758	
553	15733	
554	15717	
555	15697	
556	15658	
557	15589	
558	15497	
559	15409	
560	15353	
561	15345	
562	15377	
563	15427	
564	15475	
565	15519	
566	15570	
567	15639	
568	15726	
569	15805	
570	15848	
571	15839	
572	15791	
573	15732	
574	15689	
575	15664	
576	15641	
577	15596	
578	15520	
579	15429	
580	15358	
581	15349	
582	15422	
583	15555	
584	15699	
585	15800	
586	15843	
587	15852	
588	15870	
589	15916	
590	15975	
591	16005	
592	15978	
593	15899	
594	15809	
595	15747	
596	15728	
597	15729	
598	15713	
599	15663	
600	15593	
601	15542	
602	15543	
603	15599	
604	15681	
605	15754	
606	15804	
607	15850	
608	15919	
609	16018	
610	16117	
611	16163	
612	16133	
613	16052	
614	15979	
615	15962	
616	15992	
617	16018	
618	15990	
619	15911	
620	15840	
621	15847	
622	15953	
623	16109	
624	16230	
625	16264	
626	16227	
627	16192	
628	16221	
629	16319	
630	16432	
631	16489	
632	16464	
633	16387	
634	16314	
635	16282	
636	16280	
637	16265	
638	16203	
639	16105	
640	16019	
641	16003	
642	16069	
643	16176	
644	16254	
645	16264	
646	16225	
647	16197	
648	16229	
649	16314	
650	16394	
651	16408	
652	16338	
653	16223	
654	16116	
655	16043	
656	15989	
657	15922	
658	15831	
659	15739	
660	15675	
661	15655	
662	15665	
663	15679	
664	15680	
665	15674	
666	15681	
667	15718	
668	15783	
669	15847	
670	15872	
671	15840	
672	15764	
673	15677	
674	15604	
675	15542	
676	15472	
677	15385	
678	15300	
679	15256	
680	15272	
681	15334	
682	15398	
683	15436	
684	15450	
685	15472	
686	15528	
687	15613	
688	15693	
689	15729	
690	15709	
691	15652	
692	15587	
693	15535	
694	15499	
695	15470	
696	15442	
697	15417	
698	15399	
699	15387	
700	15377	
701	15371	
702	15382	
703	15425	
704	15503	
705	15595	
706	15675	
707	15731	
708	15776	
709	15828	
710	15887	
711	15923	
712	15906	
713	15836	
714	15757	
715	15718	
716	15733	
717	15759	
718	15741	
719	15658	
720	15555	
721	15507	
722	15555	
723	15671	
724	15788	
725	15859	
726	15904	
727	15980	
728	16117	
729	16271	
730	16353	
731	16306	
732	16160	
733	16014	
734	15952	
735	15972	
736	15996	
737	15948	
738	15830	
739	15725	
740	15720	
741	15830	
742	15984	
743	16086	
744	16097	
745	16059	
746	16054	
747	16126	
748	16243	
749	16328	
750	16324	
751	16246	
752	16160	
753	16129	
754	16155	
755	16177	
756	16123	
757	15974	
758	15791	
759	15667	
760	15651	
761	15709	
762	15750	
763	15718	
764	15645	
765	15644	
766	15813	
767	16154	
768	16560	
769	16898	
770	17098	
771	17197	
772	17288	
773	17439	
774	17641	
775	17832	
776	17956	
777	18017	
778	18076	
779	18207	
780	18446	
781	18775	
782	19139	
783	19499	
784	19852	
785	20232	
786	20664	
787	21124	
788	21537	
789	21807	
790	21880	
791	21781	
792	21596	
793	21417	
794	21275	
795	21120	
796	20870	
797	20486	
798	20024	
799	19601	
800	19305	
801	19123	
802	18938	
803	18614	
804	18103	
805	17490	
806	16926	
807	16527	
808	16295	
809	16140	
810	15970	
811	15764	
812	15573	
813	15449	
814	15382	
815	15301	
816	15132	
817	14878	
818	14627	
819	14497	
820	14545	
821	14719	
822	14895	
823	14963	
824	14911	
825	14821	
826	14802	
827	14901	
828	15071	
829	15214	
830	15259	
831	15204	
832	15108	
833	15038	
834	15018	
835	15030	
836	15035	
837	15002	
838	14931	
839	14849	
840	14797	
841	14813	
842	14901	
843	15023	
844	15120	
845	15153	
846	15133	
847	15120	
848	15169	
849	15279	
850	15389	
851	15428	
852	15372	
853	15266	
854	15185	
855	15162	
856	15165	
857	15132	
858	15040	
859	14942	
860	14925	
861	15036	
862	15225	
863	15381	
864	15420	
865	15354	
866	15281	
867	15298	
868	15420	
869	15566	
870	15629	
871	15570	
872	15445	
873	15353	
874	15350	
875	15400	
876	15415	
877	15338	
878	15198	
879	15087	
880	15079	
881	15171	
882	15286	
883	15343	
884	15327	
885	15293	
886	15314	
887	15414	
888	15551	
889	15655	
890	15683	
891	15645	
892	15589	
893	15556	
894	15548	
895	15537	
896	15493	
897	15411	
898	15320	
899	15259	
900	15253	
901	15296	
902	15367	
903	15442	
904	15515	
905	15589	
906	15667	
907	15738	
908	15789	
909	15811	
910	15818	
911	15834	
912	15873	
913	15922	
914	15945	
915	15916	
916	15841	
917	15765	
918	15735	
919	15765	
920	15824	
921	15865	
922	15868	
923	15854	
924	15869	
925	15938	
926	16045	
927	16148	
928	16212	
929	16228	
930	16211	
931	16178	
932	16141	
933	16100	
934	16051	
935	15991	
936	15923	
937	15854	
938	15797	
939	15761	
940	15744	
941	15738	
942	15737	
943	15744	
944	15777	
945	15848	
946	15951	
947	16057	
948	16127	
949	16136	
950	16092	
951	16026	
952	15972	
953	15939	
954	15909	
955	15854	
956	15759	
957	15642	
958	15543	
959	15497	
960	15510	
961	15551	
962	15581	
963	15584	
964	15577	
965	15597	
966	15657	
967	15733	
968	15774	
969	15751	
970	15683	
971	15623	
972	15618	
973	15658	
974	15683	
975	15629	
976	15490	
977	15322	
978	15206	
979	15182	
980	15221	
981	15258	
982	15252	
983	15212	
984	15191	
985	15229	
986	15321	
987	15418	
988	15467	
989	15448	
990	15393	
991	15350	
992	15351	
993	15374	
994	15365	
995	15284	
996	15142	
997	14995	
998	14905	
999	14891	
1000	14923	
1001	14952	
1002	14949	
1003	14933	
1004	14945	
1005	15012	
1006	15123	
1007	15232	
1008	15295	
1009	15300	
1010	15273	
1011	15253	
1012	15257	
1013	15265	
1014	15241	
1015	15164	
1016	15057	
1017	14963	
1018	14921	
1019	14929	
1020	14957	
1021	14971	
1022	14967	
1023	14973	
1024	15021	
1025	15120	
1026	15238	
1027	15331	
1028	15370	
1029	15367	
1030	15355	
1031	15364	
1032	15387	
1033	15393	
1034	15351	
1035	15260	
1036	15159	
1037	15092	
1038	15078	
1039	15099	
1040	15116	
1041	15106	
1042	15087	
1043	15096	
1044	15157	
1045	15257	
1046	15360	
1047	15434	
1048	15477	
1049	15510	
1050	15552	
1051	15600	
1052	15634	
1053	15639	
1054	15624	
1055	15613	
1056	15623	
1057	15641	
1058	15642	
1059	15611	
1060	15568	
1061	15552	
1062	15590	
1063	15680	
1064	15792	
1065	15900	
1066	15997	
1067	16097	
1068	16207	
1069	16311	
1070	16375	
1071	16373	
1072	16313	
1073	16238	
1074	16197	
1075	16206	
1076	16234	
1077	16228	
1078	16162	
1079	16070	
1080	16018	
1081	16060	
1082	16186	
1083	16327	
1084	16411	
1085	16413	
1086	16378	
1087	16372	
1088	16431	
1089	16526	
1090	16589	
1091	16568	
1092	16474	
1093	16368	
1094	16308	
1095	16303	
1096	16303	
1097	16251	
1098	16132	
1099	16001	
1100	15936	
1101	15976	
1102	16091	
1103	16198	
1104	16228	
1105	16179	
1106	16115	
1107	16114	
1108	16202	
1109	16330	
1110	16408	
1111	16377	
1112	16256	
1113	16134	
1114	16092	
1115	16134	
1116	16177	
1117	16120	
1118	15937	
1119	15712	
1120	15577	
1121	15604	
1122	15742	
1123	15866	
1124	15883	
1125	15817	
1126	15775	
1127	15851	
1128	16028	
1129	16189	
1130	16220	
1131	16102	
1132	15929	
1133	15821	
1134	15826	
1135	15882	
1136	15887	
1137	15789	
1138	15628	
1139	15506	
1140	15491	
1141	15568	
1142	15659	
1143	15693	
1144	15667	
1145	15635	
1146	15654	
1147	15727	
1148	15807	
1149	15840	
1150	15806	
1151	15728	
1152	15644	
1153	15580	
1154	15533	
1155	15482	
1156	15413	
1157	15327	
1158	15246	
1159	15202	
1160	15210	
1161	15263	
1162	15334	
1163	15393	
1164	15430	
1165	15455	
1166	15489	
1167	15543	
1168	15612	
1169	15668	
1170	15683	
1171	15644	
1172	15567	
1173	15493	
1174	15455	
1175	15457	
1176	15468	
1177	15440	
1178	15355	
1179	15245	
1180	15178	
1181	15204	
1182	15314	
1183	15443	
1184	15524	
1185	15544	
1186	15551	
1187	15607	
1188	15721	
1189	15835	
1190	15870	
1191	15796	
1192	15662	
1193	15552	
1194	15518	
1195	15536	
1196	15536	
1197	15467	
1198	15343	
1199	15232	
1200	15198	
1201	15247	
1202	15334	
1203	15400	
1204	15423	
1205	15433	
1206	15479	
1207	15581	
1208	15711	
1209	15813	
1210	15843	
1211	15802	
1212	15726	
1213	15656	
1214	15615	
1215	15595	
1216	15579	
1217	15559	
1218	15538	
1219	15519	
1220	15502	
1221	15488	
1222	15486	
1223	15517	
1224	15589	
1225	15694	
1226	15803	
1227	15890	
1228	15945	
1229	15972	
1230	15978	
1231	15963	
1232	15921	
1233	15854	
1234	15776	
1235	15704	
1236	15644	
1237	15596	
1238	15552	
1239	15514	
1240	15490	
1241	15492	
1242	15528	
1243	15592	
1244	15666	
1245	15727	
1246	15765	
1247	15784	
1248	15801	
1249	15831	
1250	15874	
1251	15909	
1252	15906	
1253	15852	
1254	15763	
1255	15682	
1256	15648	
1257	15660	
1258	15683	
1259	15676	
1260	15638	
1261	15613	
1262	15650	
1263	15759	
1264	15891	
1265	15973	
1266	15971	
1267	15922	
1268	15899	
1269	15950	
1270	16049	
1271	16116	
1272	16087	
1273	15972	
1274	15841	
1275	15763	
1276	15745	
1277	15731	
1278	15667	
1279	15559	
1280	15477	
1281	15494	
1282	15621	
1283	15793	
1284	15920	
1285	15952	
1286	15918	
1287	15888	
1288	15914	
1289	15992	
1290	16070	
1291	16092	
1292	16041	
1293	15945	
1294	15853	
1295	15794	
1296	15765	
1297	15732	
1298	15665	
1299	15560	
1300	15451	
1301	15390	
1302	15412	
1303	15511	
1304	15635	
1305	15720	
1306	15738	
1307	15717	
1308	15713	
1309	15759	
1310	15827	
1311	15855	
1312	15797	
1313	15665	
1314	15522	
1315	15427	
1316	15391	
1317	15372	
1318	15322	
1319	15238	
1320	15167	
1321	15165	
1322	15245	
1323	15362	
1324	15452	
1325	15481	
1326	15480	
1327	15511	
1328	15609	
1329	15745	
1330	15848	
1331	15856	
1332	15772	
1333	15657	
1334	15580	
1335	15562	
1336	15565	
1337	15535	
1338	15454	
1339	15359	
1340	15313	
1341	15351	
1342	15449	
1343	15544	
1344	15586	
1345	15579	
1346	15572	
1347	15615	
1348	15712	
1349	15814	
1350	15858	
1351	15819	
1352	15726	
1353	15644	
1354	15618	
1355	15642	
1356	15669	
1357	15648	
1358	15574	
1359	15483	
1360	15427	
1361	15428	
1362	15472	
1363	15525	
1364	15565	
1365	15599	
1366	15653	
1367	15743	
1368	15859	
1369	15962	
1370	16013	
1371	15996	
1372	15931	
1373	15861	
1374	15823	
1375	15823	
1376	15827	
1377	15794	
1378	15711	
1379	15610	
1380	15546	
1381	15557	
1382	15629	
1383	15710	
1384	15750	
1385	15743	
1386	15723	
1387	15736	
1388	15797	
1389	15875	
1390	15920	
1391	15904	
1392	15840	
1393	15771	
1394	15729	
1395	15714	
1396	15703	
1397	15678	
1398	15648	
1399	15632	
1400	15645	
1401	15679	
1402	15713	
1403	15738	
1404	15763	
1405	15804	
1406	15867	
1407	15933	
1408	15982	
1409	16006	
1410	16022	
1411	16048	
1412	16081	
1413	16096	
1414	16066	
1415	15992	
1416	15910	
1417	15865	
1418	15871	
1419	15903	
1420	15922	
1421	15916	
1422	15905	
1423	15919	
1424	15967	
1425	16022	
1426	16054	
1427	16061	
1428	16071	
1429	16112	
1430	16179	
1431	16233	
1432	16232	
1433	16171	
1434	16085	
1435	16021	
1436	15993	
1437	15976	
1438	15929	
1439	15836	
1440	15726	
1441	15651	
1442	15653	
1443	15728	
1444	15842	
1445	15959	
1446	16062	
1447	16153	
1448	16237	
1449	16307	
1450	16352	
1451	16364	
1452	16348	
1453	16312	
1454	16265	
1455	16207	
1456	16141	
1457	16075	
1458	16020	
1459	15982	
1460	15957	
1461	15938	
1462	15927	
1463	15933	
1464	15965	
1465	16022	
1466	16088	
1467	16145	
1468	16181	
1469	16199	
1470	16214	
1471	16238	
1472	16266	
1473	16279	
1474	16255	
1475	16189	
1476	16099	
1477	16020	
1478	15978	
1479	15972	
1480	15983	
1481	15991	
1482	15997	
1483	16016	
1484	16064	
1485	16140	
1486	16231	
1487	16324	
1488	16415	
1489	16499	
1490	16558	
1491	16568	
1492	16516	
1493	16422	
1494	16328	
1495	16272	
1496	16263	
1497	16274	
1498	16266	
1499	16232	
1500	16202	
1501	16223	
1502	16317	
1503	16456	
1504	16582	
1505	16652	
1506	16673	
1507	16693	
1508	16754	
1509	16846	
1510	16915	
1511	16902	
1512	16802	
1513	16669	
1514	16577	
1515	16559	
1516	16575	
1517	16550	
1518	16443	
1519	16284	
1520	16157	
1521	16129	
1522	16195	
1523	16285	
1524	16328	
1525	16311	
1526	16282	
1527	16308	
1528	16409	
1529	16541	
1530	16626	
1531	16611	
1532	16510	
1533	16391	
1534	16322	
1535	16316	
1536	16327	
1537	16288	
1538	16175	
1539	16032	
1540	15941	
1541	15958	
1542	16065	
1543	16185	
1544	16248	
1545	16243	
1546	16228	
1547	16271	
1548	16383	
1549	16506	
1550	16562	
1551	16524	
1552	16441	
1553	16396	
1554	16424	
1555	16487	
1556	16503	
1557	16419	
1558	16260	
1559	16103	
1560	16021	
1561	16030	
1562	16090	
1563	16140	
1564	16156	
1565	16159	
1566	16192	
1567	16274	
1568	16384	
1569	16477	
1570	16523	
1571	16525	
1572	16516	
1573	16524	
1574	16550	
1575	16572	
1576	16559	
1577	16494	
1578	16389	
1579	16278	
1580	16202	
1581	16185	
1582	16226	
1583	16295	
1584	16360	
1585	16406	
1586	16439	
1587	16482	
1588	16546	
1589	16616	
1590	16665	
1591	16669	
1592	16631	
1593	16579	
1594	16542	
1595	16534	
1596	16540	
1597	16525	
1598	16461	
1599	16355	
1600	16253	
1601	16204	
1602	16233	
1603	16314	
1604	16397	
1605	16447	
1606	16474	
1607	16512	
1608	16589	
1609	16685	
1610	16756	
1611	16767	
1612	16721	
1613	16656	
1614	16608	
1615	16584	
1616	16565	
1617	16522	
1618	16447	
1619	16358	
1620	16290	
1621	16271	
1622	16307	
1623	16371	
1624	16428	
1625	16453	
1626	16454	
1627	16459	
1628	16492	
1629	16546	
1630	16598	
1631	16631	
1632	16662	
1633	16737	
1634	16890	
1635	17111	
1636	17350	
1637	17549	
1638	17687	
1639	17784	
1640	17881	
1641	18017	
1642	18213	
1643	18474	
1644	18785	
1645	19116	
1646	19427	
1647	19707	
1648	19981	
1649	20304	
1650	20718	
1651	21207	
1652	21701	
1653	22116	
1654	22401	
1655	22564	
1656	22637	
1657	22651	
1658	22607	
1659	22496	
1660	22310	
1661	22058	
1662	21761	
1663	21449	
1664	21160	
1665	20927	
1666	20760	
1667	20622	
1668	20436	
1669	20117	
1670	19631	
1671	19020	
1672	18383	
1673	17825	
1674	17403	
1675	17110	
1676	16902	
1677	16735	
1678	16581	
1679	16433	
1680	16279	
1681	16113	
1682	15944	
1683	15813	
1684	15772	
1685	15850	
1686	16015	
1687	16184	
1688	16269	
1689	16237	
1690	16141	
1691	16071	
1692	16088	
1693	16177	
1694	16258	
1695	16264	
1696	16191	
1697	16099	
1698	16055	
1699	16073	
1700	16110	
1701	16113	
1702	16077	
1703	16050	
1704	16100	
1705	16255	
1706	16471	
1707	16663	
1708	16763	
1709	16769	
1710	16739	
1711	16743	
1712	16800	
1713	16863	
1714	16857	
1715	16752	
1716	16590	
1717	16454	
1718	16397	
1719	16404	
1720	16413	
1721	16377	
1722	16318	
1723	16299	
1724	16369	
1725	16512	
1726	16660	
1727	16754	
1728	16794	
1729	16826	
1730	16891	
1731	16975	
1732	17017	
1733	16965	
1734	16830	
1735	16677	
1736	16576	
1737	16547	
1738	16547	
1739	16519	
1740	16443	
1741	16359	
1742	16333	
1743	16398	
1744	16527	
1745	16651	
1746	16717	
1747	16728	
1748	16741	
1749	16811	
1750	16939	
1751	17057	
1752	17083	
1753	16984	
1754	16809	
1755	16658	
1756	16601	
1757	16622	
1758	16638	
1759	16568	
1760	16414	
1761	16262	
1762	16221	
1763	16333	
1764	16535	
1765	16713	
1766	16788	
1767	16780	
1768	16778	
1769	16852	
1770	16985	
1771	17095	
1772	17106	
1773	17023	
1774	16930	
1775	16903	
1776	16941	
1777	16963	
1778	16890	
1779	16724	
1780	16563	
1781	16513	
1782	16598	
1783	16735	
1784	16807	
1785	16775	
1786	16706	
1787	16720	
1788	16873	
1789	17102	
1790	17276	
1791	17302	
1792	17201	
1793	17081	
1794	17037	
1795	17073	
1796	17101	
1797	17029	
1798	16848	
1799	16642	
1800	16524	
1801	16545	
1802	16667	
1803	16792	
1804	16853	
1805	16852	
1806	16860	
1807	16946	
1808	17125	
1809	17337	
1810	17485	
1811	17509	
1812	17424	
1813	17306	
1814	17238	
1815	17237	
1816	17250	
1817	17197	
1818	17049	
1819	16860	
1820	16731	
1821	16730	
1822	16834	
1823	16952	
1824	16997	
1825	16965	
1826	16930	
1827	16983	
1828	17149	
1829	17363	
1830	17517	
1831	17534	
1832	17433	
1833	17300	
1834	17227	
1835	17235	
1836	17271	
1837	17254	
1838	17147	
1839	16983	
1840	16840	
1841	16782	
1842	16818	
1843	16903	
1844	16976	
1845	17001	
1846	16995	
1847	17010	
1848	17090	
1849	17232	
1850	17384	
1851	17475	
1852	17462	
1853	17361	
1854	17237	
1855	17152	
1856	17125	
1857	17120	
1858	17083	
1859	16991	
1860	16878	
1861	16810	
1862	16826	
1863	16912	
1864	17008	
1865	17069	
1866	17097	
1867	17134	
1868	17219	
1869	17345	
1870	17465	
1871	17524	
1872	17500	
1873	17417	
1874	17323	
1875	17252	
1876	17205	
1877	17156	
1878	17075	
1879	16964	
1880	16860	
1881	16813	
1882	16850	
1883	16959	
1884	17088	
1885	17188	
1886	17239	
1887	17257	
1888	17280	
1889	17326	
1890	17388	
1891	17439	
1892	17459	
1893	17449	
1894	17421	
1895	17380	
1896	17325	
1897	17254	
1898	17178	
1899	17120	
1900	17104	
1901	17140	
1902	17219	
1903	17321	
1904	17424	
1905	17506	
1906	17556	
1907	17582	
1908	17610	
1909	17676	
1910	17792	
1911	17925	
1912	18012	
1913	18002	
1914	17910	
1915	17802	
1916	17756	
1917	17793	
1918	17862	
1919	17888	
1920	17840	
1921	17768	
1922	17763	
1923	17878	
1924	18077	
1925	18259	
1926	18345	
1927	18344	
1928	18348	
1929	18444	
1930	18631	
1931	18809	
1932	18862	
1933	18756	
1934	18578	
1935	18462	
1936	18474	
1937	18563	
1938	18606	
1939	18524	
1940	18347	
1941	18191	
1942	18157	
1943	18255	
1944	18404	
1945	18505	
1946	18518	
1947	18487	
1948	18489	
1949	18563	
1950	18680	
1951	18766	
1952	18762	
1953	18669	
1954	18537	
1955	18425	
1956	18351	
1957	18287	
1958	18194	
1959	18061	
1960	17928	
1961	17856	
1962	17878	
1963	17971	
1964	18072	
1965	18130	
1966	18140	
1967	18144	
1968	18186	
1969	18274	
1970	18366	
1971	18404	
1972	18357	
1973	18246	
1974	18125	
1975	18039	
1976	17988	
1977	17937	
1978	17852	
1979	17731	
1980	17612	
1981	17543	
1982	17545	
1983	17602	
1984	17672	
1985	17721	
1986	17742	
1987	17758	
1988	17798	
1989	17869	
1990	17954	
1991	18010	
1992	18005	
1993	17931	
1994	17821	
1995	17721	
1996	17664	
1997	17640	
1998	17610	
1999	17533	
2000	17413	
2001	17301	
2002	17266	
2003	17338	
2004	17478	
2005	17605	
2006	17657	
2007	17641	
2008	17627	
2009	17677	
2010	17791	
2011	17896	
2012	17911	
2013	17818	
2014	17681	
2015	17587	
2016	17568	
2017	17582	
2018	17549	
2019	17433	
2020	17279	
2021	17175	
2022	17184	
2023	17291	
2024	17422	
2025	17503	
2026	17519	
2027	17516	
2028	17555	
2029	17654	
2030	17775	
2031	17855	
2032	17849	
2033	17771	
2034	17675	
2035	17613	
2036	17596	
2037	17583	
2038	17526	
2039	17413	
2040	17287	
2041	17220	
2042	17255	
2043	17380	
2044	17531	
2045	17652	
2046	17730	
2047	17803	
2048	17917	
2049	18080	
2050	18253	
2051	18374	
2052	18409	
2053	18381	
2054	18345	
2055	18352	
2056	18406	
2057	18466	
2058	18485	
2059	18452	
2060	18403	
2061	18401	
2062	18489	
2063	18655	
2064	18839	
2065	18976	
2066	19042	
2067	19071	
2068	19131	
2069	19269	
2070	19471	
2071	19665	
2072	19774	
2073	19764	
2074	19666	
2075	19549	
2076	19473	
2077	19454	
2078	19469	
2079	19485	
2080	19490	
2081	19500	
2082	19540	
2083	19620	
2084	19728	
2085	19838	
2086	19932	
2087	20011	
2088	20088	
2089	20168	
2090	20242	
2091	20294	
2092	20314	
2093	20312	
2094	20301	
2095	20292	
2096	20278	
2097	20244	
2098	20185	
2099	20115	
2100	20059	
2101	20036	
2102	20054	
2103	20108	
2104	20186	
2105	20276	
2106	20365	
2107	20445	
2108	20515	
2109	20581	
2110	20649	
2111	20715	
2112	20758	
2113	20756	
2114	20702	
2115	20610	
2116	20514	
2117	20444	
2118	20402	
2119	20369	
2120	20317	
2121	20242	
2122	20176	
2123	20168	
2124	20246	
2125	20393	
2126	20543	
2127	20633	
2128	20641	
2129	20606	
2130	20591	
2131	20626	
2132	20685	
2133	20707	
2134	20652	
2135	20541	
2136	20440	
2137	20400	
2138	20416	
2139	20427	
2140	20373	
2141	20251	
2142	20129	
2143	20091	
2144	20179	
2145	20352	
2146	20521	
2147	20615	
2148	20628	
2149	20616	
2150	20635	
2151	20695	
2152	20748	
2153	20738	
2154	20649	
2155	20523	
2156	20428	
2157	20401	
2158	20421	
2159	20428	
2160	20380	
2161	20288	
2162	20213	
2163	20213	
2164	20293	
2165	20403	
2166	20482	
2167	20513	
2168	20535	
2169	20604	
2170	20733	
2171	20870	
2172	20939	
2173	20907	
2174	20812	
2175	20732	
2176	20712	
2177	20727	
2178	20707	
2179	20604	
2180	20440	
2181	20301	
2182	20273	
2183	20374	
2184	20540	
2185	20677	
2186	20734	
2187	20741	
2188	20777	
2189	20891	
2190	21056	
2191	21183	
2192	21198	
2193	21103	
2194	20979	
2195	20911	
2196	20922	
2197	20953	
2198	20918	
2199	20791	
2200	20630	
2201	20536	
2202	20573	
2203	20714	
2204	20871	
2205	20967	
2206	20995	
2207	21012	
2208	21080	
2209	21206	
2210	21333	
2211	21387	
2212	21336	
2213	21212	
2214	21088	
2215	21018	
2216	21004	
2217	20998	
2218	20948	
2219	20847	
2220	20734	
2221	20668	
2222	20678	
2223	20745	
2224	20819	
2225	20862	
2226	20883	
2227	20932	
2228	21055	
2229	21250	
2230	21452	
2231	21570	
2232	21547	
2233	21407	
2234	21234	
2235	21117	
2236	21081	
2237	21076	
2238	21022	
2239	20886	
2240	20712	
2241	20594	
2242	20602	
2243	20723	
2244	20872	
2245	20952	
2246	20932	
2247	20864	
2248	20836	
2249	20890	
2250	20990	
2251	21042	
2252	20982	
2253	20829	
2254	20678	
2255	20619	
2256	20665	
2257	20737	
2258	20734	
2259	20623	
2260	20470	
2261	20388	
2262	20440	
2263	20587	
2264	20720	
2265	20750	
2266	20676	
2267	20586	
2268	20577	
2269	20675	
2270	20822	
2271	20918	
2272	20906	
2273	20806	
2274	20699	
2275	20655	
2276	20680	
2277	20718	
2278	20702	
2279	20612	
2280	20496	
2281	20429	
2282	20459	
2283	20567	
2284	20687	
2285	20754	
2286	20751	
2287	20714	
2288	20700	
2289	20737	
2290	20806	
2291	20853	
2292	20836	
2293	20752	
2294	20648	
2295	20581	
2296	20576	
2297	20612	
2298	20635	
2299	20604	
2300	20527	
2301	20457	
2302	20447	
2303	20510	
2304	20603	
2305	20662	
2306	20658	
2307	20613	
2308	20585	
2309	20610	
2310	20673	
2311	20721	
2312	20711	
2313	20649	
2314	20588	
2315	20580	
2316	20629	
2317	20688	
2318	20692	
2319	20616	
2320	20498	
2321	20412	
2322	20414	
2323	20497	
2324	20594	
2325	20641	
2326	20627	
2327	20601	
2328	20631	
2329	20734	
2330	20858	
2331	20922	
2332	20877	
2333	20749	
2334	20621	
2335	20570	
2336	20607	
2337	20677	
2338	20704	
2339	20659	
2340	20578	
2341	20533	
2342	20575	
2343	20690	
2344	20814	
2345	20887	
2346	20894	
2347	20873	
2348	20878	
2349	20928	
2350	20994	
2351	21026	
2352	20998	
2353	20933	
2354	20884	
2355	20889	
2356	20937	
2357	20976	
2358	20961	
2359	20888	
2360	20801	
2361	20761	
2362	20798	
2363	20892	
2364	20990	
2365	21042	
2366	21035	
2367	20998	
2368	20981	
2369	21012	
2370	21084	
2371	21153	
2372	21177	
2373	21136	
2374	21050	
2375	20954	
2376	20878	
2377	20829	
2378	20793	
2379	20753	
2380	20708	
2381	20675	
2382	20682	
2383	20742	
2384	20832	
2385	20906	
2386	20926	
2387	20887	
2388	20830	
2389	20805	
2390	20831	
2391	20879	
2392	20894	
2393	20842	
2394	20741	
2395	20648	
2396	20613	
2397	20639	
2398	20678	
2399	20677	
2400	20620	
2401	20545	
2402	20515	
2403	20562	
2404	20662	
2405	20754	
2406	20782	
2407	20746	
2408	20695	
2409	20684	
2410	20729	
2411	20789	
2412	20804	
2413	20750	
2414	20664	
2415	20612	
2416	20633	
2417	20702	
2418	20750	
2419	20718	
2420	20615	
2421	20514	
2422	20492	
2423	20574	
2424	20711	
2425	20826	
2426	20866	
2427	20847	
2428	20823	
2429	20842	
2430	20900	
2431	20949	
2432	20945	
2433	20881	
2434	20798	
2435	20749	
2436	20754	
2437	20789	
2438	20807	
2439	20777	
2440	20710	
2441	20650	
2442	20639	
2443	20691	
2444	20779	
2445	20854	
2446	20881	
2447	20869	
2448	20856	
2449	20884	
2450	20954	
2451	21026	
2452	21051	
2453	21013	
2454	20944	
2455	20900	
2456	20913	
2457	20965	
2458	21008	
2459	21006	
2460	20966	
2461	20928	
2462	20929	
2463	20970	
2464	21024	
2465	21062	
2466	21081	
2467	21102	
2468	21141	
2469	21189	
2470	21217	
2471	21207	
2472	21166	
2473	21122	
2474	21093	
2475	21073	
2476	21042	
2477	20989	
2478	20929	
2479	20885	
2480	20866	
2481	20866	
2482	20870	
2483	20873	
2484	20881	
2485	20897	
2486	20908	
2487	20896	
2488	20859	
2489	20822	
2490	20814	
2491	20841	
2492	20872	
2493	20870	
2494	20834	
2495	20818	
2496	20900	
2497	21116	
2498	21431	
2499	21752	
2500	21997	
2501	22153	
2502	22277	
2503	22450	
2504	22720	
2505	23065	
2506	23421	
2507	23731	
2508	23986	
2509	24223	
2510	24493	
2511	24813	
2512	25163	
2513	25504	
2514	25811	
2515	26086	
2516	26331	
2517	26532	
2518	26652	
2519	26661	
2520	26567	
2521	26406	
2522	26219	
2523	26018	
2524	25781	
2525	25492	
2526	25166	
2527	24850	
2528	24592	
2529	24393	
2530	24201	
2531	23935	
2532	23541	
2533	23026	
2534	22453	
2535	21907	
2536	21448	
2537	21095	
2538	20832	
2539	20636	
2540	20493	
2541	20397	
2542	20340	
2543	20308	
2544	20281	
2545	20247	
2546	20210	
2547	20187	
2548	20202	
2549	20262	
2550	20347	
2551	20415	
2552	20420	
2553	20349	
2554	20234	
2555	20136	
2556	20107	
2557	20156	
2558	20240	
2559	20306	
2560	20326	
2561	20326	
2562	20353	
2563	20442	
2564	20574	
2565	20698	
2566	20772	
2567	20802	
2568	20837	
2569	20921	
2570	21046	
2571	21154	
2572	21188	
2573	21147	
2574	21084	
2575	21060	
2576	21090	
2577	21129	
2578	21122	
2579	21057	
2580	20980	
2581	20958	
2582	21023	
2583	21146	
2584	21262	
2585	21321	
2586	21327	
2587	21325	
2588	21361	
2589	21444	
2590	21538	
2591	21599	
2592	21601	
2593	21555	
2594	21492	
2595	21438	
2596	21393	
2597	21345	
2598	21286	
2599	21225	
2600	21185	
2601	21181	
2602	21217	
2603	21279	
2604	21349	
2605	21416	
2606	21472	
2607	21512	
2608	21536	
2609	21551	
2610	21568	
2611	21591	
2612	21611	
2613	21610	
2614	21576	
2615	21514	
2616	21441	
2617	21375	
2618	21323	
2619	21282	
2620	21252	
2621	21241	
2622	21257	
2623	21298	
2624	21350	
2625	21393	
2626	21424	
2627	21455	
2628	21505	
2629	21584	
2630	21676	
2631	21745	
2632	21757	
2633	21701	
2634	21600	
2635	21500	
2636	21436	
2637	21414	
2638	21408	
2639	21382	
2640	21326	
2641	21269	
2642	21258	
2643	21318	
2644	21432	
2645	21548	
2646	21622	
2647	21653	
2648	21682	
2649	21749	
2650	21853	
2651	21944	
2652	21962	
2653	21888	
2654	21763	
2655	21653	
2656	21590	
2657	21554	
2658	21494	
2659	21391	
2660	21285	
2661	21243	
2662	21304	
2663	21440	
2664	21575	
2665	21654	
2666	21681	
2667	21715	
2668	21813	
2669	21979	
2670	22145	
2671	22223	
2672	22170	
2673	22026	
2674	21884	
2675	21825	
2676	21850	
2677	21891	
2678	21861	
2679	21738	
2680	21581	
2681	21488	
2682	21517	
2683	21645	
2684	21792	
2685	21889	
2686	21933	
2687	21977	
2688	22076	
2689	22232	
2690	22387	
2691	22468	
2692	22445	
2693	22351	
2694	22258	
2695	22219	
2696	22228	
2697	22226	
2698	22155	
2699	22002	
2700	21826	
2701	21718	
2702	21736	
2703	21862	
2704	22013	
2705	22111	
2706	22141	
2707	22167	
2708	22267	
2709	22458	
2710	22670	
2711	22794	
2712	22766	
2713	22625	
2714	22478	
2715	22418	
2716	22448	
2717	22484	
2718	22431	
2719	22268	
2720	22073	
2721	21962	
2722	22002	
2723	22160	
2724	22335	
2725	22438	
2726	22462	
2727	22476	
2728	22560	
2729	22738	
2730	22947	
2731	23092	
2732	23115	
2733	23035	
2734	22926	
2735	22857	
2736	22834	
2737	22815	
2738	22749	
2739	22628	
2740	22494	
2741	22403	
2742	22384	
2743	22424	
2744	22485	
2745	22548	
2746	22628	
2747	22756	
2748	22941	
2749	23156	
2750	23339	
2751	23441	
2752	23449	
2753	23392	
2754	23314	
2755	23243	
2756	23182	
2757	23112	
2758	23025	
2759	22928	
2760	22847	
2761	22807	
2762	22821	
2763	22883	
2764	22975	
2765	23077	
2766	23175	
2767	23268	
2768	23367	
2769	23484	
2770	23618	
2771	23749	
2772	23844	
2773	23880	
2774	23856	
2775	23796	
2776	23723	
2777	23650	
2778	23565	
2779	23458	
2780	23340	
2781	23247	
2782	23229	
2783	23311	
2784	23474	
2785	23660	
2786	23815	
2787	23923	
2788	24014	
2789	24135	
2790	24300	
2791	24469	
2792	24574	
2793	24568	
2794	24468	
2795	24342	
2796	24259	
2797	24232	
2798	24207	
2799	24116	
2800	23946	
2801	23768	
2802	23689	
2803	23775	
2804	23989	
2805	24227	
2806	24388	
2807	24460	
2808	24512	
2809	24629	
2810	24829	
2811	25041	
2812	25157	
2813	25117	
2814	24954	
2815	24761	
2816	24611	
2817	24507	
2818	24395	
2819	24225	
2820	24010	
2821	23825	
2822	23749	
2823	23804	
2824	23935	
2825	24057	
2826	24121	
2827	24148	
2828	24201	
2829	24326	
2830	24499	
2831	24640	
2832	24669	
2833	24568	
2834	24390	
2835	24215	
2836	24088	
2837	23987	
2838	23857	
2839	23662	
2840	23431	
2841	23244	
2842	23177	
2843	23249	
2844	23408	
2845	23570	
2846	23676	
2847	23726	
2848	23766	
2849	23841	
2850	23950	
2851	24049	
2852	24086	
2853	24047	
2854	23968	
2855	23902	
2856	23866	
2857	23828	
2858	23727	
2859	23535	
2860	23291	
2861	23083	
2862	22996	
2863	23052	
2864	23205	
2865	23375	
2866	23510	
2867	23610	
2868	23721	
2869	23874	
2870	24055	
2871	24204	
2872	24259	
2873	24202	
2874	24072	
2875	23931	
2876	23819	
2877	23726	
2878	23612	
2879	23449	
2880	23256	
2881	23090	
2882	23011	
2883	23044	
2884	23164	
2885	23315	
2886	23454	
2887	23569	
2888	23683	
2889	23821	
2890	23973	
2891	24101	
2892	24159	
2893	24131	
2894	24043	
2895	23937	
2896	23840	
2897	23742	
2898	23613	
2899	23438	
2900	23245	
2901	23093	
2902	23040	
2903	23106	
2904	23261	
2905	23446	
2906	23607	
2907	23730	
2908	23833	
2909	23944	
2910	24072	
2911	24192	
2912	24268	
2913	24273	
2914	24213	
2915	24115	
2916	24006	
2917	23896	
2918	23774	
2919	23630	
2920	23475	
2921	23344	
2922	23286	
2923	23333	
2924	23475	
2925	23662	
2926	23838	
2927	23974	
2928	24083	
2929	24203	
2930	24348	
2931	24491	
2932	24579	
2933	24574	
2934	24486	
2935	24363	
2936	24253	
2937	24167	
2938	24075	
2939	23940	
2940	23766	
2941	23602	
2942	23517	
2943	23552	
2944	23692	
2945	23882	
2946	24070	
2947	24244	
2948	24428	
2949	24646	
2950	24890	
2951	25110	
2952	25248	
2953	25276	
2954	25217	
2955	25123	
2956	25035	
2957	24958	
2958	24862	
2959	24723	
2960	24555	
2961	24415	
2962	24363	
2963	24429	
2964	24588	
2965	24782	
2966	24959	
2967	25101	
2968	25224	
2969	25351	
2970	25486	
2971	25604	
2972	25671	
2973	25660	
2974	25571	
2975	25424	
2976	25249	
2977	25062	
2978	24865	
2979	24651	
2980	24427	
2981	24223	
2982	24079	
2983	24023	
2984	24055	
2985	24148	
2986	24265	
2987	24383	
2988	24502	
2989	24629	
2990	24756	
2991	24852	
2992	24875	
2993	24799	
2994	24641	
2995	24448	
2996	24270	
2997	24126	
2998	23998	
2999	23858	
3000	23698	
3001	23547	
3002	23455	
3003	23461	
3004	23559	
3005	23703	
3006	23843	
3007	23953	
3008	24048	
3009	24158	
3010	24288	
3011	24405	
3012	24458	
3013	24413	
3014	24281	
3015	24109	
3016	23943	
3017	23799	
3018	23659	
3019	23500	
3020	23327	
3021	23180	
3022	23112	
3023	23145	
3024	23257	
3025	23390	
3026	23498	
3027	23575	
3028	23656	
3029	23775	
3030	23928	
3031	24060	
3032	24100	
3033	24016	
3034	23837	
3035	23637	
3036	23476	
3037	23367	
3038	23272	
3039	23148	
3040	22992	
3041	22853	
3042	22797	
3043	22856	
3044	23008	
3045	23197	
3046	23376	
3047	23532	
3048	23683	
3049	23839	
3050	23992	
3051	24116	
3052	24191	
3053	24220	
3054	24217	
3055	24194	
3056	24146	
3057	24062	
3058	23940	
3059	23803	
3060	23693	
3061	23647	
3062	23678	
3063	23767	
3064	23876	
3065	23979	
3066	24075	
3067	24189	
3068	24348	
3069	24548	
3070	24746	
3071	24874	
3072	24886	
3073	24788	
3074	24638	
3075	24509	
3076	24434	
3077	24386	
3078	24307	
3079	24164	
3080	23988	
3081	23854	
3082	23833	
3083	23934	
3084	24099	
3085	24247	
3086	24338	
3087	24393	
3088	24467	
3089	24595	
3090	24756	
3091	24886	
3092	24926	
3093	24870	
3094	24763	
3095	24665	
3096	24604	
3097	24566	
3098	24511	
3099	24412	
3100	24287	
3101	24181	
3102	24140	
3103	24182	
3104	24288	
3105	24421	
3106	24555	
3107	24688	
3108	24837	
3109	25010	
3110	25190	
3111	25332	
3112	25391	
3113	25349	
3114	25239	
3115	25123	
3116	25052	
3117	25034	
3118	25028	
3119	24983	
3120	24885	
3121	24768	
3122	24693	
3123	24702	
3124	24784	
3125	24891	
3126	24982	
3127	25054	
3128	25141	
3129	25273	
3130	25437	
3131	25581	
3132	25655	
3133	25650	
3134	25609	
3135	25583	
3136	25590	
3137	25599	
3138	25566	
3139	25480	
3140	25384	
3141	25345	
3142	25407	
3143	25553	
3144	25717	
3145	25830	
3146	25869	
3147	25862	
3148	25865	
3149	25916	
3150	26006	
3151	26092	
3152	26130	
3153	26100	
3154	26020	
3155	25929	
3156	25862	
3157	25834	
3158	25839	
3159	25855	
3160	25865	
3161	25868	
3162	25876	
3163	25904	
3164	25951	
3165	25999	
3166	26029	
3167	26034	
3168	26029	
3169	26035	
3170	26062	
3171	26099	
3172	26123	
3173	26116	
3174	26085	
3175	26052	
3176	26038	
3177	26046	
3178	26058	
3179	26055	
3180	26037	
3181	26025	
3182	26045	
3183	26107	
3184	26193	
3185	26278	
3186	26341	
3187	26386	
3188	26432	
3189	26491	
3190	26554	
3191	26594	
3192	26589	
3193	26541	
3194	26485	
3195	26457	
3196	26472	
3197	26503	
3198	26506	
3199	26454	
3200	26362	
3201	26281	
3202	26265	
3203	26332	
3204	26453	
3205	26572	
3206	26646	
3207	26668	
3208	26666	
3209	26678	
3210	26723	
3211	26791	
3212	26854	
3213	26889	
3214	26891	
3215	26876	
3216	26859	
3217	26846	
3218	26832	
3219	26810	
3220	26787	
3221	26773	
3222	26778	
3223	26804	
3224	26841	
3225	26885	
3226	26933	
3227	26984	
3228	27030	
3229	27060	
3230	27065	
3231	27051	
3232	27037	
3233	27040	
3234	27059	
3235	27077	
3236	27071	
3237	27031	
3238	26971	
3239	26916	
3240	26887	
3241	26884	
3242	26896	
3243	26910	
3244	26930	
3245	26962	
3246	27011	
3247	27067	
3248	27114	
3249	27141	
3250	27149	
3251	27149	
3252	27152	
3253	27162	
3254	27174	
3255	27180	
3256	27174	
3257	27157	
3258	27132	
3259	27107	
3260	27083	
3261	27062	
3262	27042	
3263	27025	
3264	27019	
3265	27031	
3266	27059	
3267	27095	
3268	27124	
3269	27140	
3270	27147	
3271	27155	
3272	27167	
3273	27176	
3274	27167	
3275	27134	
3276	27087	
3277	27052	
3278	27048	
3279	27074	
3280	27106	
3281	27120	
3282	27114	
3283	27111	
3284	27137	
3285	27198	
3286	27264	
3287	27293	
3288	27265	
3289	27204	
3290	27162	
3291	27178	
3292	27245	
3293	27313	
3294	27333	
3295	27288	
3296	27209	
3297	27149	
3298	27136	
3299	27160	
3300	27187	
3301	27185	
3302	27157	
3303	27127	
3304	27126	
3305	27161	
3306	27216	
3307	27263	
3308	27285	
3309	27287	
3310	27280	
3311	27271	
3312	27252	
3313	27208	
3314	27136	
3315	27059	
3316	27014	
3317	27032	
3318	27111	
3319	27211	
3320	27279	
3321	27290	
3322	27261	
3323	27242	
3324	27278	
3325	27375	
3326	27493	
3327	27577	
3328	27597	
3329	27568	
3330	27536	
3331	27541	
3332	27586	
3333	27642	
3334	27671	
3335	27659	
3336	27622	
3337	27587	
3338	27569	
3339	27563	
3340	27554	
3341	27537	
3342	27523	
3343	27526	
3344	27556	
3345	27598	
3346	27634	
3347	27648	
3348	27647	
3349	27646	
3350	27658	
3351	27682	
3352	27699	
3353	27698	
3354	27679	
3355	27659	
3356	27652	
3357	27651	
3358	27633	
3359	27579	
3360	27489	
3361	27394	
3362	27330	
3363	27315	
3364	27336	
3365	27356	
3366	27350	
3367	27323	
3368	27316	
3369	27376	
3370	27529	
3371	27762	
3372	28032	
3373	28289	
3374	28508	
3375	28691	
3376	28859	
3377	29031	
3378	29211	
3379	29397	
3380	29586	
3381	29787	
3382	30015	
3383	30279	
3384	30575	
3385	30894	
3386	31231	
3387	31595	
3388	31996	
3389	32428	
3390	32850	
3391	33201	
3392	33423	
3393	33499	
3394	33460	
3395	33371	
3396	33283	
3397	33203	
3398	33094	
3399	32907	
3400	32632	
3401	32309	
3402	32009	
3403	31785	
3404	31627	
3405	31471	
3406	31230	
3407	30855	
3408	30362	
3409	29819	
3410	29312	
3411	28898	
3412	28589	
3413	28365	
3414	28199	
3415	28071	
3416	27972	
3417	27887	
3418	27798	
3419	27691	
3420	27572	
3421	27473	
3422	27430	
3423	27465	
3424	27562	
3425	27674	
3426	27749	
3427	27766	
3428	27743	
3429	27725	
3430	27752	
3431	27831	
3432	27936	
3433	28021	
3434	28057	
3435	28040	
3436	28000	
3437	27973	
3438	27979	
3439	28013	
3440	28055	
3441	28089	
3442	28115	
3443	28147	
3444	28195	
3445	28258	
3446	28317	
3447	28355	
3448	28365	
3449	28358	
3450	28355	
3451	28373	
3452	28414	
3453	28466	
3454	28510	
3455	28528	
3456	28513	
3457	28475	
3458	28430	
3459	28397	
3460	28387	
3461	28397	
3462	28417	
3463	28441	
3464	28466	
3465	28493	
3466	28520	
3467	28546	
3468	28568	
3469	28592	
3470	28621	
3471	28651	
3472	28669	
3473	28658	
3474	28612	
3475	28549	
3476	28499	
3477	28486	
3478	28507	
3479	28532	
3480	28528	
3481	28488	
3482	28437	
3483	28417	
3484	28450	
3485	28523	
3486	28597	
3487	28640	
3488	28648	
3489	28647	
3490	28666	
3491	28712	
3492	28763	
3493	28783	
3494	28753	
3495	28689	
3496	28624	
3497	28589	
3498	28589	
3499	28600	
3500	28599	
3501	28579	
3502	28556	
3503	28558	
3504	28595	
3505	28656	
3506	28712	
3507	28740	
3508	28740	
3509	28732	
3510	28738	
3511	28761	
3512	28784	
3513	28779	
3514	28735	
3515	28664	
3516	28597	
3517	28560	
3518	28555	
3519	28562	
3520	28556	
3521	28528	
3522	28494	
3523	28483	
3524	28514	
3525	28583	
3526	28664	
3527	28729	
3528	28768	
3529	28793	
3530	28815	
3531	28835	
3532	28837	
3533	28807	
3534	28752	
3535	28697	
3536	28671	
3537	28681	
3538	28705	
3539	28710	
3540	28676	
3541	28617	
3542	28566	
3543	28556	
3544	28594	
3545	28659	
3546	28720	
3547	28759	
3548	28779	
3549	28797	
3550	28825	
3551	28855	
3552	28870	
3553	28853	
3554	28804	
3555	28745	
3556	28699	
3557	28678	
3558	28670	
3559	28651	
3560	28603	
3561	28534	
3562	28472	
3563	28450	
3564	28480	
3565	28540	
3566	28596	
3567	28620	
3568	28618	
3569	28619	
3570	28647	
3571	28702	
3572	28753	
3573	28766	
3574	28728	
3575	28657	
3576	28584	
3577	28527	
3578	28484	
3579	28438	
3580	28388	
3581	28353	
3582	28359	
3583	28419	
3584	28512	
3585	28595	
3586	28631	
3587	28616	
3588	28580	
3589	28568	
3590	28602	
3591	28671	
3592	28734	
3593	28752	
3594	28709	
3595	28625	
3596	28541	
3597	28493	
3598	28487	
3599	28500	
3600	28502	
3601	28481	
3602	28449	
3603	28436	
3604	28457	
3605	28504	
3606	28548	
3607	28570	
3608	28573	
3609	28580	
3610	28607	
3611	28649	
3612	28678	
3613	28670	
3614	28625	
3615	28572	
3616	28545	
3617	28556	
3618	28585	
3619	28601	
3620	28591	
3621	28572	
3622	28580	
3623	28636	
3624	28727	
3625	28817	
3626	28872	
3627	28893	
3628	28912	
3629	28964	
3630	29056	
3631	29157	
3632	29225	
3633	29238	
3634	29217	
3635	29207	
3636	29236	
3637	29295	
3638	29342	
3639	29339	
3640	29289	
3641	29237	
3642	29237	
3643	29312	
3644	29436	
3645	29554	
3646	29628	
3647	29662	
3648	29696	
3649	29772	
3650	29899	
3651	30044	
3652	30162	
3653	30230	
3654	30263	
3655	30300	
3656	30369	
3657	30467	
3658	30564	
3659	30623	
3660	30636	
3661	30624	
3662	30624	
3663	30664	
3664	30745	
3665	30846	
3666	30940	
3667	31015	
3668	31078	
3669	31142	
3670	31212	
3671	31284	
3672	31346	
3673	31389	
3674	31415	
3675	31435	
3676	31454	
3677	31472	
3678	31480	
3679	31473	
3680	31458	
3681	31451	
3682	31469	
3683	31516	
3684	31579	
3685	31638	
3686	31677	
3687	31699	
3688	31723	
3689	31768	
3690	31841	
3691	31928	
3692	32001	
3693	32034	
3694	32017	
3695	31958	
3696	31878	
3697	31794	
3698	31717	
3699	31647	
3700	31585	
3701	31534	
3702	31498	
3703	31482	
3704	31480	
3705	31487	
3706	31496	
3707	31507	
3708	31524	
3709	31548	
3710	31573	
3711	31587	
3712	31581	
3713	31553	
3714	31510	
3715	31461	
3716	31407	
3717	31344	
3718	31262	
3719	31165	
3720	31068	
3721	30996	
3722	30967	
3723	30983	
3724	31023	
3725	31060	
3726	31077	
3727	31078	
3728	31083	
3729	31108	
3730	31155	
3731	31203	
3732	31228	
3733	31216	
3734	31177	
3735	31133	
3736	31097	
3737	31070	
3738	31036	
3739	30980	
3740	30911	
3741	30855	
3742	30842	
3743	30882	
3744	30957	
3745	31030	
3746	31074	
3747	31086	
3748	31091	
3749	31120	
3750	31183	
3751	31262	
3752	31319	
3753	31325	
3754	31275	
3755	31191	
3756	31104	
3757	31033	
3758	30972	
3759	30908	
3760	30837	
3761	30772	
3762	30736	
3763	30743	
3764	30787	
3765	30847	
3766	30903	
3767	30952	
3768	31003	
3769	31069	
3770	31145	
3771	31209	
3772	31236	
3773	31214	
3774	31156	
3775	31088	
3776	31031	
3777	30989	
3778	30945	
3779	30885	
3780	30808	
3781	30734	
3782	30692	
3783	30697	
3784	30741	
3785	30798	
3786	30843	
3787	30871	
3788	30897	
3789	30945	
3790	31021	
3791	31105	
3792	31162	
3793	31164	
3794	31111	
3795	31030	
3796	30953	
3797	30898	
3798	30856	
3799	30803	
3800	30729	
3801	30649	
3802	30600	
3803	30612	
3804	30688	
3805	30796	
3806	30891	
3807	30946	
3808	30964	
3809	30972	
3810	30997	
3811	31043	
3812	31089	
3813	31108	
3814	31090	
3815	31044	
3816	30996	
3817	30961	
3818	30935	
3819	30902	
3820	30848	
3821	30784	
3822	30736	
3823	30732	
3824	30778	
3825	30854	
3826	30932	
3827	30993	
3828	31044	
3829	31107	
3830	31193	
3831	31287	
3832	31355	
3833	31367	
3834	31319	
3835	31237	
3836	31153	
3837	31088	
3838	31041	
3839	30996	
3840	30949	
3841	30909	
3842	30899	
3843	30928	
3844	30985	
3845	31043	
3846	31082	
3847	31104	
3848	31128	
3849	31179	
3850	31260	
3851	31349	
3852	31415	
3853	31435	
3854	31414	
3855	31372	
3856	31328	
3857	31287	
3858	31236	
3859	31165	
3860	31081	
3861	31009	
3862	30976	
3863	30994	
3864	31049	
3865	31113	
3866	31166	
3867	31207	
3868	31255	
3869	31326	
3870	31412	
3871	31487	
3872	31518	
3873	31497	
3874	31446	
3875	31405	
3876	31397	
3877	31415	
3878	31421	
3879	31379	
3880	31287	
3881	31181	
3882	31113	
3883	31113	
3884	31172	
3885	31248	
3886	31306	
3887	31337	
3888	31369	
3889	31432	
3890	31532	
3891	31635	
3892	31694	
3893	31678	
3894	31603	
3895	31513	
3896	31451	
3897	31426	
3898	31407	
3899	31356	
3900	31260	
3901	31149	
3902	31074	
3903	31069	
3904	31129	
3905	31210	
3906	31272	
3907	31300	
3908	31318	
3909	31358	
3910	31430	
3911	31510	
3912	31555	
3913	31542	
3914	31484	
3915	31423	
3916	31396	
3917	31402	
3918	31403	
3919	31356	
3920	31247	
3921	31112	
3922	31015	
3923	31003	
3924	31077	
3925	31190	
3926	31281	
3927	31318	
3928	31316	
3929	31315	
3930	31347	
3931	31410	
3932	31466	
3933	31477	
3934	31433	
3935	31362	
3936	31300	
3937	31267	
3938	31246	
3939	31202	
3940	31118	
3941	31014	
3942	30935	
3943	30920	
3944	30970	
3945	31045	
3946	31097	
3947	31108	
3948	31104	
3949	31133	
3950	31219	
3951	31343	
3952	31445	
3953	31473	
3954	31416	
3955	31319	
3956	31241	
3957	31220	
3958	31239	
3959	31249	
3960	31208	
3961	31114	
3962	31013	
3963	30961	
3964	30983	
3965	31060	
3966	31146	
3967	31206	
3968	31239	
3969	31274	
3970	31334	
3971	31412	
3972	31475	
3973	31488	
3974	31446	
3975	31381	
3976	31332	
3977	31315	
3978	31309	
3979	31269	
3980	31171	
3981	31037	
3982	30922	
3983	30885	
3984	30942	
3985	31063	
3986	31191	
3987	31281	
3988	31328	
3989	31353	
3990	31382	
3991	31413	
3992	31425	
3993	31395	
3994	31321	
3995	31232	
3996	31162	
3997	31124	
3998	31104	
3999	31072	
4000	31012	
4001	30937	
4002	30883	
4003	30882	
4004	30934	
4005	31014	
4006	31088	
4007	31148	
4008	31211	
4009	31300	
4010	31416	
4011	31526	
4012	31583	
4013	31559	
4014	31475	
4015	31383	
4016	31332	
4017	31331	
4018	31348	
4019	31334	
4020	31273	
4021	31192	
4022	31141	
4023	31153	
4024	31216	
4025	31283	
4026	31317	
4027	31316	
4028	31320	
4029	31373	
4030	31483	
4031	31608	
4032	31689	
4033	31685	
4034	31611	
4035	31517	
4036	31455	
4037	31439	
4038	31437	
4039	31405	
4040	31323	
4041	31219	
4042	31146	
4043	31147	
4044	31223	
4045	31331	
4046	31422	
4047	31472	
4048	31498	
4049	31537	
4050	31614	
4051	31715	
4052	31803	
4053	31839	
4054	31816	
4055	31758	
4056	31701	
4057	31664	
4058	31639	
4059	31604	
4060	31545	
4061	31473	
4062	31420	
4063	31411	
4064	31450	
4065	31518	
4066	31588	
4067	31650	
4068	31714	
4069	31796	
4070	31896	
4071	31991	
4072	32042	
4073	32024	
4074	31944	
4075	31840	
4076	31752	
4077	31699	
4078	31670	
4079	31636	
4080	31582	
4081	31520	
4082	31484	
4083	31500	
4084	31563	
4085	31642	
4086	31699	
4087	31724	
4088	31738	
4089	31781	
4090	31870	
4091	31987	
4092	32084	
4093	32117	
4094	32081	
4095	32012	
4096	31956	
4097	31935	
4098	31934	
4099	31914	
4100	31851	
4101	31762	
4102	31690	
4103	31679	
4104	31733	
4105	31821	
4106	31895	
4107	31933	
4108	31946	
4109	31967	
4110	32016	
4111	32082	
4112	32129	
4113	32128	
4114	32076	
4115	32001	
4116	31938	
4117	31899	
4118	31867	
4119	31817	
4120	31740	
4121	31655	
4122	31598	
4123	31591	
4124	31627	
4125	31674	
4126	31701	
4127	31707	
4128	31720	
4129	31769	
4130	31858	
4131	31954	
4132	32006	
4133	31980	
4134	31889	
4135	31782	
4136	31711	
4137	31695	
4138	31708	
4139	31703	
4140	31651	
4141	31566	
4142	31495	
4143	31485	
4144	31549	
4145	31652	
4146	31743	
4147	31789	
4148	31800	
4149	31815	
4150	31868	
4151	31955	
4152	32038	
4153	32067	
4154	32021	
4155	31925	
4156	31828	
4157	31774	
4158	31769	
4159	31783	
4160	31777	
4161	31733	
4162	31666	
4163	31611	
4164	31598	
4165	31631	
4166	31689	
4167	31749	
4168	31800	
4169	31850	
4170	31906	
4171	31964	
4172	32006	
4173	32012	
4174	31979	
4175	31926	
4176	31881	
4177	31858	
4178	31848	
4179	31831	
4180	31795	
4181	31752	
4182	31727	
4183	31746	
4184	31807	
4185	31887	
4186	31956	
4187	32000	
4188	32030	
4189	32068	
4190	32124	
4191	32185	
4192	32221	
4193	32209	
4194	32153	
4195	32082	
4196	32028	
4197	32003	
4198	31989	
4199	31956	
4200	31886	
4201	31797	
4202	31725	
4203	31710	
4204	31758	
4205	31846	
4206	31934	
4207	31994	
4208	32027	
4209	32052	
4210	32085	
4211	32124	
4212	32151	
4213	32146	
4214	32104	
4215	32045	
4216	31991	
4217	31953	
4218	31922	
4219	31880	
4220	31821	
4221	31756	
4222	31715	
4223	31722	
4224	31776	
4225	31855	
4226	31926	
4227	31972	
4228	31995	
4229	32015	
4230	32043	
4231	32071	
4232	32075	
4233	32032	
4234	31942	
4235	31830	
4236	31733	
4237	31672	
4238	31644	
4239	31634	
4240	31636	
4241	31673	
4242	31783	
4243	31993	
4244	32293	
4245	32628	
4246	32929	
4247	33157	
4248	33323	
4249	33477	
4250	33672	
4251	33919	
4252	34187	
4253	34427	
4254	34611	
4255	34762	
4256	34937	
4257	35196	
4258	35563	
4259	36009	
4260	36474	
4261	36893	
4262	37232	
4263	37484	
4264	37665	
4265	37789	
4266	37860	
4267	37873	
4268	37819	
4269	37694	
4270	37501	
4271	37250	
4272	36957	
4273	36643	
4274	36320	
4275	35987	
4276	35618	
4277	35180	
4278	34647	
4279	34032	
4280	33389	
4281	32800	
4282	32342	
4283	32052	
4284	31914	
4285	31867	
4286	31840	
4287	31784	
4288	31690	
4289	31588	
4290	31515	
4291	31495	
4292	31518	
4293	31554	
4294	31573	
4295	31560	
4296	31521	
4297	31470	
4298	31413	
4299	31350	
4300	31282	
4301	31227	
4302	31211	
4303	31256	
4304	31364	
4305	31507	
4306	31649	
4307	31762	
4308	31848	
4309	31929	
4310	32023	
4311	32130	
4312	32224	
4313	32279	
4314	32281	
4315	32247	
4316	32203	
4317	32170	
4318	32151	
4319	32135	
4320	32115	
4321	32101	
4322	32114	
4323	32165	
4324	32245	
4325	32323	
4326	32374	
4327	32390	
4328	32394	
4329	32413	
4330	32457	
4331	32509	
4332	32531	
4333	32501	
4334	32424	
4335	32337	
4336	32275	
4337	32251	
4338	32246	
4339	32230	
4340	32186	
4341	32125	
4342	32078	
4343	32072	
4344	32106	
4345	32162	
4346	32216	
4347	32263	
4348	32317	
4349	32395	
4350	32493	
4351	32585	
4352	32632	
4353	32613	
4354	32542	
4355	32458	
4356	32399	
4357	32374	
4358	32363	
4359	32333	
4360	32272	
4361	32200	
4362	32160	
4363	32180	
4364	32257	
4365	32354	
4366	32429	
4367	32464	
4368	32474	
4369	32489	
4370	32529	
4371	32580	
4372	32609	
4373	32588	
4374	32520	
4375	32438	
4376	32379	
4377	32361	
4378	32368	
4379	32369	
4380	32344	
4381	32300	
4382	32264	
4383	32265	
4384	32305	
4385	32360	
4386	32404	
4387	32422	
4388	32426	
4389	32438	
4390	32469	
4391	32509	
4392	32532	
4393	32517	
4394	32467	
4395	32405	
4396	32357	
4397	32332	
4398	32310	
4399	32268	
4400	32195	
4401	32112	
4402	32055	
4403	32056	
4404	32117	
4405	32209	
4406	32291	
4407	32339	
4408	32359	
4409	32375	
4410	32408	
4411	32452	
4412	32485	
4413	32480	
4414	32431	
4415	32359	
4416	32293	
4417	32251	
4418	32232	
4419	32216	
4420	32191	
4421	32164	
4422	32152	
4423	32172	
4424	32220	
4425	32271	
4426	32299	
4427	32298	
4428	32288	
4429	32301	
4430	32354	
4431	32434	
4432	32503	
4433	32526	
4434	32493	
4435	32428	
4436	32367	
4437	32331	
4438	32310	
4439	32277	
4440	32209	
4441	32113	
4442	32020	
4443	31969	
4444	31977	
4445	32027	
4446	32086	
4447	32129	
4448	32156	
4449	32189	
4450	32247	
4451	32324	
4452	32391	
4453	32413	
4454	32376	
4455	32295	
4456	32208	
4457	32143	
4458	32101	
4459	32061	
4460	31998	
4461	31912	
4462	31828	
4463	31781	
4464	31793	
4465	31858	
4466	31949	
4467	32038	
4468	32112	
4469	32171	
4470	32221	
4471	32258	
4472	32267	
4473	32238	
4474	32172	
4475	32089	
4476	32010	
4477	31951	
4478	31909	
4479	31870	
4480	31830	
4481	31794	
4482	31781	
4483	31807	
4484	31873	
4485	31960	
4486	32045	
4487	32114	
4488	32172	
4489	32230	
4490	32296	
4491	32360	
4492	32399	
4493	32394	
4494	32345	
4495	32274	
4496	32210	
4497	32169	
4498	32145	
4499	32115	
4500	32065	
4501	32003	
4502	31956	
4503	31951	
4504	31992	
4505	32061	
4506	32130	
4507	32185	
4508	32233	
4509	32292	
4510	32373	
4511	32461	
4512	32521	
4513	32527	
4514	32479	
4515	32408	
4516	32354	
4517	32337	
4518	32343	
4519	32340	
4520	32304	
4521	32242	
4522	32190	
4523	32186	
4524	32241	
4525	32336	
4526	32434	
4527	32512	
4528	32572	
4529	32637	
4530	32724	
4531	32827	
4532	32919	
4533	32971	
4534	32972	
4535	32941	
4536	32909	
4537	32894	
4538	32892	
4539	32881	
4540	32845	
4541	32791	
4542	32747	
4543	32744	
4544	32796	
4545	32894	
4546	33011	
4547	33131	
4548	33251	
4549	33382	
4550	33523	
4551	33655	
4552	33743	
4553	33760	
4554	33707	
4555	33616	
4556	33533	
4557	33488	
4558	33479	
4559	33480	
4560	33465	
4561	33426	
4562	33382	
4563	33356	
4564	33362	
4565	33393	
4566	33429	
4567	33458	
4568	33484	
4569	33523	
4570	33582	
4571	33646	
4572	33685	
4573	33668	
4574	33580	
4575	33432	
4576	33247	
4577	33047	
4578	32844	
4579	32647	
4580	32474	
4581	32352	
4582	32313	
4583	32367	
4584	32493	
4585	32645	
4586	32773	
4587	32849	
4588	32875	
4589	32875	
4590	32878	
4591	32892	
4592	32911	
4593	32922	
4594	32920	
4595	32911	
4596	32901	
4597	32885	
4598	32849	
4599	32782	
4600	32694	
4601	32619	
4602	32604	
4603	32673	
4604	32813	
4605	32981	
4606	33128	
4607	33234	
4608	33315	
4609	33408	
4610	33542	
4611	33710	
4612	33875	
4613	33995	
4614	34053	
4615	34061	
4616	34046	
4617	34030	
4618	34009	
4619	33964	
4620	33874	
4621	33739	
4622	33571	
4623	33386	
4624	33187	
4625	32965	
4626	32716	
4627	32456	
4628	32224	
4629	32063	
4630	31990	
4631	31985	
4632	31996	
4633	31968	
4634	31866	
4635	31694	
4636	31479	
4637	31256	
4638	31054	
4639	30885	
4640	30757	
4641	30674	
4642	30637	
4643	30638	
4644	30663	
4645	30699	
4646	30743	
4647	30809	
4648	30915	
4649	31071	
4650	31260	
4651	31443	
4652	31578	
4653	31648	
4654	31664	
4655	31660	
4656	31662	
4657	31671	
4658	31665	
4659	31617	
4660	31523	
4661	31408	
4662	31315	
4663	31280	
4664	31309	
4665	31386	
4666	31484	
4667	31591	
4668	31709	
4669	31839	
4670	31967	
4671	32060	
4672	32085	
4673	32037	
4674	31951	
4675	31878	
4676	31860	
4677	31895	
4678	31945	
4679	31964	
4680	31931	
4681	31867	
4682	31819	
4683	31819	
4684	31868	
4685	31938	
4686	32003	
4687	32061	
4688	32139	
4689	32267	
4690	32440	
4691	32616	
4692	32737	
4693	32768	
4694	32722	
4695	32650	
4696	32602	
4697	32593	
4698	32594	
4699	32565	
4700	32492	
4701	32402	
4702	32347	
4703	32365	
4704	32451	
4705	32567	
4706	32666	
4707	32733	
4708	32785	
4709	32855	
4710	32960	
4711	33077	
4712	33166	
4713	33191	
4714	33149	
4715	33067	
4716	32980	
4717	32909	
4718	32851	
4719	32793	
4720	32731	
4721	32680	
4722	32663	
4723	32690	
4724	32747	
4725	32810	
4726	32868	
4727	32932	
4728	33034	
4729	33193	
4730	33389	
4731	33569	
4732	33670	
4733	33661	
4734	33561	
4735	33428	
4736	33318	
4737	33249	
4738	33202	
4739	33142	
4740	33053	
4741	32957	
4742	32895	
4743	32896	
4744	32955	
4745	33037	
4746	33107	
4747	33159	
4748	33214	
4749	33299	
4750	33417	
4751	33535	
4752	33609	
4753	33613	
4754	33559	
4755	33490	
4756	33441	
4757	33417	
4758	33385	
4759	33306	
4760	33174	
4761	33028	
4762	32930	
4763	32925	
4764	33009	
4765	33134	
4766	33245	
4767	33314	
4768	33362	
4769	33428	
4770	33532	
4771	33656	
4772	33748	
4773	33767	
4774	33706	
4775	33606	
4776	33517	
4777	33466	
4778	33439	
4779	33397	
4780	33314	
4781	33202	
4782	33104	
4783	33061	
4784	33087	
4785	33157	
4786	33235	
4787	33302	
4788	33369	
4789	33461	
4790	33587	
4791	33722	
4792	33821	
4793	33849	
4794	33808	
4795	33739	
4796	33685	
4797	33658	
4798	33628	
4799	33548	
4800	33399	
4801	33212	
4802	33060	
4803	33007	
4804	33073	
4805	33212	
4806	33351	
4807	33438	
4808	33472	
4809	33499	
4810	33565	
4811	33678	
4812	33798	
4813	33866	
4814	33844	
4815	33740	
4816	33601	
4817	33471	
4818	33371	
4819	33289	
4820	33208	
4821	33131	
4822	33081	
4823	33088	
4824	33157	
4825	33259	
4826	33352	
4827	33408	
4828	33432	
4829	33457	
4830	33511	
4831	33587	
4832	33648	
4833	33646	
4834	33560	
4835	33407	
4836	33235	
4837	33085	
4838	32972	
4839	32883	
4840	32801	
4841	32728	
4842	32685	
4843	32698	
4844	32770	
4845	32871	
4846	32962	
4847	33018	
4848	33045	
4849	33075	
4850	33137	
4851	33224	
4852	33300	
4853	33321	
4854	33273	
4855	33180	
4856	33094	
4857	33053	
4858	33057	
4859	33072	
4860	33059	
4861	33007	
4862	32944	
4863	32915	
4864	32950	
4865	33039	
4866	33143	
4867	33226	
4868	33279	
4869	33320	
4870	33374	
4871	33444	
4872	33507	
4873	33530	
4874	33500	
4875	33434	
4876	33369	
4877	33330	
4878	33310	
4879	33283	
4880	33224	
4881	33142	
4882	33076	
4883	33074	
4884	33155	
4885	33292	
4886	33429	
4887	33518	
4888	33548	
4889	33544	
4890	33548	
4891	33582	
4892	33631	
4893	33662	
4894	33648	
4895	33587	
4896	33503	
4897	33422	
4898	33353	
4899	33289	
4900	33217	
4901	33144	
4902	33092	
4903	33090	
4904	33144	
4905	33234	
4906	33325	
4907	33388	
4908	33420	
4909	33441	
4910	33476	
4911	33528	
4912	33576	
4913	33589	
4914	33548	
4915	33461	
4916	33359	
4917	33274	
4918	33219	
4919	33182	
4920	33141	
4921	33085	
4922	33023	
4923	32975	
4924	32963	
4925	32991	
4926	33049	
4927	33123	
4928	33204	
4929	33287	
4930	33368	
4931	33432	
4932	33461	
4933	33445	
4934	33390	
4935	33320	
4936	33258	
4937	33214	
4938	33183	
4939	33149	
4940	33103	
4941	33052	
4942	33017	
4943	33013	
4944	33045	
4945	33104	
4946	33176	
4947	33255	
4948	33340	
4949	33430	
4950	33511	
4951	33562	
4952	33560	
4953	33507	
4954	33425	
4955	33352	
4956	33313	
4957	33306	
4958	33303	
4959	33270	
4960	33196	
4961	33102	
4962	33026	
4963	32997	
4964	33018	
4965	33066	
4966	33115	
4967	33157	
4968	33207	
4969	33283	
4970	33384	
4971	33486	
4972	33550	
4973	33551	
4974	33495	
4975	33416	
4976	33346	
4977	33298	
4978	33258	
4979	33203	
4980	33127	
4981	33052	
4982	33014	
4983	33036	
4984	33108	
4985	33195	
4986	33257	
4987	33283	
4988	33292	
4989	33318	
4990	33379	
4991	33459	
4992	33517	
4993	33516	
4994	33447	
4995	33336	
4996	33220	
4997	33122	
4998	33038	
4999	32948	
5000	32840	
5001	32730	
5002	32657	
5003	32651	
5004	32718	
5005	32826	
5006	32929	
5007	32995	
5008	33022	
5009	33035	
5010	33061	
5011	33104	
5012	33147	
5013	33165	
5014	33147	
5015	33103	
5016	33056	
5017	33020	
5018	32992	
5019	32956	
5020	32902	
5021	32843	
5022	32806	
5023	32816	
5024	32877	
5025	32963	
5026	33040	
5027	33091	
5028	33122	
5029	33163	
5030	33233	
5031	33330	
5032	33420	
5033	33467	
5034	33449	
5035	33377	
5036	33279	
5037	33184	
5038	33102	
5039	33027	
5040	32950	
5041	32881	
5042	32839	
5043	32843	
5044	32895	
5045	32976	
5046	33057	
5047	33124	
5048	33185	
5049	33260	
5050	33364	
5051	33484	
5052	33590	
5053	33648	
5054	33645	
5055	33594	
5056	33520	
5057	33440	
5058	33353	
5059	33249	
5060	33125	
5061	33004	
5062	32920	
5063	32902	
5064	32950	
5065	33036	
5066	33123	
5067	33189	
5068	33243	
5069	33308	
5070	33400	
5071	33506	
5072	33592	
5073	33624	
5074	33595	
5075	33526	
5076	33448	
5077	33380	
5078	33312	
5079	33222	
5080	33099	
5081	32965	
5082	32864	
5083	32839	
5084	32897	
5085	33011	
5086	33135	
5087	33239	
5088	33324	
5089	33411	
5090	33514	
5091	33618	
5092	33686	
5093	33682	
5094	33601	
5095	33475	
5096	33351	
5097	33257	
5098	33190	
5099	33127	
5100	33060	
5101	33017	
5102	33053	
5103	33212	
5104	33493	
5105	33844	
5106	34189	
5107	34478	
5108	34716	
5109	34951	
5110	35236	
5111	35581	
5112	35944	
5113	36261	
5114	36487	
5115	36630	
5116	36745	
5117	36895	
5118	37116	
5119	37401	
5120	37712	
5121	38013	
5122	38283	
5123	38521	
5124	38722	
5125	38874	
5126	38956	
5127	38956	
5128	38880	
5129	38746	
5130	38573	
5131	38366	
5132	38124	
5133	37849	
5134	37558	
5135	37266	
5136	36970	
5137	36634	
5138	36204	
5139	35641	
5140	34962	
5141	34251	
5142	33629	
5143	33197	
5144	32986	
5145	32951	
5146	32998	
5147	33046	
5148	33061	
5149	33053	
5150	33045	
5151	33045	
5152	33036	
5153	33000	
5154	32938	
5155	32873	
5156	32829	
5157	32806	
5158	32778	
5159	32706	
5160	32578	
5161	32423	
5162	32298	
5163	32257	
5164	32321	
5165	32463	
5166	32634	
5167	32788	
5168	32907	
5169	33001	
5170	33086	
5171	33169	
5172	33240	
5173	33284	
5174	33298	
5175	33292	
5176	33281	
5177	33266	
5178	33229	
5179	33152	
5180	33033	
5181	32903	
5182	32812	
5183	32796	
5184	32857	
5185	32957	
5186	33046	
5187	33097	
5188	33123	
5189	33162	
5190	33236	
5191	33332	
5192	33405	
5193	33409	
5194	33340	
5195	33237	
5196	33158	
5197	33134	
5198	33146	
5199	33143	
5200	33082	
5201	32969	
5202	32854	
5203	32799	
5204	32829	
5205	32913	
5206	32995	
5207	33037	
5208	33048	
5209	33076	
5210	33166	
5211	33313	
5212	33465	
5213	33558	
5214	33557	
5215	33485	
5216	33400	
5217	33339	
5218	33300	
5219	33240	
5220	33125	
5221	32966	
5222	32821	
5223	32758	
5224	32806	
5225	32933	
5226	33073	
5227	33178	
5228	33250	
5229	33331	
5230	33458	
5231	33621	
5232	33764	
5233	33821	
5234	33774	
5235	33666	
5236	33571	
5237	33538	
5238	33553	
5239	33554	
5240	33483	
5241	33337	
5242	33175	
5243	33079	
5244	33091	
5245	33189	
5246	33302	
5247	33375	
5248	33402	
5249	33429	
5250	33509	
5251	33650	
5252	33800	
5253	33887	
5254	33867	
5255	33760	
5256	33629	
5257	33535	
5258	33487	
5259	33451	
5260	33382	
5261	33273	
5262	33168	
5263	33125	
5264	33170	
5265	33274	
5266	33371	
5267	33416	
5268	33417	
5269	33429	
5270	33505	
5271	33643	
5272	33783	
5273	33847	
5274	33795	
5275	33659	
5276	33517	
5277	33436	
5278	33420	
5279	33417	
5280	33360	
5281	33231	
5282	33080	
5283	32985	
5284	33000	
5285	33112	
5286	33249	
5287	33341	
5288	33365	
5289	33358	
5290	33379	
5291	33459	
5292	33569	
5293	33645	
5294	33638	
5295	33550	
5296	33433	
5297	33346	
5298	33312	
5299	33304	
5300	33276	
5301	33207	
5302	33119	
5303	33065	
5304	33081	
5305	33159	
5306	33254	
5307	33322	
5308	33357	
5309	33390	
5310	33463	
5311	33578	
5312	33694	
5313	33751	
5314	33716	
5315	33614	
5316	33509	
5317	33457	
5318	33464	
5319	33486	
5320	33465	
5321	33386	
5322	33287	
5323	33237	
5324	33275	
5325	33384	
5326	33499	
5327	33562	
5328	33560	
5329	33539	
5330	33555	
5331	33632	
5332	33733	
5333	33791	
5334	33763	
5335	33661	
5336	33547	
5337	33485	
5338	33487	
5339	33514	
5340	33500	
5341	33415	
5342	33284	
5343	33173	
5344	33137	
5345	33181	
5346	33264	
5347	33335	
5348	33377	
5349	33412	
5350	33480	
5351	33589	
5352	33706	
5353	33772	
5354	33747	
5355	33646	
5356	33523	
5357	33429	
5358	33380	
5359	33343	
5360	33274	
5361	33162	
5362	33044	
5363	32984	
5364	33022	
5365	33146	
5366	33296	
5367	33410	
5368	33467	
5369	33501	
5370	33568	
5371	33700	
5372	33874	
5373	34029	
5374	34110	
5375	34106	
5376	34056	
5377	34011	
5378	33999	
5379	34008	
5380	34006	
5381	33980	
5382	33950	
5383	33959	
5384	34037	
5385	34172	
5386	34323	
5387	34449	
5388	34541	
5389	34632	
5390	34762	
5391	34943	
5392	35142	
5393	35301	
5394	35380	
5395	35384	
5396	35354	
5397	35337	
5398	35347	
5399	35363	
5400	35348	
5401	35291	
5402	35218	
5403	35174	
5404	35188	
5405	35252	
5406	35321	
5407	35356	
5408	35357	
5409	35363	
5410	35421	
5411	35548	
5412	35712	
5413	35847	
5414	35898	
5415	35855	
5416	35752	
5417	35637	
5418	35533	
5419	35435	
5420	35325	
5421	35207	
5422	35112	
5423	35084	
5424	35136	
5425	35239	
5426	35335	
5427	35382	
5428	35380	
5429	35374	
5430	35408	
5431	35489	
5432	35577	
5433	35609	
5434	35551	
5435	35422	
5436	35273	
5437	35152	
5438	35071	
5439	34999	
5440	34905	
5441	34784	
5442	34668	
5443	34602	
5444	34613	
5445	34682	
5446	34766	
5447	34825	
5448	34852	
5449	34873	
5450	34923	
5451	35008	
5452	35098	
5453	35142	
5454	35108	
5455	35002	
5456	34862	
5457	34724	
5458	34600	
5459	34476	
5460	34338	
5461	34198	
5462	34090	
5463	34048	
5464	34075	
5465	34135	
5466	34181	
5467	34196	
5468	34203	
5469	34252	
5470	34372	
5471	34542	
5472	34695	
5473	34768	
5474	34738	
5475	34642	
5476	34538	
5477	34457	
5478	34381	
5479	34259	
5480	34059	
5481	33805	
5482	33573	
5483	33442	
5484	33441	
5485	33530	
5486	33638	
5487	33715	
5488	33771	
5489	33858	
5490	34024	
5491	34261	
5492	34502	
5493	34663	
5494	34697	
5495	34622	
5496	34503	
5497	34394	
5498	34307	
5499	34206	
5500	34055	
5501	33857	
5502	33669	
5503	33562	
5504	33571	
5505	33670	
5506	33790	
5507	33876	
5508	33927	
5509	33994	
5510	34128	
5511	34327	
5512	34524	
5513	34632	
5514	34604	
5515	34469	
5516	34304	
5517	34176	
5518	34085	
5519	33974	
5520	33783	
5521	33512	
5522	33238	
5523	33063	
5524	33045	
5525	33150	
5526	33288	
5527	33374	
5528	33399	
5529	33424	
5530	33522	
5531	33708	
5532	33913	
5533	34033	
5534	34004	
5535	33855	
5536	33675	
5537	33551	
5538	33493	
5539	33436	
5540	33298	
5541	33060	
5542	32791	
5543	32608	
5544	32592	
5545	32727	
5546	32919	
5547	33067	
5548	33134	
5549	33169	
5550	33251	
5551	33418	
5552	33623	
5553	33769	
5554	33778	
5555	33653	
5556	33473	
5557	33327	
5558	33252	
5559	33207	
5560	33119	
5561	32952	
5562	32746	
5563	32590	
5564	32558	
5565	32647	
5566	32787	
5567	32897	
5568	32951	
5569	32991	
5570	33090	
5571	33278	
5572	33507	
5573	33684	
5574	33731	
5575	33649	
5576	33512	
5577	33400	
5578	33344	
5579	33301	
5580	33199	
5581	33014	
5582	32798	
5583	32649	
5584	32643	
5585	32770	
5586	32944	
5587	33067	
5588	33103	
5589	33103	
5590	33159	
5591	33324	
5592	33568	
5593	33795	
5594	33907	
5595	33877	
5596	33750	
5597	33604	
5598	33484	
5599	33378	
5600	33242	
5601	33063	
5602	32882	
5603	32775	
5604	32801	
5605	32946	
5606	33140	
5607	33305	
5608	33413	
5609	33507	
5610	33652	
5611	33873	
5612	34125	
5613	34319	
5614	34384	
5615	34322	
5616	34201	
5617	34095	
5618	34025	
5619	33947	
5620	33797	
5621	33555	
5622	33285	
5623	33094	
5624	33061	
5625	33181	
5626	33369	
5627	33525	
5628	33611	
5629	33667	
5630	33771	
5631	33963	
5632	34199	
5633	34380	
5634	34421	
5635	34316	
5636	34142	
5637	33991	
5638	33906	
5639	33849	
5640	33747	
5641	33564	
5642	33343	
5643	33185	
5644	33167	
5645	33289	
5646	33466	
5647	33594	
5648	33631	
5649	33618	
5650	33639	
5651	33746	
5652	33905	
5653	34021	
5654	34011	
5655	33867	
5656	33665	
5657	33503	
5658	33425	
5659	33393	
5660	33326	
5661	33172	
5662	32960	
5663	32783	
5664	32730	
5665	32818	
5666	32982	
5667	33126	
5668	33196	
5669	33212	
5670	33241	
5671	33332	
5672	33469	
5673	33581	
5674	33597	
5675	33507	
5676	33364	
5677	33243	
5678	33184	
5679	33159	
5680	33108	
5681	32994	
5682	32841	
5683	32722	
5684	32703	
5685	32790	
5686	32925	
5687	33028	
5688	33059	
5689	33045	
5690	33053	
5691	33128	
5692	33256	
5693	33369	
5694	33396	
5695	33314	
5696	33162	
5697	33003	
5698	32874	
5699	32764	
5700	32633	
5701	32458	
5702	32263	
5703	32106	
5704	32034	
5705	32048	
5706	32098	
5707	32126	
5708	32111	
5709	32079	
5710	32080	
5711	32139	
5712	32226	
5713	32281	
5714	32258	
5715	32161	
5716	32046	
5717	31971	
5718	31954	
5719	31959	
5720	31928	
5721	31828	
5722	31686	
5723	31565	
5724	31524	
5725	31570	
5726	31657	
5727	31728	
5728	31757	
5729	31763	
5730	31788	
5731	31851	
5732	31922	
5733	31941	
5734	31863	
5735	31690	
5736	31478	
5737	31287	
5738	31140	
5739	31012	
5740	30857	
5741	30661	
5742	30459	
5743	30319	
5744	30290	
5745	30365	
5746	30484	
5747	30584	
5748	30642	
5749	30687	
5750	30764	
5751	30886	
5752	31009	
5753	31065	
5754	31015	
5755	30886	
5756	30762	
5757	30715	
5758	30760	
5759	30837	
5760	30862	
5761	30792	
5762	30661	
5763	30558	
5764	30555	
5765	30661	
5766	30813	
5767	30929	
5768	30969	
5769	30961	
5770	30972	
5771	31052	
5772	31197	
5773	31348	
5774	31440	
5775	31444	
5776	31386	
5777	31316	
5778	31274	
5779	31260	
5780	31250	
5781	31228	
5782	31207	
5783	31229	
5784	31332	
5785	31522	
5786	31768	
5787	32027	
5788	32270	
5789	32502	
5790	32743	
5791	33006	
5792	33277	
5793	33526	
5794	33732	
5795	33902	
5796	34068	
5797	34248	
5798	34428	
5799	34555	
5800	34572	
5801	34459	
5802	34253	
5803	34039	
5804	33898	
5805	33865	
5806	33919	
5807	34002	
5808	34070	
5809	34119	
5810	34175	
5811	34266	
5812	34391	
5813	34519	
5814	34609	
5815	34643	
5816	34639	
5817	34627	
5818	34631	
5819	34644	
5820	34646	
5821	34623	
5822	34586	
5823	34567	
5824	34592	
5825	34655	
5826	34723	
5827	34752	
5828	34723	
5829	34654	
5830	34584	
5831	34548	
5832	34547	
5833	34556	
5834	34544	
5835	34493	
5836	34413	
5837	34327	
5838	34249	
5839	34181	
5840	34123	
5841	34086	
5842	34098	
5843	34179	
5844	34324	
5845	34493	
5846	34633	
5847	34718	
5848	34764	
5849	34819	
5850	34925	
5851	35078	
5852	35230	
5853	35325	
5854	35343	
5855	35316	
5856	35312	
5857	35377	
5858	35506	
5859	35644	
5860	35725	
5861	35721	
5862	35662	
5863	35609	
5864	35613	
5865	35674	
5866	35754	
5867	35808	
5868	35826	
5869	35840	
5870	35893	
5871	36002	
5872	36135	
5873	36225	
5874	36223	
5875	36131	
5876	36002	
5877	35908	
5878	35885	
5879	35916	
5880	35945	
5881	35930	
5882	35872	
5883	35822	
5884	35839	
5885	35948	
5886	36121	
5887	36298	
5888	36430	
5889	36509	
5890	36568	
5891	36643	
5892	36743	
5893	36837	
5894	36877	
5895	36836	
5896	36728	
5897	36595	
5898	36477	
5899	36388	
5900	36314	
5901	36233	
5902	36145	
5903	36067	
5904	36025	
5905	36024	
5906	36046	
5907	36068	
5908	36083	
5909	36108	
5910	36161	
5911	36239	
5912	36306	
5913	36314	
5914	36238	
5915	36095	
5916	35940	
5917	35825	
5918	35767	
5919	35735	
5920	35683	
5921	35587	
5922	35464	
5923	35364	
5924	35327	
5925	35359	
5926	35425	
5927	35483	
5928	35517	
5929	35545	
5930	35599	
5931	35685	
5932	35776	
5933	35820	
5934	35790	
5935	35704	
5936	35618	
5937	35582	
5938	35604	
5939	35643	
5940	35640	
5941	35570	
5942	35456	
5943	35356	
5944	35320	
5945	35356	
5946	35435	
5947	35516	
5948	35580	
5949	35638	
5950	35709	
5951	35798	
5952	35882	
5953	35919	
5954	35884	
5955	35790	
5956	35678	
5957	35589	
5958	35532	
5959	35478	
5960	35386	
5961	35242	
5962	35080	
5963	34968	
5964	34967	
5965	35094	
5966	35316	
5967	35581	
5968	35847	
5969	36111	
5970	36388	
5971	36686	
5972	36989	
5973	37263	
5974	37481	
5975	37648	
5976	37795	
5977	37959	
5978	38154	
5979	38369	
5980	38589	
5981	38812	
5982	39062	
5983	39363	
5984	39715	
5985	40082	
5986	40398	
5987	40610	
5988	40698	
5989	40684	
5990	40611	
5991	40509	
5992	40368	
5993	40155	
5994	39831	
5995	39399	
5996	38906	
5997	38428	
5998	38016	
5999	37668	
6000	37328	
6001	36933	
6002	36455	
6003	35925	
6004	35412	
6005	34973	
6006	34629	
6007	34360	
6008	34139	
6009	33958	
6010	33826	
6011	33750	
6012	33709	
6013	33658	
6014	33553	
6015	33383	
6016	33184	
6017	33011	
6018	32904	
6019	32864	
6020	32856	
6021	32839	
6022	32796	
6023	32742	
6024	32712	
6025	32725	
6026	32781	
6027	32860	
6028	32943	
6029	33027	
6030	33122	
6031	33233	
6032	33348	
6033	33436	
6034	33468	
6035	33437	
6036	33363	
6037	33284	
6038	33229	
6039	33205	
6040	33196	
6041	33184	
6042	33167	
6043	33160	
6044	33184	
6045	33249	
6046	33341	
6047	33437	
6048	33524	
6049	33605	
6050	33695	
6051	33802	
6052	33914	
6053	34001	
6054	34038	
6055	34019	
6056	33960	
6057	33885	
6058	33805	
6059	33712	
6060	33590	
6061	33438	
6062	33282	
6063	33166	
6064	33129	
6065	33179	
6066	33289	
6067	33417	
6068	33529	
6069	33617	
6070	33688	
6071	33750	
6072	33792	
6073	33794	
6074	33737	
6075	33628	
6076	33498	
6077	33382	
6078	33300	
6079	33247	
6080	33205	
6081	33167	
6082	33144	
6083	33160	
6084	33228	
6085	33335	
6086	33450	
6087	33544	
6088	33613	
6089	33679	
6090	33768	
6091	33889	
6092	34016	
6093	34106	
6094	34124	
6095	34068	
6096	33965	
6097	33849	
6098	33742	
6099	33638	
6100	33524	
6101	33395	
6102	33266	
6103	33163	
6104	33107	
6105	33095	
6106	33109	
6107	33129	
6108	33154	
6109	33193	
6110	33254	
6111	33322	
6112	33367	
6113	33357	
6114	33284	
6115	33175	
6116	33066	
6117	32977	
6118	32898	
6119	32796	
6120	32653	
6121	32491	
6122	32369	
6123	32340	
6124	32417	
6125	32548	
6126	32650	
6127	32654	
6128	32556	
6129	32414	
6130	32307	
6131	32283	
6132	32333	
6133	32403	
6134	32443	
6135	32441	
6136	32425	
6137	32431	
6138	32460	
6139	32473	
6140	32420	
6141	32287	
6142	32123	
6143	32016	
6144	32040	
6145	32207	
6146	32453	
6147	32685	
6148	32833	
6149	32893	
6150	32915	
6151	32959	
6152	33049	
6153	33159	
6154	33239	
6155	33257	
6156	33219	
6157	33154	
6158	33093	
6159	33036	
6160	32966	
6161	32874	
6162	32779	
6163	32729	
6164	32768	
6165	32905	
6166	33103	
6167	33309	
6168	33484	
6169	33631	
6170	33781	
6171	33958	
6172	34152	
6173	34318	
6174	34408	
6175	34403	
6176	34329	
6177	34240	
6178	34183	
6179	34167	
6180	34170	
6181	34162	
6182	34133	
6183	34099	
6184	34083	
6185	34097	
6186	34135	
6187	34182	
6188	34236	
6189	34311	
6190	34425	
6191	34572	
6192	34717	
6193	34805	
6194	34799	
6195	34698	
6196	34545	
6197	34392	
6198	34269	
6199	34172	
6200	34072	
6201	33946	
6202	33803	
6203	33680	
6204	33612	
6205	33609	
6206	33637	
6207	33648	
6208	33609	
6209	33529	
6210	33444	
6211	33392	
6212	33377	
6213	33371	
6214	33330	
6215	33235	
6216	33099	
6217	32961	
6218	32848	
6219	32765	
6220	32687	
6221	32598	
6222	32501	
6223	32423	
6224	32392	
6225	32411	
6226	32452	
6227	32478	
6228	32475	
6229	32461	
6230	32473	
6231	32532	
6232	32623	
6233	32698	
6234	32710	
6235	32642	
6236	32519	
6237	32382	
6238	32250	
6239	32109	
6240	31924	
6241	31678	
6242	31394	
6243	31138	
6244	30981	
6245	30959	
6246	31060	
6247	31236	
6248	31437	
6249	31642	
6250	31847	
6251	32055	
6252	32250	
6253	32402	
6254	32488	
6255	32507	
6256	32485	
6257	32445	
6258	32393	
6259	32314	
6260	32193	
6261	32048	
6262	31934	
6263	31918	
6264	32035	
6265	32265	
6266	32539	
6267	32787	
6268	32979	
6269	33139	
6270	33308	
6271	33503	
6272	33691	
6273	33810	
6274	33818	
6275	33726	
6276	33599	
6277	33509	
6278	33493	
6279	33527	
6280	33557	
6281	33545	
6282	33494	
6283	33440	
6284	33414	
6285	33409	
6286	33388	
6287	33318	
6288	33212	
6289	33135	
6290	33161	
6291	33325	
6292	33592	
6293	33877	
6294	34096	
6295	34213	
6296	34250	
6297	34250	
6298	34230	
6299	34173	
6300	34036	
6301	33801	
6302	33492	
6303	33166	
6304	32878	
6305	32651	
6306	32467	
6307	32303	
6308	32156	
6309	32052	
6310	32023	
6311	32074	
6312	32171	
6313	32254	
6314	32278	
6315	32236	
6316	32157	
6317	32070	
6318	31975	
6319	31846	
6320	31658	
6321	31428	
6322	31223	
6323	31130	
6324	31199	
6325	31413	
6326	31690	
6327	31940	
6328	32121	
6329	32249	
6330	32377	
6331	32533	
6332	32695	
6333	32802	
6334	32804	
6335	32705	
6336	32565	
6337	32458	
6338	32419	
6339	32423	
6340	32410	
6341	32335	
6342	32212	
6343	32103	
6344	32068	
6345	32118	
6346	32204	
6347	32257	
6348	32245	
6349	32201	
6350	32198	
6351	32294	
6352	32478	
6353	32673	
6354	32789	
6355	32779	
6356	32678	
6357	32573	
6358	32543	
6359	32615	
6360	32753	
6361	32901	
6362	33030	
6363	33147	
6364	33284	
6365	33454	
6366	33632	
6367	33765	
6368	33815	
6369	33789	
6370	33737	
6371	33718	
6372	33759	
6373	33842	
6374	33916	
6375	33935	
6376	33881	
6377	33759	
6378	33577	
6379	33334	
6380	33031	
6381	32703	
6382	32437	
6383	32351	
6384	32536	
6385	32996	
6386	33629	
6387	34264	
6388	34747	
6389	35010	
6390	35097	
6391	35114	
6392	35164	
6393	35284	
6394	35444	
6395	35580	
6396	35645	
6397	35636	
6398	35587	
6399	35541	
6400	35521	
6401	35532	
6402	35575	
6403	35654	
6404	35779	
6405	35945	
6406	36121	
6407	36257	
6408	36305	
6409	36246	
6410	36095	
6411	35894	
6412	35677	
6413	35465	
6414	35256	
6415	35048	
6416	34844	
6417	34655	
6418	34492	
6419	34352	
6420	34224	
6421	34097	
6422	33973	
6423	33870	
6424	33808	
6425	33798	
6426	33830	
6427	33886	
6428	33952	
6429	34020	
6430	34095	
6431	34181	
6432	34272	
6433	34355	
6434	34417	
6435	34450	
6436	34455	
6437	34437	
6438	34397	
6439	34335	
6440	34257	
6441	34176	
6442	34115	
6443	34094	
6444	34122	
6445	34186	
6446	34264	
6447	34337	
6448	34401	
6449	34470	
6450	34556	
6451	34662	
6452	34770	
6453	34852	
6454	34888	
6455	34873	
6456	34821	
6457	34752	
6458	34684	
6459	34630	
6460	34594	
6461	34583	
6462	34605	
6463	34664	
6464	34760	
6465	34888	
6466	35036	
6467	35192	
6468	35352	
6469	35513	
6470	35671	
6471	35819	
6472	35944	
6473	36033	
6474	36083	
6475	36094	
6476	36076	
6477	36038	
6478	35986	
6479	35919	
6480	35838	
6481	35743	
6482	35643	
6483	35553	
6484	35487	
6485	35454	
6486	35448	
6487	35453	
6488	35450	
6489	35431	
6490	35402	
6491	35377	
6492	35366	
6493	35362	
6494	35346	
6495	35298	
6496	35209	
6497	35090	
6498	34963	
6499	34848	
6500	34752	
6501	34668	
6502	34584	
6503	34486	
6504	34371	
6505	34243	
6506	34111	
6507	33994	
6508	33909	
6509	33868	
6510	33873	
6511	33908	
6512	33949	
6513	33975	
6514	33984	
6515	33990	
6516	34016	
6517	34070	
6518	34139	
6519	34198	
6520	34226	
6521	34223	
6522	34210	
6523	34216	
6524	34252	
6525	34310	
6526	34369	
6527	34411	
6528	34440	
6529	34469	
6530	34514	
6531	34568	
6532	34607	
6533	34601	
6534	34538	
6535	34433	
6536	34318	
6537	34218	
6538	34137	
6539	34056	
6540	33955	
6541	33837	
6542	33726	
6543	33660	
6544	33657	
6545	33708	
6546	33783	
6547	33853	
6548	33914	
6549	33989	
6550	34104	
6551	34267	
6552	34457	
6553	34633	
6554	34764	
6555	34844	
6556	34893	
6557	34938	
6558	34989	
6559	35035	
6560	35055	
6561	35047	
6562	35034	
6563	35056	
6564	35137	
6565	35266	
6566	35393	
6567	35462	
6568	35450	
6569	35380	
6570	35308	
6571	35291	
6572	35348	
6573	35457	
6574	35573	
6575	35655	
6576	35686	
6577	35673	
6578	35635	
6579	35588	
6580	35542	
6581	35510	
6582	35513	
6583	35579	
6584	35724	
6585	35939	
6586	36195	
6587	36446	
6588	36661	
6589	36830	
6590	36967	
6591	37087	
6592	37192	
6593	37269	
6594	37304	
6595	37303	
6596	37291	
6597	37300	
6598	37348	
6599	37429	
6600	37521	
6601	37610	
6602	37709	
6603	37860	
6604	38107	
6605	38474	
6606	38944	
6607	39464	
6608	39979	
6609	40450	
6610	40867	
6611	41233	
6612	41539	
6613	41759	
6614	41860	
6615	41836	
6616	41715	
6617	41551	
6618	41394	
6619	41262	
6620	41144	
6621	41020	
6622	40887	
6623	40763	
6624	40677	
6625	40643	
6626	40656	
6627	40695	
6628	40742	
6629	40789	
6630	40833	
6631	40877	
6632	40910	
6633	40914	
6634	40868	
6635	40770	
6636	40638	
6637	40509	
6638	40411	
6639	40347	
6640	40298	
6641	40237	
6642	40160	
6643	40087	
6644	40052	
6645	40071	
6646	40130	
6647	40194	
6648	40233	
6649	40242	
6650	40235	
6651	40230	
6652	40224	
6653	40200	
6654	40135	
6655	40023	
6656	39878	
6657	39733	
6658	39616	
6659	39543	
6660	39512	
6661	39506	
6662	39505	
6663	39493	
6664	39467	
6665	39438	
6666	39420	
6667	39421	
6668	39441	
6669	39475	
6670	39522	
6671	39586	
6672	39670	
6673	39767	
6674	39849	
6675	39891	
6676	39882	
6677	39836	
6678	39779	
6679	39731	
6680	39684	
6681	39616	
6682	39509	
6683	39377	
6684	39258	
6685	39191	
6686	39184	
6687	39211	
6688	39230	
6689	39217	
6690	39187	
6691	39177	
6692	39205	
6693	39246	
6694	39247	
6695	39160	
6696	38988	
6697	38783	
6698	38611	
6699	38509	
6700	38463	
6701	38430	
6702	38377	
6703	38302	
6704	38237	
6705	38217	
6706	38251	
6707	38317	
6708	38378	
6709	38409	
6710	38414	
6711	38419	
6712	38450	
6713	38509	
6714	38571	
6715	38599	
6716	38574	
6717	38505	
6718	38420	
6719	38339	
6720	38259	
6721	38162	
6722	38035	
6723	37891	
6724	37764	
6725	37689	
6726	37684	
6727	37740	
6728	37830	
6729	37931	
6730	38028	
6731	38115	
6732	38184	
6733	38225	
6734	38225	
6735	38186	
6736	38126	
6737	38070	
6738	38031	
6739	37998	
6740	37944	
6741	37854	
6742	37739	
6743	37635	
6744	37575	
6745	37566	
6746	37578	
6747	37572	
6748	37528	
6749	37461	
6750	37410	
6751	37404	
6752	37442	
6753	37488	
6754	37496	
6755	37446	
6756	37355	
6757	37262	
6758	37195	
6759	37149	
6760	37091	
6761	37000	
6762	36884	
6763	36785	
6764	36744	
6765	36768	
6766	36821	
6767	36853	
6768	36835	
6769	36779	
6770	36729	
6771	36716	
6772	36737	
6773	36757	
6774	36738	
6775	36670	
6776	36576	
6777	36488	
6778	36419	
6779	36352	
6780	36262	
6781	36144	
6782	36027	
6783	35950	
6784	35938	
6785	35978	
6786	36032	
6787	36070	
6788	36087	
6789	36105	
6790	36146	
6791	36211	
6792	36269	
6793	36281	
6794	36227	
6795	36119	
6796	35999	
6797	35903	
6798	35845	
6799	35804	
6800	35749	
6801	35663	
6802	35566	
6803	35495	
6804	35484	
6805	35536	
6806	35621	
6807	35704	
6808	35767	
6809	35823	
6810	35898	
6811	36000	
6812	36107	
6813	36183	
6814	36200	
6815	36169	
6816	36128	
6817	36117	
6818	36145	
6819	36191	
6820	36219	
6821	36214	
6822	36190	
6823	36183	
6824	36215	
6825	36281	
6826	36349	
6827	36389	
6828	36394	
6829	36380	
6830	36373	
6831	36379	
6832	36380	
6833	36354	
6834	36295	
6835	36230	
6836	36203	
6837	36250	
6838	36374	
6839	36546	
6840	36728	
6841	36897	
6842	37061	
6843	37244	
6844	37463	
6845	37718	
6846	37992	
6847	38265	
6848	38534	
6849	38811	
6850	39111	
6851	39435	
6852	39769	
6853	40095	
6854	40410	
6855	40728	
6856	41066	
6857	41413	
6858	41723	
6859	41932	
6860	42001	
6861	41944	
6862	41826	
6863	41713	
6864	41636	
6865	41572	
6866	41471	
6867	41292	
6868	41040	
6869	40752	
6870	40473	
6871	40220	
6872	39970	
6873	39675	
6874	39287	
6875	38788	
6876	38205	
6877	37595	
6878	37025	
6879	36540	
6880	36152	
6881	35852	
6882	35629	
6883	35480	
6884	35397	
6885	35358	
6886	35326	
6887	35275	
6888	35212	
6889	35176	
6890	35207	
6891	35308	
6892	35433	
6893	35514	
6894	35508	
6895	35431	
6896	35343	
6897	35297	
6898	35299	
6899	35308	
6900	35270	
6901	35172	
6902	35054	
6903	34979	
6904	34987	
6905	35067	
6906	35164	
6907	35228	
6908	35248	
6909	35256	
6910	35295	
6911	35383	
6912	35497	
6913	35587	
6914	35618	
6915	35585	
6916	35514	
6917	35433	
6918	35353	
6919	35261	
6920	35149	
6921	35024	
6922	34921	
6923	34875	
6924	34901	
6925	34979	
6926	35064	
6927	35125	
6928	35157	
6929	35187	
6930	35243	
6931	35332	
6932	35424	
6933	35477	
6934	35465	
6935	35396	
6936	35309	
6937	35243	
6938	35211	
6939	35192	
6940	35156	
6941	35087	
6942	35002	
6943	34938	
6944	34922	
6945	34953	
6946	35004	
6947	35042	
6948	35054	
6949	35051	
6950	35054	
6951	35070	
6952	35085	
6953	35074	
6954	35027	
6955	34955	
6956	34885	
6957	34837	
6958	34807	
6959	34770	
6960	34705	
6961	34615	
6962	34532	
6963	34496	
6964	34528	
6965	34608	
6966	34692	
6967	34734	
6968	34719	
6969	34669	
6970	34626	
6971	34622	
6972	34654	
6973	34689	
6974	34689	
6975	34637	
6976	34551	
6977	34464	
6978	34403	
6979	34365	
6980	34326	
6981	34263	
6982	34176	
6983	34093	
6984	34045	
6985	34044	
6986	34075	
6987	34108	
6988	34124	
6989	34131	
6990	34151	
6991	34199	
6992	34263	
6993	34307	
6994	34298	
6995	34231	
6996	34132	
6997	34042	
6998	33983	
6999	33947	
7000	33902	
7001	33824	
7002	33720	
7003	33623	
7004	33572	
7005	33584	
7006	33643	
7007	33720	
7008	33792	
7009	33859	
7010	33937	
7011	34032	
7012	34131	
7013	34207	
7014	34232	
7015	34202	
7016	34136	
7017	34061	
7018	33995	
7019	33937	
7020	33875	
7021	33803	
7022	33734	
7023	33690	
7024	33692	
7025	33738	
7026	33805	
7027	33865	
7028	33905	
7029	33934	
7030	33973	
7031	34037	
7032	34116	
7033	34181	
7034	34209	
7035	34193	
7036	34149	
7037	34099	
7038	34051	
7039	33993	
7040	33910	
7041	33799	
7042	33684	
7043	33605	
7044	33590	
7045	33637	
7046	33713	
7047	33778	
7048	33810	
7049	33818	
7050	33831	
7051	33870	
7052	33929	
7053	33983	
7054	34005	
7055	33984	
7056	33934	
7057	33874	
7058	33815	
7059	33754	
7060	33680	
7061	33598	
7062	33530	
7063	33507	
7064	33545	
7065	33628	
7066	33718	
7067	33776	
7068	33792	
7069	33791	
7070	33815	
7071	33886	
7072	33989	
7073	34077	
7074	34103	
7075	34051	
7076	33949	
7077	33843	
7078	33770	
7079	33734	
7080	33708	
7081	33670	
7082	33619	
7083	33577	
7084	33572	
7085	33612	
7086	33675	
7087	33733	
7088	33768	
7089	33793	
7090	33837	
7091	33917	
7092	34020	
7093	34108	
7094	34144	
7095	34117	
7096	34051	
7097	33986	
7098	33944	
7099	33914	
7100	33867	
7101	33782	
7102	33671	
7103	33580	
7104	33552	
7105	33599	
7106	33691	
7107	33773	
7108	33808	
7109	33802	
7110	33798	
7111	33838	
7112	33932	
7113	34042	
7114	34111	
7115	34101	
7116	34016	
7117	33897	
7118	33790	
7119	33717	
7120	33670	
7121	33624	
7122	33568	
7123	33515	
7124	33487	
7125	33500	
7126	33546	
7127	33602	
7128	33650	
7129	33689	
7130	33735	
7131	33804	
7132	33894	
7133	33982	
7134	34040	
7135	34054	
7136	34029	
7137	33986	
7138	33939	
7139	33887	
7140	33823	
7141	33744	
7142	33666	
7143	33617	
7144	33617	
7145	33663	
7146	33728	
7147	33783	
7148	33818	
7149	33848	
7150	33899	
7151	33983	
7152	34083	
7153	34158	
7154	34175	
7155	34128	
7156	34046	
7157	33968	
7158	33918	
7159	33883	
7160	33831	
7161	33743	
7162	33632	
7163	33545	
7164	33522	
7165	33572	
7166	33664	
7167	33745	
7168	33784	
7169	33789	
7170	33797	
7171	33840	
7172	33914	
7173	33986	
7174	34013	
7175	33978	
7176	33902	
7177	33826	
7178	33776	
7179	33749	
7180	33718	
7181	33661	
7182	33584	
7183	33525	
7184	33522	
7185	33587	
7186	33694	
7187	33794	
7188	33856	
7189	33881	
7190	33901	
7191	33949	
7192	34028	
7193	34106	
7194	34140	
7195	34108	
7196	34025	
7197	33931	
7198	33859	
7199	33810	
7200	33757	
7201	33675	
7202	33568	
7203	33474	
7204	33444	
7205	33498	
7206	33611	
7207	33727	
7208	33798	
7209	33818	
7210	33821	
7211	33851	
7212	33926	
7213	34021	
7214	34088	
7215	34095	
7216	34043	
7217	33971	
7218	33919	
7219	33899	
7220	33892	
7221	33867	
7222	33813	
7223	33755	
7224	33736	
7225	33784	
7226	33885	
7227	33999	
7228	34083	
7229	34128	
7230	34161	
7231	34218	
7232	34314	
7233	34425	
7234	34503	
7235	34515	
7236	34464	
7237	34387	
7238	34323	
7239	34287	
7240	34266	
7241	34236	
7242	34195	
7243	34169	
7244	34195	
7245	34291	
7246	34433	
7247	34572	
7248	34668	
7249	34719	
7250	34761	
7251	34837	
7252	34956	
7253	35082	
7254	35158	
7255	35147	
7256	35063	
7257	34963	
7258	34907	
7259	34917	
7260	34965	
7261	34997	
7262	34977	
7263	34918	
7264	34867	
7265	34878	
7266	34964	
7267	35095	
7268	35222	
7269	35314	
7270	35376	
7271	35439	
7272	35526	
7273	35635	
7274	35737	
7275	35797	
7276	35802	
7277	35767	
7278	35717	
7279	35673	
7280	35635	
7281	35595	
7282	35549	
7283	35510	
7284	35501	
7285	35543	
7286	35630	
7287	35738	
7288	35835	
7289	35907	
7290	35964	
7291	36027	
7292	36110	
7293	36200	
7294	36264	
7295	36272	
7296	36216	
7297	36118	
7298	36013	
7299	35926	
7300	35854	
7301	35779	
7302	35690	
7303	35600	
7304	35537	
7305	35525	
7306	35558	
7307	35607	
7308	35639	
7309	35641	
7310	35629	
7311	35629	
7312	35656	
7313	35697	
7314	35724	
7315	35712	
7316	35654	
7317	35566	
7318	35464	
7319	35357	
7320	35239	
7321	35103	
7322	34958	
7323	34828	
7324	34741	
7325	34712	
7326	34727	
7327	34756	
7328	34773	
7329	34771	
7330	34763	
7331	34768	
7332	34792	
7333	34821	
7334	34829	
7335	34801	
7336	34737	
7337	34656	
7338	34577	
7339	34508	
7340	34444	
7341	34374	
7342	34295	
7343	34215	
7344	34151	
7345	34117	
7346	34116	
7347	34139	
7348	34176	
7349	34217	
7350	34264	
7351	34315	
7352	34367	
7353	34408	
7354	34425	
7355	34416	
7356	34389	
7357	34361	
7358	34339	
7359	34312	
7360	34260	
7361	34173	
7362	34066	
7363	33976	
7364	33944	
7365	33983	
7366	34070	
7367	34161	
7368	34225	
7369	34263	
7370	34303	
7371	34369	
7372	34458	
7373	34537	
7374	34566	
7375	34534	
7376	34465	
7377	34403	
7378	34375	
7379	34366	
7380	34335	
7381	34247	
7382	34109	
7383	33970	
7384	33889	
7385	33893	
7386	33961	
7387	34042	
7388	34095	
7389	34116	
7390	34135	
7391	34182	
7392	34260	
7393	34337	
7394	34372	
7395	34352	
7396	34299	
7397	34252	
7398	34231	
7399	34220	
7400	34179	
7401	34090	
7402	33973	
7403	33889	
7404	33887	
7405	33975	
7406	34104	
7407	34201	
7408	34225	
7409	34191	
7410	34156	
7411	34180	
7412	34279	
7413	34427	
7414	34580	
7415	34713	
7416	34832	
7417	34953	
7418	35060	
7419	35099	
7420	35000	
7421	34728	
7422	34323	
7423	33889	
7424	33546	
7425	33368	
7426	33347	
7427	33412	
7428	33482	
7429	33515	
7430	33519	
7431	33533	
7432	33583	
7433	33661	
7434	33738	
7435	33784	
7436	33791	
7437	33771	
7438	33736	
7439	33689	
7440	33619	
7441	33519	
7442	33400	
7443	33288	
7444	33212	
7445	33184	
7446	33196	
7447	33223	
7448	33248	
7449	33267	
7450	33290	
7451	33322	
7452	33358	
7453	33381	
7454	33378	
7455	33352	
7456	33325	
7457	33319	
7458	33340	
7459	33363	
7460	33351	
7461	33279	
7462	33157	
7463	33028	
7464	32945	
7465	32940	
7466	33006	
7467	33106	
7468	33197	
7469	33263	
7470	33309	
7471	33355	
7472	33407	
7473	33450	
7474	33460	
7475	33425	
7476	33356	
7477	33285	
7478	33240	
7479	33223	
7480	33215	
7481	33188	
7482	33134	
7483	33074	
7484	33047	
7485	33086	
7486	33191	
7487	33331	
7488	33463	
7489	33563	
7490	33631	
7491	33690	
7492	33759	
7493	33831	
7494	33881	
7495	33879	
7496	33818	
7497	33721	
7498	33624	
7499	33562	
7500	33540	
7501	33543	
7502	33552	
7503	33556	
7504	33558	
7505	33571	
7506	33600	
7507	33640	
7508	33683	
7509	33732	
7510	33792	
7511	33871	
7512	33958	
7513	34024	
7514	34030	
7515	33952	
7516	33792	
7517	33579	
7518	33348	
7519	33131	
7520	32943	
7521	32788	
7522	32674	
7523	32608	
7524	32590	
7525	32602	
7526	32614	
7527	32599	
7528	32552	
7529	32501	
7530	32485	
7531	32533	
7532	32633	
7533	32742	
7534	32813	
7535	32827	
7536	32810	
7537	32810	
7538	32866	
7539	32975	
7540	33098	
7541	33188	
7542	33226	
7543	33236	
7544	33265	
7545	33346	
7546	33474	
7547	33611	
7548	33717	
7549	33777	
7550	33809	
7551	33845	
7552	33897	
7553	33940	
7554	33935	
7555	33854	
7556	33709	
7557	33543	
7558	33401	
7559	33299	
7560	33212	
7561	33104	
7562	32953	
7563	32779	
7564	32628	
7565	32544	
7566	32532	
7567	32563	
7568	32592	
7569	32596	
7570	32589	
7571	32603	
7572	32655	
7573	32730	
7574	32791	
7575	32805	
7576	32776	
7577	32740	
7578	32740	
7579	32793	
7580	32872	
7581	32932	
7582	32942	
7583	32908	
7584	32871	
7585	32873	
7586	32924	
7587	32993	
7588	33034	
7589	33013	
7590	32936	
7591	32841	
7592	32768	
7593	32738	
7594	32738	
7595	32739	
7596	32716	
7597	32664	
7598	32588	
7599	32497	
7600	32394	
7601	32279	
7602	32160	
7603	32058	
7604	31998	
7605	31993	
7606	32031	
7607	32083	
7608	32122	
7609	32144	
7610	32163	
7611	32202	
7612	32265	
7613	32329	
7614	32357	
7615	32323	
7616	32230	
7617	32113	
7618	32007	
7619	31931	
7620	31870	
7621	31795	
7622	31689	
7623	31566	
7624	31459	
7625	31403	
7626	31406	
7627	31446	
7628	31489	
7629	31514	
7630	31528	
7631	31551	
7632	31596	
7633	31649	
7634	31675	
7635	31642	
7636	31547	
7637	31420	
7638	31303	
7639	31222	
7640	31182	
7641	31167	
7642	31167	
7643	31189	
7644	31248	
7645	31349	
7646	31475	
7647	31592	
7648	31671	
7649	31713	
7650	31745	
7651	31803	
7652	31900	
7653	32010	
7654	32090	
7655	32103	
7656	32050	
7657	31968	
7658	31906	
7659	31895	
7660	31929	
7661	31979	
7662	32016	
7663	32032	
7664	32043	
7665	32072	
7666	32127	
7667	32200	
7668	32271	
7669	32332	
7670	32391	
7671	32465	
7672	32561	
7673	32664	
7674	32745	
7675	32778	
7676	32759	
7677	32709	
7678	32662	
7679	32639	
7680	32640	
7681	32646	
7682	32642	
7683	32629	
7684	32626	
7685	32652	
7686	32714	
7687	32799	
7688	32886	
7689	32959	
7690	33021	
7691	33077	
7692	33131	
7693	33171	
7694	33180	
7695	33151	
7696	33094	
7697	33033	
7698	32994	
7699	32987	
7700	33010	
7701	33062	
7702	33157	
7703	33322	
7704	33582	
7705	33932	
7706	34329	
7707	34713	
7708	35036	
7709	35294	
7710	35526	
7711	35784	
7712	36096	
7713	36442	
7714	36772	
7715	37042	
7716	37251	
7717	37446	
7718	37694	
7719	38041	
7720	38481	
7721	38964	
7722	39420	
7723	39801	
7724	40094	
7725	40316	
7726	40487	
7727	40610	
7728	40673	
7729	40662	
7730	40577	
7731	40436	
7732	40262	
7733	40075	
7734	39878	
7735	39666	
7736	39432	
7737	39167	
7738	38857	
7739	38479	
7740	38012	
7741	37459	
7742	36868	
7743	36321	
7744	35902	
7745	35653	
7746	35546	
7747	35507	
7748	35460	
7749	35376	
7750	35273	
7751	35193	
7752	35156	
7753	35144	
7754	35122	
7755	35067	
7756	34988	
7757	34909	
7758	34841	
7759	34763	
7760	34644	
7761	34463	
7762	34241	
7763	34025	
7764	33861	
7765	33764	
7766	33714	
7767	33681	
7768	33645	
7769	33617	
7770	33620	
7771	33664	
7772	33733	
7773	33789	
7774	33803	
7775	33769	
7776	33715	
7777	33673	
7778	33655	
7779	33647	
7780	33619	
7781	33555	
7782	33466	
7783	33389	
7784	33355	
7785	33368	
7786	33402	
7787	33421	
7788	33411	
7789	33388	
7790	33388	
7791	33431	
7792	33505	
7793	33568	
7794	33579	
7795	33527	
7796	33440	
7797	33360	
7798	33311	
7799	33283	
7800	33237	
7801	33150	
7802	33036	
7803	32949	
7804	32946	
7805	33053	
7806	33234	
7807	33423	
7808	33558	
7809	33625	
7810	33659	
7811	33714	
7812	33815	
7813	33944	
7814	34049	
7815	34084	
7816	34042	
7817	33955	
7818	33868	
7819	33806	
7820	33759	
7821	33698	
7822	33605	
7823	33487	
7824	33376	
7825	33301	
7826	33270	
7827	33269	
7828	33275	
7829	33285	
7830	33311	
7831	33367	
7832	33449	
7833	33525	
7834	33554	
7835	33513	
7836	33413	
7837	33292	
7838	33188	
7839	33116	
7840	33064	
7841	33014	
7842	32965	
7843	32941	
7844	32972	
7845	33066	
7846	33196	
7847	33311	
7848	33373	
7849	33380	
7850	33372	
7851	33400	
7852	33486	
7853	33606	
7854	33704	
7855	33729	
7856	33666	
7857	33542	
7858	33407	
7859	33295	
7860	33213	
7861	33151	
7862	33096	
7863	33059	
7864	33059	
7865	33102	
7866	33168	
7867	33212	
7868	33193	
7869	33106	
7870	32992	
7871	32916	
7872	32934	
7873	33053	
7874	33235	
7875	33416	
7876	33537	
7877	33576	
7878	33544	
7879	33473	
7880	33402	
7881	33361	
7882	33369	
7883	33439	
7884	33569	
7885	33747	
7886	33945	
7887	34133	
7888	34292	
7889	34419	
7890	34525	
7891	34620	
7892	34703	
7893	34755	
7894	34759	
7895	34708	
7896	34618	
7897	34510	
7898	34399	
7899	34281	
7900	34140	
7901	33963	
7902	33765	
7903	33585	
7904	33467	
7905	33438	
7906	33489	
7907	33583	
7908	33680	
7909	33759	
7910	33825	
7911	33893	
7912	33972	
7913	34051	
7914	34108	
7915	34130	
7916	34122	
7917	34100	
7918	34076	
7919	34046	
7920	33995	
7921	33911	
7922	33808	
7923	33721	
7924	33683	
7925	33706	
7926	33765	
7927	33822	
7928	33847	
7929	33849	
7930	33863	
7931	33923	
7932	34038	
7933	34175	
7934	34287	
7935	34339	
7936	34332	
7937	34296	
7938	34270	
7939	34270	
7940	34291	
7941	34311	
7942	34319	
7943	34325	
7944	34346	
7945	34391	
7946	34445	
7947	34480	
7948	34471	
7949	34419	
7950	34350	
7951	34297	
7952	34273	
7953	34264	
7954	34243	
7955	34188	
7956	34105	
7957	34025	
7958	33975	
7959	33960	
7960	33958	
7961	33940	
7962	33896	
7963	33848	
7964	33839	
7965	33903	
7966	34037	
7967	34205	
7968	34360	
7969	34479	
7970	34566	
7971	34646	
7972	34736	
7973	34822	
7974	34876	
7975	34874	
7976	34821	
7977	34749	
7978	34692	
7979	34660	
7980	34634	
7981	34577	
7982	34473	
7983	34335	
7984	34207	
7985	34130	
7986	34123	
7987	34169	
7988	34234	
7989	34290	
7990	34328	
7991	34357	
7992	34386	
7993	34410	
7994	34423	
7995	34422	
7996	34424	
7997	34454	
7998	34525	
7999	34618	
8000	34696	
8001	34729	
8002	34728	
8003	34752	
8004	34872	
8005	35126	
8006	35486	
8007	35865	
8008	36170	
8009	36350	
8010	36423	
8011	36460	
8012	36531	
8013	36665	
8014	36842	
8015	37012	
8016	37137	
8017	37205	
8018	37234	
8019	37243	
8020	37235	
8021	37203	
8022	37139	
8023	37056	
8024	36985	
8025	36956	
8026	36980	
8027	37043	
8028	37114	
8029	37175	
8030	37227	
8031	37282	
8032	37348	
8033	37407	
8034	37426	
8035	37381	
8036	37273	
8037	37132	
8038	36992	
8039	36865	
8040	36732	
8041	36567	
8042	36360	
8043	36144	
8044	35972	
8045	35887	
8046	35889	
8047	35938	
8048	35982	
8049	35992	
8050	35974	
8051	35960	
8052	35972	
8053	36004	
8054	36021	
8055	35992	
8056	35908	
8057	35793	
8058	35680	
8059	35588	
8060	35508	
8061	35412	
8062	35282	
8063	35127	
8064	34979	
8065	34876	
8066	34833	
8067	34836	
8068	34856	
8069	34871	
8070	34881	
8071	34902	
8072	34943	
8073	34989	
8074	35010	
8075	34979	
8076	34897	
8077	34794	
8078	34706	
8079	34654	
8080	34627	
8081	34599	
8082	34547	
8083	34477	
8084	34413	
8085	34380	
8086	34381	
8087	34401	
8088	34421	
8089	34438	
8090	34470	
8091	34535	
8092	34634	
8093	34735	
8094	34796	
8095	34786	
8096	34709	
8097	34602	
8098	34501	
8099	34426	
8100	34364	
8101	34291	
8102	34196	
8103	34095	
8104	34020	
8105	33992	
8106	34004	
8107	34029	
8108	34039	
8109	34030	
8110	34020	
8111	34033	
8112	34071	
8113	34112	
8114	34124	
8115	34087	
8116	34011	
8117	33925	
8118	33855	
8119	33803	
8120	33750	
8121	33678	
8122	33587	
8123	33502	
8124	33455	
8125	33461	
8126	33505	
8127	33556	
8128	33585	
8129	33588	
8130	33586	
8131	33604	
8132	33651	
8133	33713	
8134	33768	
8135	33799	
8136	33807	
8137	33804	
8138	33800	
8139	33793	
8140	33768	
8141	33718	
8142	33649	
8143	33588	
8144	33560	
8145	33577	
8146	33627	
8147	33685	
8148	33726	
8149	33749	
8150	33769	
8151	33803	
8152	33855	
8153	33909	
8154	33936	
8155	33919	
8156	33857	
8157	33773	
8158	33693	
8159	33629	
8160	33578	
8161	33527	
8162	33472	
8163	33419	
8164	33381	
8165	33369	
8166	33383	
8167	33416	
8168	33462	
8169	33525	
8170	33615	
8171	33729	
8172	33852	
8173	33955	
8174	34012	
8175	34019	
8176	34000	
8177	33987	
8178	34007	
8179	34063	
8180	34139	
8181	34216	
8182	34292	
8183	34384	
8184	34516	
8185	34698	
8186	34914	
8187	35128	
8188	35312	
8189	35456	
8190	35573	
8191	35686	
8192	35801	
8193	35905	
8194	35972	
8195	35989	
8196	35969	
8197	35944	
8198	35944	
8199	35979	
8200	36036	
8201	36092	
8202	36137	
8203	36183	
8204	36259	
8205	36390	
8206	36579	
8207	36807	
8208	37040	
8209	37255	
8210	37450	
8211	37635	
8212	37824	
8213	38012	
8214	38176	
8215	38292	
8216	38353	
8217	38377	
8218	38387	
8219	38402	
8220	38423	
8221	38444	
8222	38464	
8223	38490	
8224	38528	
8225	38575	
8226	38615	
8227	38634	
8228	38638	
8229	38652	
8230	38705	
8231	38807	
8232	38930	
8233	39026	
8234	39052	
8235	38998	
8236	38896	
8237	38798	
8238	38740	
8239	38722	
8240	38705	
8241	38645	
8242	38532	
8243	38404	
8244	38325	
8245	38343	
8246	38448	
8247	38580	
8248	38675	
8249	38712	
8250	38726	
8251	38771	
8252	38862	
8253	38954	
8254	38974	
8255	38881	
8256	38701	
8257	38509	
8258	38370	
8259	38287	
8260	38202	
8261	38049	
8262	37814	
8263	37551	
8264	37342	
8265	37235	
8266	37213	
8267	37215	
8268	37188	
8269	37128	
8270	37079	
8271	37092	
8272	37183	
8273	37324	
8274	37464	
8275	37574	
8276	37661	
8277	37752	
8278	37863	
8279	37976	
8280	38054	
8281	38066	
8282	38022	
8283	37968	
8284	37957	
8285	38012	
8286	38112	
8287	38214	
8288	38290	
8289	38348	
8290	38422	
8291	38534	
8292	38672	
8293	38791	
8294	38849	
8295	38842	
8296	38805	
8297	38782	
8298	38797	
8299	38828	
8300	38835	
8301	38786	
8302	38686	
8303	38575	
8304	38495	
8305	38469	
8306	38485	
8307	38514	
8308	38535	
8309	38545	
8310	38560	
8311	38591	
8312	38631	
8313	38653	
8314	38631	
8315	38561	
8316	38465	
8317	38378	
8318	38318	
8319	38281	
8320	38242	
8321	38187	
8322	38123	
8323	38078	
8324	38079	
8325	38130	
8326	38208	
8327	38278	
8328	38312	
8329	38307	
8330	38290	
8331	38298	
8332	38356	
8333	38453	
8334	38547	
8335	38592	
8336	38569	
8337	38499	
8338	38425	
8339	38382	
8340	38366	
8341	38346	
8342	38291	
8343	38200	
8344	38106	
8345	38049	
8346	38043	
8347	38068	
8348	38087	
8349	38082	
8350	38066	
8351	38073	
8352	38120	
8353	38188	
8354	38235	
8355	38222	
8356	38143	
8357	38023	
8358	37895	
8359	37778	
8360	37661	
8361	37530	
8362	37377	
8363	37220	
8364	37084	
8365	36989	
8366	36931	
8367	36892	
8368	36856	
8369	36819	
8370	36795	
8371	36799	
8372	36831	
8373	36867	
8374	36873	
8375	36825	
8376	36726	
8377	36606	
8378	36501	
8379	36429	
8380	36382	
8381	36336	
8382	36272	
8383	36198	
8384	36145	
8385	36145	
8386	36210	
8387	36317	
8388	36431	
8389	36526	
8390	36607	
8391	36699	
8392	36826	
8393	36984	
8394	37143	
8395	37265	
8396	37335	
8397	37366	
8398	37388	
8399	37423	
8400	37465	
8401	37493	
8402	37490	
8403	37466	
8404	37453	
8405	37479	
8406	37550	
8407	37642	
8408	37723	
8409	37779	
8410	37822	
8411	37878	
8412	37957	
8413	38041	
8414	38092	
8415	38080	
8416	38003	
8417	37887	
8418	37768	
8419	37664	
8420	37576	
8421	37486	
8422	37384	
8423	37272	
8424	37168	
8425	37089	
8426	37038	
8427	37008	
8428	36981	
8429	36950	
8430	36916	
8431	36893	
8432	36891	
8433	36904	
8434	36912	
8435	36891	
8436	36823	
8437	36713	
8438	36578	
8439	36437	
8440	36296	
8441	36153	
8442	36010	
8443	35881	
8444	35791	
8445	35754	
8446	35762	
8447	35786	
8448	35796	
8449	35779	
8450	35754	
8451	35749	
8452	35782	
8453	35836	
8454	35877	
8455	35872	
8456	35816	
8457	35728	
8458	35636	
8459	35553	
8460	35476	
8461	35394	
8462	35306	
8463	35228	
8464	35177	
8465	35160	
8466	35169	
8467	35188	
8468	35214	
8469	35266	
8470	35373	
8471	35548	
8472	35762	
8473	35950	
8474	36040	
8475	35992	
8476	35828	
8477	35622	
8478	35461	
8479	35395	
8480	35417	
8481	35465	
8482	35474	
8483	35419	
8484	35328	
8485	35267	
8486	35295	
8487	35419	
8488	35598	
8489	35765	
8490	35875	
8491	35925	
8492	35949	
8493	35987	
8494	36052	
8495	36127	
8496	36181	
8497	36194	
8498	36172	
8499	36142	
8500	36126	
8501	36126	
8502	36129	
8503	36114	
8504	36078	
8505	36035	
8506	36013	
8507	36032	
8508	36094	
8509	36184	
8510	36284	
8511	36378	
8512	36466	
8513	36547	
8514	36615	
8515	36662	
8516	36673	
8517	36646	
8518	36581	
8519	36489	
8520	36380	
8521	36267	
8522	36162	
8523	36081	
8524	36036	
8525	36026	
8526	36045	
8527	36078	
8528	36118	
8529	36165	
8530	36221	
8531	36283	
8532	36334	
8533	36355	
8534	36332	
8535	36271	
8536	36188	
8537	36102	
8538	36023	
8539	35951	
8540	35879	
8541	35804	
8542	35727	
8543	35658	
8544	35605	
8545	35572	
8546	35561	
8547	35573	
8548	35607	
8549	35658	
8550	35715	
8551	35764	
8552	35790	
8553	35787	
8554	35760	
8555	35719	
8556	35669	
8557	35610	
8558	35532	
8559	35433	
8560	35321	
8561	35222	
8562	35166	
8563	35181	
8564	35281	
8565	35464	
8566	35712	
8567	35998	
8568	36294	
8569	36577	
8570	36842	
8571	37095	
8572	37352	
8573	37622	
8574	37898	
8575	38163	
8576	38398	
8577	38596	
8578	38769	
8579	38940	
8580	39133	
8581	39366	
8582	39646	
8583	39965	
8584	40300	
8585	40615	
8586	40865	
8587	41012	
8588	41039	
8589	40955	
8590	40786	
8591	40561	
8592	40296	
8593	39991	
8594	39644	
8595	39266	
8596	38882	
8597	38521	
8598	38186	
8599	37847	
8600	37448	
8601	36946	
8602	36348	
8603	35716	
8604	35141	
8605	34698	
8606	34413	
8607	34258	
8608	34179	
8609	34130	
8610	34087	
8611	34049	
8612	34015	
8613	33978	
8614	33922	
8615	33841	
8616	33746	
8617	33671	
8618	33642	
8619	33666	
8620	33713	
8621	33743	
8622	33727	
8623	33672	
8624	33620	
8625	33615	
8626	33675	
8627	33788	
8628	33918	
8629	34040	
8630	34150	
8631	34259	
8632	34373	
8633	34474	
8634	34531	
8635	34522	
8636	34454	
8637	34365	
8638	34297	
8639	34268	
8640	34261	
8641	34240	
8642	34181	
8643	34091	
8644	34008	
8645	33969	
8646	33988	
8647	34048	
8648	34121	
8649	34188	
8650	34254	
8651	34334	
8652	34434	
8653	34534	
8654	34601	
8655	34610	
8656	34568	
8657	34513	
8658	34484	
8659	34498	
8660	34535	
8661	34554	
8662	34526	
8663	34459	
8664	34392	
8665	34375	
8666	34427	
8667	34530	
8668	34641	
8669	34717	
8670	34749	
8671	34757	
8672	34772	
8673	34804	
8674	34839	
8675	34850	
8676	34818	
8677	34753	
8678	34681	
8679	34625	
8680	34589	
8681	34557	
8682	34512	
8683	34455	
8684	34405	
8685	34391	
8686	34420	
8687	34481	
8688	34542	
8689	34581	
8690	34600	
8691	34618	
8692	34659	
8693	34721	
8694	34781	
8695	34808	
8696	34786	
8697	34727	
8698	34658	
8699	34600	
8700	34554	
8701	34503	
8702	34431	
8703	34341	
8704	34258	
8705	34213	
8706	34219	
8707	34268	
8708	34333	
8709	34387	
8710	34423	
8711	34445	
8712	34465	
8713	34486	
8714	34497	
8715	34483	
8716	34439	
8717	34377	
8718	34316	
8719	34267	
8720	34227	
8721	34177	
8722	34104	
8723	34016	
8724	33941	
8725	33907	
8726	33924	
8727	33973	
8728	34025	
8729	34058	
8730	34078	
8731	34103	
8732	34148	
8733	34206	
8734	34252	
8735	34260	
8736	34226	
8737	34169	
8738	34114	
8739	34078	
8740	34055	
8741	34024	
8742	33972	
8743	33904	
8744	33844	
8745	33817	
8746	33832	
8747	33877	
8748	33930	
8749	33976	
8750	34013	
8751	34054	
8752	34104	
8753	34159	
8754	34203	
8755	34217	
8756	34197	
8757	34153	
8758	34101	
8759	34050	
8760	33998	
8761	33935	
8762	33859	
8763	33780	
8764	33716	
8765	33681	
8766	33673	
8767	33678	
8768	33682	
8769	33681	
8770	33687	
8771	33715	
8772	33769	
8773	33833	
8774	33883	
8775	33897	
8776	33875	
8777	33830	
8778	33779	
8779	33725	
8780	33658	
8781	33570	
8782	33463	
8783	33363	
8784	33300	
8785	33292	
8786	33329	
8787	33381	
8788	33419	
8789	33435	
8790	33447	
8791	33482	
8792	33553	
8793	33641	
8794	33707	
8795	33719	
8796	33672	
8797	33595	
8798	33528	
8799	33494	
8800	33486	
8801	33478	
8802	33453	
8803	33421	
8804	33412	
8805	33453	
8806	33546	
8807	33660	
8808	33757	
8809	33817	
8810	33848	
8811	33880	
8812	33929	
8813	33986	
8814	34020	
8815	34003	
8816	33936	
8817	33855	
8818	33804	
8819	33804	
8820	33837	
8821	33859	
8822	33836	
8823	33765	
8824	33685	
8825	33644	
8826	33667	
8827	33743	
8828	33834	
8829	33905	
8830	33947	
8831	33980	
8832	34025	
8833	34089	
8834	34154	
8835	34193	
8836	34191	
8837	34154	
8838	34107	
8839	34069	
8840	34044	
8841	34022	
8842	33992	
8843	33960	
8844	33947	
8845	33973	
8846	34040	
8847	34128	
8848	34208	
8849	34259	
8850	34285	
8851	34307	
8852	34348	
8853	34410	
8854	34478	
8855	34526	
8856	34539	
8857	34526	
8858	34509	
8859	34508	
8860	34526	
8861	34547	
8862	34551	
8863	34534	
8864	34511	
8865	34512	
8866	34557	
8867	34645	
8868	34752	
8869	34847	
8870	34913	
8871	34948	
8872	34967	
8873	34981	
8874	34991	
8875	34989	
8876	34967	
8877	34927	
8878	34881	
8879	34836	
8880	34794	
8881	34743	
8882	34677	
8883	34600	
8884	34532	
8885	34496	
8886	34506	
8887	34554	
8888	34617	
8889	34673	
8890	34715	
8891	34749	
8892	34780	
8893	34803	
8894	34801	
8895	34756	
8896	34666	
8897	34553	
8898	34452	
8899	34384	
8900	34344	
8901	34308	
8902	34245	
8903	34147	
8904	34036	
8905	33949	
8906	33917	
8907	33942	
8908	34000	
8909	34056	
8910	34089	
8911	34096	
8912	34092	
8913	34089	
8914	34089	
8915	34085	
8916	34066	
8917	34026	
8918	33963	
8919	33881	
8920	33786	
8921	33687	
8922	33599	
8923	33536	
8924	33501	
8925	33489	
8926	33483	
8927	33471	
8928	33454	
8929	33450	
8930	33479	
8931	33549	
8932	33644	
8933	33730	
8934	33777	
8935	33775	
8936	33736	
8937	33687	
8938	33643	
8939	33607	
8940	33565	
8941	33506	
8942	33433	
8943	33366	
8944	33329	
8945	33335	
8946	33374	
8947	33421	
8948	33454	
8949	33467	
8950	33475	
8951	33501	
8952	33559	
8953	33637	
8954	33704	
8955	33724	
8956	33687	
8957	33606	
8958	33517	
8959	33450	
8960	33416	
8961	33402	
8962	33384	
8963	33349	
8964	33300	
8965	33257	
8966	33238	
8967	33248	
8968	33280	
8969	33325	
8970	33376	
8971	33436	
8972	33509	
8973	33589	
8974	33660	
8975	33703	
8976	33702	
8977	33661	
8978	33597	
8979	33532	
8980	33480	
8981	33446	
8982	33428	
8983	33423	
8984	33436	
8985	33471	
8986	33524	
8987	33584	
8988	33630	
8989	33650	
8990	33644	
8991	33626	
8992	33612	
8993	33609	
8994	33611	
8995	33605	
8996	33581	
8997	33540	
8998	33491	
8999	33442	
9000	33396	
9001	33350	
9002	33305	
9003	33270	
9004	33261	
9005	33289	
9006	33345	
9007	33407	
9008	33451	
9009	33469	
9010	33480	
9011	33514	
9012	33589	
9013	33693	
9014	33789	
9015	33836	
9016	33821	
9017	33761	
9018	33696	
9019	33658	
9020	33650	
9021	33656	
9022	33654	
9023	33644	
9024	33645	
9025	33679	
9026	33750	
9027	33834	
9028	33895	
9029	33912	
9030	33896	
9031	33885	
9032	33914	
9033	33991	
9034	34089	
9035	34167	
9036	34193	
9037	34169	
9038	34120	
9039	34071	
9040	34029	
9041	33987	
9042	33934	
9043	33876	
9044	33835	
9045	33831	
9046	33869	
9047	33926	
9048	33971	
9049	33986	
9050	33983	
9051	33993	
9052	34042	
9053	34128	
9054	34219	
9055	34278	
9056	34283	
9057	34249	
9058	34210	
9059	34190	
9060	34185	
9061	34168	
9062	34110	
9063	34015	
9064	33915	
9065	33855	
9066	33861	
9067	33916	
9068	33981	
9069	34021	
9070	34030	
9071	34034	
9072	34067	
9073	34140	
9074	34230	
9075	34294	
9076	34298	
9077	34243	
9078	34161	
9079	34094	
9080	34060	
9081	34046	
9082	34021	
9083	33965	
9084	33883	
9085	33805	
9086	33761	
9087	33759	
9088	33781	
9089	33803	
9090	33814	
9091	33823	
9092	33850	
9093	33902	
9094	33960	
9095	33994	
9096	33976	
9097	33910	
9098	33823	
9099	33749	
9100	33705	
9101	33681	
9102	33652	
9103	33604	
9104	33546	
9105	33501	
9106	33492	
9107	33519	
9108	33564	
9109	33602	
9110	33625	
9111	33642	
9112	33671	
9113	33713	
9114	33754	
9115	33766	
9116	33733	
9117	33662	
9118	33578	
9119	33507	
9120	33455	
9121	33406	
9122	33342	
9123	33264	
9124	33195	
9125	33165	
9126	33190	
9127	33258	
9128	33334	
9129	33385	
9130	33402	
9131	33399	
9132	33398	
9133	33410	
9134	33423	
9135	33417	
9136	33383	
9137	33334	
9138	33294	
9139	33283	
9140	33294	
9141	33300	
9142	33279	
9143	33229	
9144	33180	
9145	33167	
9146	33207	
9147	33282	
9148	33351	
9149	33385	
9150	33386	
9151	33389	
9152	33429	
9153	33513	
9154	33605	
9155	33653	
9156	33623	
9157	33527	
9158	33413	
9159	33335	
9160	33310	
9161	33319	
9162	33321	
9163	33293	
9164	33247	
9165	33217	
9166	33235	
9167	33301	
9168	33385	
9169	33453	
9170	33490	
9171	33510	
9172	33541	
9173	33591	
9174	33644	
9175	33666	
9176	33636	
9177	33568	
9178	33499	
9179	33465	
9180	33475	
9181	33499	
9182	33496	
9183	33443	
9184	33355	
9185	33276	
9186	33250	
9187	33292	
9188	33382	
9189	33484	
9190	33570	
9191	33634	
9192	33686	
9193	33739	
9194	33791	
9195	33831	
9196	33844	
9197	33827	
9198	33789	
9199	33741	
9200	33687	
9201	33627	
9202	33559	
9203	33495	
9204	33453	
9205	33449	
9206	33485	
9207	33546	
9208	33610	
9209	33665	
9210	33715	
9211	33774	
9212	33850	
9213	33931	
9214	33990	
9215	34004	
9216	33967	
9217	33901	
9218	33838	
9219	33801	
9220	33788	
9221	33779	
9222	33749	
9223	33696	
9224	33642	
9225	33617	
9226	33641	
9227	33706	
9228	33782	
9229	33841	
9230	33874	
9231	33894	
9232	33925	
9233	33979	
9234	34043	
9235	34090	
9236	34097	
9237	34062	
9238	34003	
9239	33947	
9240	33908	
9241	33882	
9242	33858	
9243	33829	
9244	33807	
9245	33808	
9246	33843	
9247	33900	
9248	33956	
9249	33994	
9250	34018	
9251	34050	
9252	34115	
9253	34212	
9254	34312	
9255	34372	
9256	34367	
9257	34305	
9258	34225	
9259	34164	
9260	34135	
9261	34119	
9262	34087	
9263	34025	
9264	33950	
9265	33898	
9266	33898	
9267	33948	
9268	34014	
9269	34060	
9270	34067	
9271	34051	
9272	34044	
9273	34069	
9274	34119	
9275	34162	
9276	34166	
9277	34122	
9278	34049	
9279	33979	
9280	33935	
9281	33914	
9282	33898	
9283	33876	
9284	33853	
9285	33849	
9286	33881	
9287	33947	
9288	34025	
9289	34095	
9290	34150	
9291	34199	
9292	34264	
9293	34348	
9294	34431	
9295	34481	
9296	34471	
9297	34404	
9298	34310	
9299	34228	
9300	34182	
9301	34169	
9302	34165	
9303	34153	
9304	34130	
9305	34116	
9306	34128	
9307	34170	
9308	34230	
9309	34286	
9310	34330	
9311	34366	
9312	34409	
9313	34463	
9314	34514	
9315	34538	
9316	34516	
9317	34451	
9318	34367	
9319	34291	
9320	34238	
9321	34198	
9322	34150	
9323	34084	
9324	34016	
9325	33979	
9326	34000	
9327	34077	
9328	34178	
9329	34260	
9330	34301	
9331	34310	
9332	34312	
9333	34329	
9334	34354	
9335	34362	
9336	34333	
9337	34273	
9338	34210	
9339	34171	
9340	34157	
9341	34144	
9342	34105	
9343	34034	
9344	33960	
9345	33924	
9346	33947	
9347	34016	
9348	34092	
9349	34141	
9350	34158	
9351	34168	
9352	34202	
9353	34266	
9354	34335	
9355	34368	
9356	34341	
9357	34267	
9358	34186	
9359	34135	
9360	34125	
9361	34128	
9362	34107	
9363	34043	
9364	33953	
9365	33878	
9366	33854	
9367	33885	
9368	33950	
9369	34014	
9370	34061	
9371	34095	
9372	34131	
9373	34175	
9374	34214	
9375	34227	
9376	34204	
9377	34155	
9378	34107	
9379	34081	
9380	34078	
9381	34073	
9382	34039	
9383	33966	
9384	33875	
9385	33807	
9386	33795	
9387	33843	
9388	33925	
9389	34002	
9390	34051	
9391	34077	
9392	34104	
9393	34148	
9394	34205	
9395	34247	
9396	34247	
9397	34201	
9398	34135	
9399	34082	
9400	34061	
9401	34062	
9402	34055	
9403	34020	
9404	33960	
9405	33907	
9406	33896	
9407	33938	
9408	34013	
9409	34086	
9410	34131	
9411	34152	
9412	34175	
9413	34223	
9414	34295	
9415	34364	
9416	34389	
9417	34350	
9418	34258	
9419	34148	
9420	34056	
9421	33998	
9422	33968	
9423	33953	
9424	33944	
9425	33944	
9426	33957	
9427	33981	
9428	34003	
9429	34012	
9430	34006	
9431	33998	
9432	34001	
9433	34020	
9434	34049	
9435	34079	
9436	34111	
9437	34169	
9438	34281	
9439	34460	
9440	34691	
9441	34932	
9442	35142	
9443	35306	
9444	35449	
9445	35612	
9446	35831	
9447	36111	
9448	36427	
9449	36745	
9450	37050	
9451	37353	
9452	37680	
9453	38047	
9454	38445	
9455	38842	
9456	39194	
9457	39469	
9458	39651	
9459	39743	
9460	39754	
9461	39698	
9462	39587	
9463	39429	
9464	39233	
9465	39005	
9466	38747	
9467	38468	
9468	38182	
9469	37908	
9470	37663	
9471	37448	
9472	37232	
9473	36965	
9474	36598	
9475	36112	
9476	35545	
9477	34972	
9478	34481	
9479	34124	
9480	33895	
9481	33741	
9482	33605	
9483	33457	
9484	33306	
9485	33183	
9486	33109	
9487	33079	
9488	33069	
9489	33062	
9490	33065	
9491	33100	
9492	33180	
9493	33291	
9494	33390	
9495	33438	
9496	33426	
9497	33387	
9498	33372	
9499	33410	
9500	33488	
9501	33554	
9502	33562	
9503	33505	
9504	33424	
9505	33378	
9506	33406	
9507	33498	
9508	33610	
9509	33700	
9510	33757	
9511	33802	
9512	33866	
9513	33955	
9514	34042	
9515	34087	
9516	34065	
9517	33989	
9518	33902	
9519	33846	
9520	33833	
9521	33844	
9522	33843	
9523	33814	
9524	33770	
9525	33744	
9526	33762	
9527	33823	
9528	33905	
9529	33982	
9530	34044	
9531	34104	
9532	34172	
9533	34243	
9534	34293	
9535	34295	
9536	34243	
9537	34164	
9538	34098	
9539	34066	
9540	34061	
9541	34047	
9542	33995	
9543	33908	
9544	33819	
9545	33774	
9546	33790	
9547	33846	
9548	33901	
9549	33924	
9550	33924	
9551	33935	
9552	33988	
9553	34080	
9554	34168	
9555	34202	
9556	34155	
9557	34048	
9558	33931	
9559	33850	
9560	33813	
9561	33793	
9562	33755	
9563	33688	
9564	33615	
9565	33577	
9566	33596	
9567	33661	
9568	33730	
9569	33768	
9570	33771	
9571	33768	
9572	33793	
9573	33856	
9574	33930	
9575	33972	
9576	33951	
9577	33877	
9578	33791	
9579	33734	
9580	33721	
9581	33726	
9582	33712	
9583	33657	
9584	33578	
9585	33520	
9586	33523	
9587	33593	
9588	33696	
9589	33787	
9590	33838	
9591	33855	
9592	33871	
9593	33909	
9594	33966	
9595	34010	
9596	34008	
9597	33950	
9598	33860	
9599	33776	
9600	33723	
9601	33693	
9602	33659	
9603	33598	
9604	33516	
9605	33445	
9606	33419	
9607	33449	
9608	33512	
9609	33570	
9610	33599	
9611	33604	
9612	33612	
9613	33643	
9614	33696	
9615	33742	
9616	33751	
9617	33713	
9618	33646	
9619	33580	
9620	33531	
9621	33495	
9622	33452	
9623	33395	
9624	33336	
9625	33305	
9626	33323	
9627	33383	
9628	33453	
9629	33498	
9630	33508	
9631	33503	
9632	33517	
9633	33567	
9634	33637	
9635	33688	
9636	33684	
9637	33625	
9638	33546	
9639	33489	
9640	33473	
9641	33482	
9642	33476	
9643	33428	
9644	33345	
9645	33267	
9646	33234	
9647	33260	
9648	33323	
9649	33384	
9650	33420	
9651	33437	
9652	33465	
9653	33527	
9654	33617	
9655	33701	
9656	33739	
9657	33715	
9658	33644	
9659	33559	
9660	33487	
9661	33435	
9662	33391	
9663	33345	
9664	33302	
9665	33278	
9666	33286	
9667	33320	
9668	33361	
9669	33388	
9670	33400	
9671	33415	
9672	33454	
9673	33519	
9674	33587	
9675	33625	
9676	33613	
9677	33561	
9678	33503	
9679	33463	
9680	33442	
9681	33417	
9682	33362	
9683	33279	
9684	33204	
9685	33183	
9686	33239	
9687	33351	
9688	33461	
9689	33518	
9690	33509	
9691	33468	
9692	33450	
9693	33485	
9694	33562	
9695	33633	
9696	33654	
9697	33613	
9698	33540	
9699	33476	
9700	33447	
9701	33445	
9702	33440	
9703	33408	
9704	33355	
9705	33312	
9706	33309	
9707	33356	
9708	33430	
9709	33497	
9710	33537	
9711	33560	
9712	33591	
9713	33650	
9714	33732	
9715	33808	
9716	33848	
9717	33842	
9718	33807	
9719	33774	
9720	33760	
9721	33756	
9722	33744	
9723	33711	
9724	33671	
9725	33661	
9726	33714	
9727	33833	
9728	33991	
9729	34142	
9730	34256	
9731	34333	
9732	34393	
9733	34459	
9734	34534	
9735	34599	
9736	34633	
9737	34630	
9738	34608	
9739	34590	
9740	34589	
9741	34594	
9742	34583	
9743	34546	
9744	34500	
9745	34477	
9746	34508	
9747	34594	
9748	34704	
9749	34800	
9750	34862	
9751	34897	
9752	34929	
9753	34978	
9754	35040	
9755	35095	
9756	35117	
9757	35101	
9758	35063	
9759	35024	
9760	34992	
9761	34953	
9762	34884	
9763	34778	
9764	34658	
9765	34567	
9766	34542	
9767	34588	
9768	34668	
9769	34736	
9770	34764	
9771	34761	
9772	34757	
9773	34776	
9774	34814	
9775	34839	
9776	34820	
9777	34752	
9778	34661	
9779	34581	
9780	34530	
9781	34495	
9782	34450	
9783	34378	
9784	34294	
9785	34235	
9786	34234	
9787	34290	
9788	34368	
9789	34424	
9790	34432	
9791	34404	
9792	34377	
9793	34384	
9794	34428	
9795	34478	
9796	34497	
9797	34463	
9798	34389	
9799	34302	
9800	34227	
9801	34172	
9802	34126	
9803	34086	
9804	34058	
9805	34063	
9806	34112	
9807	34197	
9808	34292	
9809	34371	
9810	34423	
9811	34460	
9812	34500	
9813	34548	
9814	34592	
9815	34608	
9816	34578	
9817	34507	
9818	34423	
9819	34354	
9820	34315	
9821	34301	
9822	34290	
9823	34268	
9824	34237	
9825	34212	
9826	34211	
9827	34235	
9828	34270	
9829	34301	
9830	34322	
9831	34341	
9832	34374	
9833	34425	
9834	34477	
9835	34505	
9836	34487	
9837	34424	
9838	34338	
9839	34256	
9840	34192	
9841	34146	
9842	34107	
9843	34070	
9844	34047	
9845	34058	
9846	34116	
9847	34215	
9848	34326	
9849	34420	
9850	34482	
9851	34521	
9852	34565	
9853	34631	
9854	34713	
9855	34781	
9856	34804	
9857	34767	
9858	34687	
9859	34597	
9860	34522	
9861	34462	
9862	34400	
9863	34319	
9864	34224	
9865	34141	
9866	34107	
9867	34136	
9868	34212	
9869	34299	
9870	34362	
9871	34391	
9872	34397	
9873	34400	
9874	34408	
9875	34409	
9876	34388	
9877	34339	
9878	34275	
9879	34214	
9880	34167	
9881	34123	
9882	34063	
9883	33980	
9884	33889	
9885	33824	
9886	33814	
9887	33858	
9888	33928	
9889	33984	
9890	34009	
9891	34014	
9892	34031	
9893	34083	
9894	34165	
9895	34241	
9896	34272	
9897	34239	
9898	34160	
9899	34075	
9900	34016	
9901	33988	
9902	33971	
9903	33942	
9904	33895	
9905	33849	
9906	33835	
9907	33868	
9908	33939	
9909	34019	
9910	34084	
9911	34129	
9912	34170	
9913	34223	
9914	34289	
9915	34347	
9916	34366	
9917	34332	
9918	34254	
9919	34161	
9920	34080	
9921	34021	
9922	33974	
9923	33926	
9924	33884	
9925	33871	
9926	33910	
9927	34002	
9928	34114	
9929	34200	
9930	34231	
9931	34219	
9932	34204	
9933	34230	
9934	34303	
9935	34390	
9936	34436	
9937	34407	
9938	34312	
9939	34193	
9940	34099	
9941	34051	
9942	34036	
9943	34024	
9944	33990	
9945	33940	
9946	33898	
9947	33895	
9948	33941	
9949	34025	
9950	34122	
9951	34210	
9952	34283	
9953	34342	
9954	34392	
9955	34428	
9956	34442	
9957	34423	
9958	34375	
9959	34307	
9960	34237	
9961	34176	
9962	34129	
9963	34094	
9964	34071	
9965	34063	
9966	34073	
9967	34103	
9968	34148	
9969	34203	
9970	34263	
9971	34332	
9972	34414	
9973	34507	
9974	34594	
9975	34644	
9976	34633	
9977	34558	
9978	34446	
9979	34339	
9980	34272	
9981	34247	
9982	34240	
9983	34217	
9984	34167	
9985	34109	
9986	34080	
9987	34106	
9988	34184	
9989	34284	
9990	34369	
9991	34420	
9992	34445	
9993	34462	
9994	34483	
9995	34505	
9996	34513	
9997	34495	
9998	34452	
9999	34394	
10000	34333	
10001	34277	
10002	34220	
10003	34163	
10004	34111	
10005	34077	
10006	34073	
10007	34098	
10008	34138	
10009	34180	
10010	34218	
10011	34262	
10012	34325	
10013	34413	
10014	34507	
10015	34575	
10016	34587	
10017	34536	
10018	34442	
10019	34340	
10020	34258	
10021	34200	
10022	34152	
10023	34099	
10024	34039	
10025	33989	
10026	33966	
10027	33979	
10028	34016	
10029	34060	
10030	34103	
10031	34151	
10032	34214	
10033	34295	
10034	34376	
10035	34429	
10036	34433	
10037	34390	
10038	34320	
10039	34249	
10040	34191	
10041	34139	
10042	34081	
10043	34015	
10044	33958	
10045	33935	
10046	33962	
10047	34030	
10048	34108	
10049	34166	
10050	34195	
10051	34211	
10052	34241	
10053	34298	
10054	34367	
10055	34418	
10056	34426	
10057	34394	
10058	34348	
10059	34317	
10060	34310	
10061	34309	
10062	34288	
10063	34232	
10064	34160	
10065	34106	
10066	34100	
10067	34145	
10068	34215	
10069	34278	
10070	34319	
10071	34351	
10072	34400	
10073	34481	
10074	34577	
10075	34650	
10076	34662	
10077	34606	
10078	34504	
10079	34397	
10080	34315	
10081	34262	
10082	34223	
10083	34183	
10084	34146	
10085	34128	
10086	34142	
10087	34187	
10088	34240	
10089	34276	
10090	34287	
10091	34288	
10092	34305	
10093	34350	
10094	34408	
10095	34447	
10096	34439	
10097	34387	
10098	34319	
10099	34269	
10100	34247	
10101	34234	
10102	34199	
10103	34127	
10104	34040	
10105	33979	
10106	33982	
10107	34047	
10108	34140	
10109	34215	
10110	34254	
10111	34270	
10112	34299	
10113	34362	
10114	34446	
10115	34514	
10116	34529	
10117	34487	
10118	34413	
10119	34347	
10120	34306	
10121	34280	
10122	34244	
10123	34184	
10124	34115	
10125	34069	
10126	34073	
10127	34122	
10128	34186	
10129	34234	
10130	34257	
10131	34277	
10132	34324	
10133	34410	
10134	34508	
10135	34573	
10136	34567	
10137	34492	
10138	34386	
10139	34298	
10140	34252	
10141	34236	
10142	34220	
10143	34181	
10144	34129	
10145	34095	
10146	34108	
10147	34173	
10148	34263	
10149	34341	
10150	34385	
10151	34404	
10152	34420	
10153	34451	
10154	34493	
10155	34524	
10156	34524	
10157	34488	
10158	34430	
10159	34370	
10160	34320	
10161	34279	
10162	34240	
10163	34204	
10164	34185	
10165	34196	
10166	34244	
10167	34314	
10168	34384	
10169	34437	
10170	34478	
10171	34525	
10172	34596	
10173	34688	
10174	34776	
10175	34828	
10176	34827	
10177	34784	
10178	34731	
10179	34693	
10180	34672	
10181	34642	
10182	34572	
10183	34456	
10184	34320	
10185	34216	
10186	34185	
10187	34239	
10188	34347	
10189	34458	
10190	34533	
10191	34561	
10192	34562	
10193	34565	
10194	34581	
10195	34601	
10196	34599	
10197	34561	
10198	34492	
10199	34415	
10200	34348	
10201	34296	
10202	34247	
10203	34184	
10204	34109	
10205	34042	
10206	34006	
10207	34017	
10208	34066	
10209	34129	
10210	34183	
10211	34224	
10212	34263	
10213	34311	
10214	34368	
10215	34416	
10216	34435	
10217	34422	
10218	34391	
10219	34362	
10220	34340	
10221	34314	
10222	34263	
10223	34182	
10224	34092	
10225	34030	
10226	34023	
10227	34069	
10228	34138	
10229	34195	
10230	34223	
10231	34235	
10232	34257	
10233	34306	
10234	34368	
10235	34411	
10236	34408	
10237	34357	
10238	34285	
10239	34221	
10240	34180	
10241	34147	
10242	34100	
10243	34033	
10244	33967	
10245	33936	
10246	33960	
10247	34025	
10248	34091	
10249	34121	
10250	34111	
10251	34092	
10252	34105	
10253	34167	
10254	34256	
10255	34325	
10256	34333	
10257	34274	
10258	34179	
10259	34093	
10260	34044	
10261	34030	
10262	34026	
10263	34009	
10264	33976	
10265	33948	
10266	33948	
10267	33985	
10268	34043	
10269	34094	
10270	34122	
10271	34134	
10272	34156	
10273	34206	
10274	34282	
10275	34357	
10276	34396	
10277	34384	
10278	34330	
10279	34261	
10280	34202	
10281	34157	
10282	34116	
10283	34069	
10284	34022	
10285	33995	
10286	34009	
10287	34070	
10288	34161	
10289	34252	
10290	34315	
10291	34343	
10292	34345	
10293	34342	
10294	34345	
10295	34355	
10296	34364	
10297	34358	
10298	34329	
10299	34277	
10300	34206	
10301	34128	
10302	34063	
10303	34044	
10304	34106	
10305	34270	
10306	34532	
10307	34854	
10308	35180	
10309	35465	
10310	35693	
10311	35885	
10312	36080	
10313	36310	
10314	36571	
10315	36835	
10316	37062	
10317	37232	
10318	37359	
10319	37486	
10320	37664	
10321	37920	
10322	38252	
10323	38628	
10324	39003	
10325	39342	
10326	39621	
10327	39831	
10328	39966	
10329	40023	
10330	40003	
10331	39912	
10332	39760	
10333	39555	
10334	39303	
10335	39011	
10336	38697	
10337	38380	
10338	38070	
10339	37755	
10340	37397	
10341	36954	
10342	36405	
10343	35780	
10344	35156	
10345	34628	
10346	34267	
10347	34078	
10348	34004	
10349	33958	
10350	33882	
10351	33763	
10352	33634	
10353	33531	
10354	33467	
10355	33426	
10356	33385	
10357	33334	
10358	33286	
10359	33258	
10360	33249	
10361	33238	
10362	33199	
10363	33127	
10364	33047	
10365	33008	
10366	33044	
10367	33149	
10368	33277	
10369	33374	
10370	33415	
10371	33424	
10372	33450	
10373	33526	
10374	33641	
10375	33743	
10376	33781	
10377	33742	
10378	33665	
10379	33605	
10380	33594	
10381	33616	
10382	33623	
10383	33580	
10384	33495	
10385	33414	
10386	33389	
10387	33433	
10388	33518	
10389	33593	
10390	33631	
10391	33642	
10392	33662	
10393	33718	
10394	33793	
10395	33842	
10396	33826	
10397	33742	
10398	33635	
10399	33562	
10400	33556	
10401	33597	
10402	33636	
10403	33625	
10404	33562	
10405	33482	
10406	33439	
10407	33460	
10408	33532	
10409	33617	
10410	33678	
10411	33711	
10412	33737	
10413	33782	
10414	33848	
10415	33912	
10416	33942	
10417	33924	
10418	33873	
10419	33817	
10420	33776	
10421	33746	
10422	33705	
10423	33640	
10424	33560	
10425	33502	
10426	33500	
10427	33564	
10428	33671	
10429	33780	
10430	33858	
10431	33899	
10432	33921	
10433	33947	
10434	33984	
10435	34019	
10436	34033	
10437	34013	
10438	33963	
10439	33901	
10440	33839	
10441	33779	
10442	33717	
10443	33653	
10444	33601	
10445	33582	
10446	33609	
10447	33676	
10448	33755	
10449	33822	
10450	33865	
10451	33897	
10452	33938	
10453	34002	
10454	34077	
10455	34140	
10456	34166	
10457	34148	
10458	34102	
10459	34045	
10460	33991	
10461	33937	
10462	33878	
10463	33818	
10464	33778	
10465	33782	
10466	33838	
10467	33927	
10468	34016	
10469	34074	
10470	34099	
10471	34113	
10472	34148	
10473	34217	
10474	34300	
10475	34357	
10476	34358	
10477	34302	
10478	34222	
10479	34154	
10480	34115	
10481	34094	
10482	34060	
10483	33999	
10484	33925	
10485	33876	
10486	33884	
10487	33950	
10488	34041	
10489	34115	
10490	34147	
10491	34149	
10492	34154	
10493	34189	
10494	34249	
10495	34301	
10496	34308	
10497	34255	
10498	34164	
10499	34072	
10500	34007	
10501	33970	
10502	33937	
10503	33889	
10504	33830	
10505	33786	
10506	33786	
10507	33835	
10508	33915	
10509	33992	
10510	34044	
10511	34072	
10512	34097	
10513	34135	
10514	34182	
10515	34216	
10516	34215	
10517	34171	
10518	34099	
10519	34024	
10520	33965	
10521	33922	
10522	33884	
10523	33844	
10524	33809	
10525	33797	
10526	33819	
10527	33870	
10528	33928	
10529	33969	
10530	33989	
10531	34005	
10532	34044	
10533	34118	
10534	34209	
10535	34279	
10536	34295	
10537	34252	
10538	34175	
10539	34101	
10540	34051	
10541	34022	
10542	33993	
10543	33952	
10544	33904	
10545	33871	
10546	33875	
10547	33913	
10548	33967	
10549	34010	
10550	34032	
10551	34044	
10552	34068	
10553	34118	
10554	34184	
10555	34239	
10556	34260	
10557	34245	
10558	34213	
10559	34186	
10560	34174	
10561	34166	
10562	34139	
10563	34085	
10564	34017	
10565	33968	
10566	33964	
10567	34006	
10568	34068	
10569	34118	
10570	34141	
10571	34152	
10572	34185	
10573	34260	
10574	34366	
10575	34461	
10576	34501	
10577	34465	
10578	34377	
10579	34283	
10580	34227	
10581	34223	
10582	34251	
10583	34278	
10584	34284	
10585	34277	
10586	34282	
10587	34318	
10588	34384	
10589	34460	
10590	34522	
10591	34568	
10592	34612	
10593	34673	
10594	34756	
10595	34843	
10596	34907	
10597	34928	
10598	34910	
10599	34873	
10600	34843	
10601	34829	
10602	34830	
10603	34834	
10604	34836	
10605	34844	
10606	34871	
10607	34924	
10608	35001	
10609	35088	
10610	35174	
10611	35254	
10612	35329	
10613	35403	
10614	35470	
10615	35517	
10616	35533	
10617	35519	
10618	35485	
10619	35444	
10620	35402	
10621	35354	
10622	35292	
10623	35219	
10624	35152	
10625	35117	
10626	35126	
10627	35172	
10628	35225	
10629	35256	
10630	35258	
10631	35244	
10632	35237	
10633	35247	
10634	35258	
10635	35247	
10636	35197	
10637	35117	
10638	35033	
10639	34965	
10640	34915	
10641	34864	
10642	34793	
10643	34701	
10644	34611	
10645	34554	
10646	34543	
10647	34564	
10648	34587	
10649	34585	
10650	34560	
10651	34539	
10652	34553	
10653	34615	
10654	34700	
10655	34765	
10656	34769	
10657	34705	
10658	34597	
10659	34486	
10660	34402	
10661	34349	
10662	34310	
10663	34265	
10664	34211	
10665	34162	
10666	34137	
10667	34145	
10668	34179	
10669	34222	
10670	34262	
10671	34298	
10672	34340	
10673	34394	
10674	34453	
10675	34497	
10676	34503	
10677	34460	
10678	34382	
10679	34294	
10680	34222	
10681	34175	
10682	34146	
10683	34120	
10684	34090	
10685	34063	
10686	34057	
10687	34086	
10688	34149	
10689	34231	
10690	34307	
10691	34363	
10692	34399	
10693	34423	
10694	34444	
10695	34462	
10696	34468	
10697	34457	
10698	34430	
10699	34395	
10700	34359	
10701	34320	
10702	34272	
10703	34208	
10704	34136	
10705	34074	
10706	34042	
10707	34050	
10708	34092	
10709	34147	
10710	34200	
10711	34242	
10712	34277	
10713	34309	
10714	34338	
10715	34351	
10716	34339	
10717	34303	
10718	34256	
10719	34220	
10720	34209	
10721	34214	
10722	34214	
10723	34188	
10724	34134	
10725	34070	
10726	34027	
10727	34023	
10728	34058	
10729	34114	
10730	34171	
10731	34220	
10732	34267	
10733	34321	
10734	34380	
10735	34427	
10736	34442	
10737	34412	
10738	34340	
10739	34245	
10740	34148	
10741	34063	
10742	33994	
10743	33940	
10744	33901	
10745	33882	
10746	33885	
10747	33907	
10748	33937	
10749	33969	
10750	34003	
10751	34050	
10752	34120	
10753	34208	
10754	34298	
10755	34364	
10756	34389	
10757	34376	
10758	34342	
10759	34304	
10760	34265	
10761	34217	
10762	34147	
10763	34058	
10764	33971	
10765	33920	
10766	33925	
10767	33983	
10768	34065	
10769	34138	
10770	34181	
10771	34199	
10772	34213	
10773	34244	
10774	34292	
10775	34342	
10776	34368	
10777	34358	
10778	34315	
10779	34257	
10780	34201	
10781	34156	
10782	34118	
10783	34079	
10784	34042	
10785	34016	
10786	34015	
10787	34044	
10788	34096	
10789	34151	
10790	34190	
10791	34204	
10792	34202	
10793	34202	
10794	34219	
10795	34256	
10796	34299	
10797	34328	
10798	34329	
10799	34297	
10800	34241	
10801	34173	
10802	34102	
10803	34039	
10804	33990	
10805	33962	
10806	33954	
10807	33958	
10808	33962	
10809	33959	
10810	33954	
10811	33962	
10812	33997	
10813	34059	
10814	34129	
10815	34176	
10816	34177	
10817	34133	
10818	34064	
10819	34000	
10820	33960	
10821	33940	
10822	33920	
10823	33884	
10824	33834	
10825	33789	
10826	33773	
10827	33799	
10828	33853	
10829	33914	
10830	33960	
10831	33989	
10832	34014	
10833	34051	
10834	34100	
10835	34144	
10836	34155	
10837	34119	
10838	34042	
10839	33947	
10840	33861	
10841	33798	
10842	33753	
10843	33715	
10844	33676	
10845	33643	
10846	33630	
10847	33651	
10848	33702	
10849	33768	
10850	33832	
10851	33885	
10852	33929	
10853	33970	
10854	34012	
10855	34044	
10856	34051	
10857	34024	
10858	33964	
10859	33889	
10860	33817	
10861	33760	
10862	33715	
10863	33672	
10864	33622	
10865	33571	
10866	33535	
10867	33529	
10868	33560	
10869	33618	
10870	33689	
10871	33760	
10872	33826	
10873	33886	
10874	33937	
10875	33969	
10876	33974	
10877	33949	
10878	33902	
10879	33848	
10880	33802	
10881	33763	
10882	33725	
10883	33680	
10884	33629	
10885	33586	
10886	33569	
10887	33586	
10888	33632	
10889	33687	
10890	33737	
10891	33778	
10892	33820	
10893	33874	
10894	33940	
10895	34005	
10896	34045	
10897	34048	
10898	34018	
10899	33975	
10900	33936	
10901	33903	
10902	33866	
10903	33811	
10904	33740	
10905	33675	
10906	33646	
10907	33671	
10908	33740	
10909	33825	
10910	33896	
10911	33941	
10912	33972	
10913	34007	
10914	34055	
10915	34102	
10916	34124	
10917	34105	
10918	34049	
10919	33978	
10920	33916	
10921	33875	
10922	33846	
10923	33820	
10924	33793	
10925	33775	
10926	33780	
10927	33812	
10928	33855	
10929	33890	
10930	33906	
10931	33912	
10932	33929	
10933	33972	
10934	34036	
10935	34093	
10936	34112	
10937	34079	
10938	34010	
10939	33935	
10940	33877	
10941	33839	
10942	33806	
10943	33759	
10944	33697	
10945	33639	
10946	33610	
10947	33623	
10948	33666	
10949	33711	
10950	33733	
10951	33727	
10952	33712	
10953	33711	
10954	33732	
10955	33762	
10956	33779	
10957	33767	
10958	33729	
10959	33682	
10960	33638	
10961	33595	
10962	33539	
10963	33466	
10964	33389	
10965	33340	
10966	33344	
10967	33399	
10968	33476	
10969	33531	
10970	33541	
10971	33521	
10972	33505	
10973	33525	
10974	33578	
10975	33629	
10976	33638	
10977	33592	
10978	33514	
10979	33445	
10980	33413	
10981	33409	
10982	33402	
10983	33360	
10984	33284	
10985	33205	
10986	33160	
10987	33170	
10988	33219	
10989	33274	
10990	33314	
10991	33339	
10992	33369	
10993	33419	
10994	33480	
10995	33521	
10996	33513	
10997	33451	
10998	33360	
10999	33278	
11000	33227	
11001	33200	
11002	33167	
11003	33107	
11004	33025	
11005	32950	
11006	32919	
11007	32944	
11008	33007	
11009	33075	
11010	33121	
11011	33145	
11012	33168	
11013	33210	
11014	33270	
11015	33324	
11016	33344	
11017	33321	
11018	33277	
11019	33243	
11020	33238	
11021	33255	
11022	33258	
11023	33222	
11024	33147	
11025	33066	
11026	33024	
11027	33044	
11028	33115	
11029	33202	
11030	33274	
11031	33322	
11032	33363	
11033	33415	
11034	33479	
11035	33532	
11036	33547	
11037	33516	
11038	33455	
11039	33396	
11040	33359	
11041	33339	
11042	33311	
11043	33258	
11044	33187	
11045	33128	
11046	33113	
11047	33149	
11048	33211	
11049	33261	
11050	33276	
11051	33262	
11052	33250	
11053	33265	
11054	33303	
11055	33336	
11056	33327	
11057	33266	
11058	33177	
11059	33100	
11060	33058	
11061	33044	
11062	33023	
11063	32967	
11064	32877	
11065	32787	
11066	32741	
11067	32759	
11068	32821	
11069	32888	
11070	32926	
11071	32933	
11072	32937	
11073	32968	
11074	33033	
11075	33108	
11076	33154	
11077	33147	
11078	33096	
11079	33032	
11080	32982	
11081	32952	
11082	32923	
11083	32874	
11084	32806	
11085	32746	
11086	32726	
11087	32762	
11088	32836	
11089	32908	
11090	32951	
11091	32966	
11092	32982	
11093	33030	
11094	33114	
11095	33204	
11096	33257	
11097	33250	
11098	33195	
11099	33134	
11100	33102	
11101	33103	
11102	33109	
11103	33082	
11104	33011	
11105	32919	
11106	32852	
11107	32845	
11108	32897	
11109	32975	
11110	33040	
11111	33071	
11112	33080	
11113	33094	
11114	33130	
11115	33181	
11116	33219	
11117	33217	
11118	33172	
11119	33102	
11120	33037	
11121	32994	
11122	32974	
11123	32961	
11124	32945	
11125	32932	
11126	32935	
11127	32965	
11128	33023	
11129	33092	
11130	33158	
11131	33217	
11132	33271	
11133	33327	
11134	33376	
11135	33403	
11136	33392	
11137	33345	
11138	33286	
11139	33242	
11140	33233	
11141	33249	
11142	33265	
11143	33256	
11144	33220	
11145	33178	
11146	33161	
11147	33184	
11148	33238	
11149	33300	
11150	33349	
11151	33383	
11152	33417	
11153	33462	
11154	33513	
11155	33548	
11156	33539	
11157	33478	
11158	33382	
11159	33287	
11160	33226	
11161	33215	
11162	33250	
11163	33324	
11164	33435	
11165	33592	
11166	33800	
11167	34048	
11168	34310	
11169	34559	
11170	34785	
11171	35006	
11172	35251	
11173	35541	
11174	35864	
11175	36184	
11176	36459	
11177	36678	
11178	36866	
11179	37077	
11180	37355	
11181	37704	
11182	38085	
11183	38432	
11184	38689	
11185	38835	
11186	38887	
11187	38880	
11188	38836	
11189	38756	
11190	38625	
11191	38428	
11192	38162	
11193	37848	
11194	37515	
11195	37193	
11196	36897	
11197	36625	
11198	36352	
11199	36042	
11200	35658	
11201	35182	
11202	34636	
11203	34077	
11204	33588	
11205	33236	
11206	33044	
11207	32986	
11208	32999	
11209	33019	
11210	33012	
11211	32975	
11212	32933	
11213	32906	
11214	32900	
11215	32905	
11216	32906	
11217	32899	
11218	32894	
11219	32899	
11220	32912	
11221	32920	
11222	32905	
11223	32865	
11224	32821	
11225	32806	
11226	32842	
11227	32931	
11228	33047	
11229	33161	
11230	33252	
11231	33324	
11232	33397	
11233	33487	
11234	33591	
11235	33687	
11236	33750	
11237	33768	
11238	33750	
11239	33722	
11240	33702	
11241	33698	
11242	33700	
11243	33696	
11244	33684	
11245	33673	
11246	33674	
11247	33689	
11248	33709	
11249	33721	
11250	33727	
11251	33738	
11252	33774	
11253	33838	
11254	33913	
11255	33968	
11256	33978	
11257	33942	
11258	33884	
11259	33836	
11260	33815	
11261	33814	
11262	33810	
11263	33784	
11264	33742	
11265	33706	
11266	33700	
11267	33733	
11268	33784	
11269	33826	
11270	33839	
11271	33829	
11272	33825	
11273	33851	
11274	33913	
11275	33988	
11276	34040	
11277	34044	
11278	33995	
11279	33915	
11280	33832	
11281	33764	
11282	33715	
11283	33683	
11284	33667	
11285	33670	
11286	33696	
11287	33737	
11288	33778	
11289	33802	
11290	33808	
11291	33814	
11292	33844	
11293	33912	
11294	34004	
11295	34084	
11296	34117	
11297	34090	
11298	34024	
11299	33960	
11300	33930	
11301	33937	
11302	33956	
11303	33956	
11304	33923	
11305	33871	
11306	33832	
11307	33834	
11308	33877	
11309	33939	
11310	33993	
11311	34028	
11312	34053	
11313	34086	
11314	34136	
11315	34193	
11316	34232	
11317	34233	
11318	34199	
11319	34149	
11320	34108	
11321	34090	
11322	34088	
11323	34087	
11324	34077	
11325	34064	
11326	34064	
11327	34089	
11328	34135	
11329	34186	
11330	34227	
11331	34251	
11332	34269	
11333	34298	
11334	34341	
11335	34391	
11336	34426	
11337	34432	
11338	34404	
11339	34354	
11340	34296	
11341	34240	
11342	34187	
11343	34137	
11344	34095	
11345	34070	
11346	34073	
11347	34103	
11348	34147	
11349	34189	
11350	34215	
11351	34231	
11352	34250	
11353	34285	
11354	34334	
11355	34379	
11356	34395	
11357	34370	
11358	34310	
11359	34244	
11360	34196	
11361	34174	
11362	34165	
11363	34146	
11364	34108	
11365	34063	
11366	34035	
11367	34044	
11368	34084	
11369	34130	
11370	34156	
11371	34157	
11372	34154	
11373	34176	
11374	34235	
11375	34309	
11376	34356	
11377	34342	
11378	34266	
11379	34162	
11380	34077	
11381	34038	
11382	34037	
11383	34043	
11384	34032	
11385	34004	
11386	33985	
11387	34002	
11388	34058	
11389	34127	
11390	34175	
11391	34188	
11392	34179	
11393	34181	
11394	34217	
11395	34276	
11396	34327	
11397	34338	
11398	34303	
11399	34245	
11400	34195	
11401	34169	
11402	34155	
11403	34132	
11404	34091	
11405	34050	
11406	34040	
11407	34081	
11408	34163	
11409	34253	
11410	34315	
11411	34337	
11412	34340	
11413	34353	
11414	34393	
11415	34445	
11416	34475	
11417	34456	
11418	34391	
11419	34311	
11420	34255	
11421	34243	
11422	34262	
11423	34277	
11424	34261	
11425	34215	
11426	34168	
11427	34153	
11428	34188	
11429	34257	
11430	34326	
11431	34371	
11432	34391	
11433	34406	
11434	34438	
11435	34491	
11436	34546	
11437	34574	
11438	34561	
11439	34514	
11440	34455	
11441	34408	
11442	34383	
11443	34378	
11444	34388	
11445	34411	
11446	34449	
11447	34501	
11448	34560	
11449	34615	
11450	34662	
11451	34711	
11452	34778	
11453	34876	
11454	34997	
11455	35118	
11456	35209	
11457	35258	
11458	35272	
11459	35275	
11460	35288	
11461	35309	
11462	35323	
11463	35315	
11464	35287	
11465	35261	
11466	35270	
11467	35330	
11468	35430	
11469	35539	
11470	35624	
11471	35672	
11472	35700	
11473	35731	
11474	35782	
11475	35843	
11476	35888	
11477	35896	
11478	35864	
11479	35811	
11480	35763	
11481	35731	
11482	35705	
11483	35668	
11484	35612	
11485	35549	
11486	35503	
11487	35495	
11488	35527	
11489	35579	
11490	35623	
11491	35636	
11492	35621	
11493	35596	
11494	35581	
11495	35581	
11496	35580	
11497	35554	
11498	35486	
11499	35387	
11500	35279	
11501	35189	
11502	35126	
11503	35080	
11504	35037	
11505	34991	
11506	34951	
11507	34930	
11508	34929	
11509	34937	
11510	34938	
11511	34924	
11512	34910	
11513	34914	
11514	34950	
11515	35005	
11516	35047	
11517	35047	
11518	34998	
11519	34918	
11520	34837	
11521	34773	
11522	34722	
11523	34666	
11524	34596	
11525	34523	
11526	34470	
11527	34456	
11528	34479	
11529	34519	
11530	34551	
11531	34568	
11532	34575	
11533	34587	
11534	34608	
11535	34634	
11536	34649	
11537	34644	
11538	34615	
11539	34566	
11540	34500	
11541	34427	
11542	34354	
11543	34295	
11544	34261	
11545	34255	
11546	34269	
11547	34285	
11548	34290	
11549	34279	
11550	34263	
11551	34260	
11552	34284	
11553	34332	
11554	34390	
11555	34432	
11556	34441	
11557	34410	
11558	34351	
11559	34285	
11560	34233	
11561	34201	
11562	34179	
11563	34151	
11564	34106	
11565	34049	
11566	33999	
11567	33980	
11568	33999	
11569	34046	
11570	34097	
11571	34134	
11572	34153	
11573	34163	
11574	34176	
11575	34196	
11576	34217	
11577	34228	
11578	34222	
11579	34200	
11580	34165	
11581	34120	
11582	34068	
11583	34015	
11584	33976	
11585	33964	
11586	33986	
11587	34031	
11588	34077	
11589	34106	
11590	34113	
11591	34116	
11592	34138	
11593	34192	
11594	34268	
11595	34335	
11596	34362	
11597	34338	
11598	34278	
11599	34211	
11600	34162	
11601	34132	
11602	34109	
11603	34073	
11604	34022	
11605	33975	
11606	33958	
11607	33986	
11608	34052	
11609	34129	
11610	34192	
11611	34234	
11612	34270	
11613	34316	
11614	34376	
11615	34428	
11616	34440	
11617	34396	
11618	34307	
11619	34211	
11620	34147	
11621	34124	
11622	34122	
11623	34105	
11624	34055	
11625	33983	
11626	33924	
11627	33914	
11628	33956	
11629	34028	
11630	34091	
11631	34122	
11632	34121	
11633	34114	
11634	34120	
11635	34143	
11636	34165	
11637	34167	
11638	34139	
11639	34097	
11640	34063	
11641	34046	
11642	34039	
11643	34020	
11644	33976	
11645	33920	
11646	33881	
11647	33888	
11648	33945	
11649	34027	
11650	34100	
11651	34143	
11652	34164	
11653	34187	
11654	34231	
11655	34289	
11656	34334	
11657	34335	
11658	34289	
11659	34219	
11660	34164	
11661	34142	
11662	34144	
11663	34140	
11664	34104	
11665	34044	
11666	33991	
11667	33986	
11668	34043	
11669	34142	
11670	34241	
11671	34303	
11672	34323	
11673	34323	
11674	34329	
11675	34349	
11676	34365	
11677	34347	
11678	34284	
11679	34195	
11680	34121	
11681	34098	
11682	34129	
11683	34184	
11684	34222	
11685	34221	
11686	34189	
11687	34159	
11688	34163	
11689	34209	
11690	34281	
11691	34354	
11692	34411	
11693	34449	
11694	34476	
11695	34497	
11696	34509	
11697	34502	
11698	34470	
11699	34422	
11700	34372	
11701	34335	
11702	34314	
11703	34301	
11704	34283	
11705	34257	
11706	34233	
11707	34228	
11708	34253	
11709	34303	
11710	34363	
11711	34415	
11712	34450	
11713	34470	
11714	34482	
11715	34489	
11716	34488	
11717	34475	
11718	34454	
11719	34433	
11720	34419	
11721	34414	
11722	34408	
11723	34393	
11724	34366	
11725	34340	
11726	34333	
11727	34355	
11728	34401	
11729	34453	
11730	34489	
11731	34503	
11732	34506	
11733	34514	
11734	34537	
11735	34567	
11736	34583	
11737	34568	
11738	34520	
11739	34456	
11740	34399	
11741	34359	
11742	34328	
11743	34285	
11744	34219	
11745	34140	
11746	34077	
11747	34061	
11748	34104	
11749	34185	
11750	34266	
11751	34316	
11752	34326	
11753	34315	
11754	34311	
11755	34324	
11756	34343	
11757	34345	
11758	34311	
11759	34243	
11760	34160	
11761	34084	
11762	34026	
11763	33985	
11764	33950	
11765	33919	
11766	33898	
11767	33893	
11768	33907	
11769	33930	
11770	33954	
11771	33979	
11772	34018	
11773	34085	
11774	34175	
11775	34260	
11776	34302	
11777	34278	
11778	34198	
11779	34105	
11780	34040	
11781	34021	
11782	34029	
11783	34028	
11784	33999	
11785	33954	
11786	33924	
11787	33936	
11788	33985	
11789	34042	
11790	34082	
11791	34102	
11792	34126	
11793	34181	
11794	34268	
11795	34355	
11796	34400	
11797	34378	
11798	34306	
11799	34227	
11800	34181	
11801	34172	
11802	34173	
11803	34146	
11804	34080	
11805	34001	
11806	33955	
11807	33973	
11808	34048	
11809	34141	
11810	34209	
11811	34237	
11812	34246	
11813	34271	
11814	34330	
11815	34405	
11816	34457	
11817	34448	
11818	34380	
11819	34289	
11820	34225	
11821	34214	
11822	34241	
11823	34263	
11824	34242	
11825	34178	
11826	34107	
11827	34074	
11828	34099	
11829	34165	
11830	34227	
11831	34254	
11832	34246	
11833	34236	
11834	34253	
11835	34301	
11836	34351	
11837	34360	
11838	34310	
11839	34222	
11840	34139	
11841	34095	
11842	34091	
11843	34095	
11844	34070	
11845	34006	
11846	33926	
11847	33870	
11848	33863	
11849	33899	
11850	33951	
11851	33993	
11852	34017	
11853	34037	
11854	34064	
11855	34101	
11856	34129	
11857	34132	
11858	34104	
11859	34054	
11860	33998	
11861	33942	
11862	33881	
11863	33808	
11864	33729	
11865	33665	
11866	33640	
11867	33665	
11868	33720	
11869	33773	
11870	33797	
11871	33794	
11872	33789	
11873	33815	
11874	33881	
11875	33966	
11876	34030	
11877	34045	
11878	34012	
11879	33958	
11880	33919	
11881	33905	
11882	33902	
11883	33882	
11884	33835	
11885	33774	
11886	33736	
11887	33747	
11888	33808	
11889	33892	
11890	33967	
11891	34019	
11892	34060	
11893	34114	
11894	34192	
11895	34277	
11896	34338	
11897	34347	
11898	34309	
11899	34254	
11900	34222	
11901	34227	
11902	34256	
11903	34274	
11904	34259	
11905	34215	
11906	34171	
11907	34156	
11908	34177	
11909	34212	
11910	34230	
11911	34216	
11912	34187	
11913	34175	
11914	34200	
11915	34254	
11916	34302	
11917	34307	
11918	34256	
11919	34167	
11920	34072	
11921	33999	
11922	33950	
11923	33911	
11924	33868	
11925	33827	
11926	33806	
11927	33823	
11928	33876	
11929	33941	
11930	33985	
11931	33995	
11932	33984	
11933	33980	
11934	34000	
11935	34036	
11936	34060	
11937	34045	
11938	33991	
11939	33922	
11940	33867	
11941	33839	
11942	33820	
11943	33781	
11944	33710	
11945	33622	
11946	33554	
11947	33540	
11948	33587	
11949	33670	
11950	33751	
11951	33806	
11952	33834	
11953	33855	
11954	33884	
11955	33922	
11956	33948	
11957	33942	
11958	33895	
11959	33820	
11960	33740	
11961	33670	
11962	33613	
11963	33559	
11964	33506	
11965	33461	
11966	33442	
11967	33457	
11968	33499	
11969	33545	
11970	33576	
11971	33592	
11972	33613	
11973	33660	
11974	33735	
11975	33811	
11976	33846	
11977	33813	
11978	33718	
11979	33605	
11980	33520	
11981	33487	
11982	33488	
11983	33482	
11984	33438	
11985	33366	
11986	33309	
11987	33317	
11988	33409	
11989	33552	
11990	33687	
11991	33761	
11992	33764	
11993	33729	
11994	33704	
11995	33720	
11996	33769	
11997	33821	
11998	33842	
11999	33822	
12000	33774	
12001	33720	
12002	33675	
12003	33641	
12004	33617	
12005	33602	
12006	33607	
12007	33637	
12008	33688	
12009	33741	
12010	33780	
12011	33799	
12012	33811	
12013	33838	
12014	33892	
12015	33964	
12016	34027	
12017	34056	
12018	34044	
12019	34005	
12020	33959	
12021	33918	
12022	33872	
12023	33810	
12024	33726	
12025	33637	
12026	33568	
12027	33536	
12028	33535	
12029	33543	
12030	33540	
12031	33533	
12032	33554	
12033	33644	
12034	33822	
12035	34068	
12036	34335	
12037	34577	
12038	34773	
12039	34933	
12040	35086	
12041	35255	
12042	35442	
12043	35634	
12044	35824	
12045	36019	
12046	36240	
12047	36504	
12048	36814	
12049	37159	
12050	37522	
12051	37895	
12052	38281	
12053	38677	
12054	39064	
12055	39395	
12056	39624	
12057	39723	
12058	39704	
12059	39608	
12060	39477	
12061	39326	
12062	39136	
12063	38881	
12064	38550	
12065	38175	
12066	37811	
12067	37507	
12068	37271	
12069	37059	
12070	36795	
12071	36422	
12072	35938	
12073	35398	
12074	34887	
12075	34472	
12076	34171	
12077	33956	
12078	33786	
12079	33633	
12080	33491	
12081	33363	
12082	33245	
12083	33125	
12084	32994	
12085	32867	
12086	32776	
12087	32758	
12088	32822	
12089	32937	
12090	33047	
12091	33103	
12092	33099	
12093	33074	
12094	33082	
12095	33153	
12096	33267	
12097	33370	
12098	33413	
12099	33385	
12100	33317	
12101	33259	
12102	33238	
12103	33246	
12104	33252	
12105	33238	
12106	33216	
12107	33222	
12108	33286	
12109	33405	
12110	33539	
12111	33641	
12112	33683	
12113	33677	
12114	33660	
12115	33666	
12116	33698	
12117	33736	
12118	33749	
12119	33724	
12120	33671	
12121	33612	
12122	33567	
12123	33535	
12124	33510	
12125	33486	
12126	33467	
12127	33463	
12128	33479	
12129	33504	
12130	33525	
12131	33535	
12132	33542	
12133	33565	
12134	33616	
12135	33684	
12136	33738	
12137	33747	
12138	33700	
12139	33621	
12140	33549	
12141	33514	
12142	33519	
12143	33537	
12144	33532	
12145	33490	
12146	33426	
12147	33373	
12148	33361	
12149	33396	
12150	33457	
12151	33517	
12152	33559	
12153	33589	
12154	33618	
12155	33655	
12156	33692	
12157	33711	
12158	33698	
12159	33656	
12160	33599	
12161	33546	
12162	33503	
12163	33469	
12164	33436	
12165	33407	
12166	33392	
12167	33404	
12168	33444	
12169	33502	
12170	33560	
12171	33610	
12172	33654	
12173	33702	
12174	33757	
12175	33806	
12176	33825	
12177	33802	
12178	33744	
12179	33681	
12180	33646	
12181	33653	
12182	33689	
12183	33721	
12184	33726	
12185	33701	
12186	33671	
12187	33662	
12188	33689	
12189	33742	
12190	33802	
12191	33855	
12192	33905	
12193	33963	
12194	34036	
12195	34108	
12196	34152	
12197	34144	
12198	34087	
12199	34007	
12200	33942	
12201	33916	
12202	33922	
12203	33934	
12204	33926	
12205	33897	
12206	33866	
12207	33862	
12208	33900	
12209	33968	
12210	34038	
12211	34088	
12212	34115	
12213	34136	
12214	34166	
12215	34203	
12216	34227	
12217	34213	
12218	34157	
12219	34079	
12220	34009	
12221	33965	
12222	33941	
12223	33916	
12224	33875	
12225	33822	
12226	33784	
12227	33785	
12228	33826	
12229	33886	
12230	33931	
12231	33945	
12232	33938	
12233	33932	
12234	33945	
12235	33968	
12236	33977	
12237	33949	
12238	33886	
12239	33821	
12240	33790	
12241	33808	
12242	33851	
12243	33873	
12244	33839	
12245	33752	
12246	33651	
12247	33589	
12248	33592	
12249	33645	
12250	33708	
12251	33744	
12252	33749	
12253	33748	
12254	33765	
12255	33803	
12256	33837	
12257	33832	
12258	33776	
12259	33692	
12260	33618	
12261	33581	
12262	33577	
12263	33573	
12264	33539	
12265	33476	
12266	33414	
12267	33392	
12268	33431	
12269	33513	
12270	33596	
12271	33644	
12272	33648	
12273	33631	
12274	33623	
12275	33642	
12276	33675	
12277	33697	
12278	33685	
12279	33637	
12280	33574	
12281	33518	
12282	33481	
12283	33457	
12284	33430	
12285	33393	
12286	33353	
12287	33329	
12288	33335	
12289	33373	
12290	33426	
12291	33474	
12292	33506	
12293	33521	
12294	33529	
12295	33539	
12296	33548	
12297	33552	
12298	33546	
12299	33529	
12300	33505	
12301	33474	
12302	33435	
12303	33385	
12304	33330	
12305	33286	
12306	33268	
12307	33284	
12308	33328	
12309	33379	
12310	33422	
12311	33454	
12312	33483	
12313	33527	
12314	33588	
12315	33654	
12316	33701	
12317	33715	
12318	33697	
12319	33669	
12320	33652	
12321	33651	
12322	33656	
12323	33646	
12324	33618	
12325	33590	
12326	33594	
12327	33653	
12328	33762	
12329	33889	
12330	33994	
12331	34055	
12332	34087	
12333	34119	
12334	34179	
12335	34263	
12336	34345	
12337	34393	
12338	34397	
12339	34379	
12340	34371	
12341	34390	
12342	34426	
12343	34451	
12344	34440	
12345	34401	
12346	34366	
12347	34371	
12348	34425	
12349	34506	
12350	34572	
12351	34600	
12352	34598	
12353	34602	
12354	34644	
12355	34720	
12356	34793	
12357	34816	
12358	34764	
12359	34651	
12360	34524	
12361	34425	
12362	34368	
12363	34341	
12364	34315	
12365	34279	
12366	34240	
12367	34215	
12368	34213	
12369	34223	
12370	34224	
12371	34208	
12372	34189	
12373	34193	
12374	34236	
12375	34307	
12376	34363	
12377	34361	
12378	34287	
12379	34163	
12380	34040	
12381	33958	
12382	33922	
12383	33901	
12384	33856	
12385	33773	
12386	33674	
12387	33605	
12388	33598	
12389	33651	
12390	33727	
12391	33787	
12392	33814	
12393	33822	
12394	33837	
12395	33874	
12396	33916	
12397	33934	
12398	33904	
12399	33831	
12400	33747	
12401	33689	
12402	33675	
12403	33690	
12404	33705	
12405	33699	
12406	33675	
12407	33658	
12408	33672	
12409	33722	
12410	33792	
12411	33860	
12412	33919	
12413	33979	
12414	34057	
12415	34154	
12416	34246	
12417	34300	
12418	34297	
12419	34245	
12420	34180	
12421	34137	
12422	34129	
12423	34139	
12424	34139	
12425	34118	
12426	34091	
12427	34090	
12428	34136	
12429	34225	
12430	34331	
12431	34424	
12432	34495	
12433	34561	
12434	34643	
12435	34746	
12436	34847	
12437	34906	
12438	34897	
12439	34825	
12440	34725	
12441	34639	
12442	34587	
12443	34562	
12444	34542	
12445	34512	
12446	34482	
12447	34474	
12448	34503	
12449	34566	
12450	34641	
12451	34705	
12452	34752	
12453	34793	
12454	34843	
12455	34901	
12456	34950	
12457	34966	
12458	34936	
12459	34869	
12460	34792	
12461	34729	
12462	34689	
12463	34660	
12464	34624	
12465	34573	
12466	34517	
12467	34474	
12468	34460	
12469	34472	
12470	34496	
12471	34515	
12472	34525	
12473	34534	
12474	34551	
12475	34576	
12476	34595	
12477	34584	
12478	34535	
12479	34453	
12480	34362	
12481	34280	
12482	34212	
12483	34148	
12484	34074	
12485	33993	
12486	33925	
12487	33891	
12488	33905	
12489	33952	
12490	34002	
12491	34027	
12492	34020	
12493	33998	
12494	33989	
12495	34005	
12496	34033	
12497	34045	
12498	34018	
12499	33954	
12500	33880	
12501	33819	
12502	33775	
12503	33729	
12504	33654	
12505	33546	
12506	33438	
12507	33374	
12508	33383	
12509	33453	
12510	33538	
12511	33589	
12512	33591	
12513	33566	
12514	33556	
12515	33585	
12516	33635	
12517	33667	
12518	33640	
12519	33553	
12520	33437	
12521	33339	
12522	33288	
12523	33280	
12524	33288	
12525	33288	
12526	33276	
12527	33268	
12528	33279	
12529	33312	
12530	33353	
12531	33385	
12532	33405	
12533	33425	
12534	33459	
12535	33512	
12536	33566	
12537	33597	
12538	33589	
12539	33545	
12540	33482	
12541	33423	
12542	33379	
12543	33347	
12544	33319	
12545	33291	
12546	33267	
12547	33256	
12548	33260	
12549	33277	
12550	33300	
12551	33326	
12552	33359	
12553	33400	
12554	33447	
12555	33486	
12556	33502	
12557	33489	
12558	33459	
12559	33431	
12560	33419	
12561	33417	
12562	33403	
12563	33359	
12564	33284	
12565	33206	
12566	33164	
12567	33185	
12568	33265	
12569	33367	
12570	33448	
12571	33487	
12572	33494	
12573	33501	
12574	33537	
12575	33604	
12576	33676	
12577	33719	
12578	33714	
12579	33672	
12580	33618	
12581	33577	
12582	33550	
12583	33525	
12584	33486	
12585	33436	
12586	33394	
12587	33385	
12588	33415	
12589	33470	
12590	33526	
12591	33567	
12592	33598	
12593	33638	
12594	33698	
12595	33771	
12596	33828	
12597	33839	
12598	33794	
12599	33712	
12600	33628	
12601	33572	
12602	33547	
12603	33537	
12604	33520	
12605	33490	
12606	33463	
12607	33460	
12608	33493	
12609	33554	
12610	33622	
12611	33678	
12612	33719	
12613	33756	
12614	33798	
12615	33840	
12616	33867	
12617	33864	
12618	33829	
12619	33779	
12620	33731	
12621	33692	
12622	33656	
12623	33608	
12624	33543	
12625	33475	
12626	33428	
12627	33423	
12628	33462	
12629	33528	
12630	33594	
12631	33645	
12632	33684	
12633	33725	
12634	33779	
12635	33841	
12636	33897	
12637	33930	
12638	33930	
12639	33901	
12640	33853	
12641	33795	
12642	33734	
12643	33676	
12644	33630	
12645	33608	
12646	33620	
12647	33660	
12648	33713	
12649	33760	
12650	33788	
12651	33806	
12652	33835	
12653	33893	
12654	33981	
12655	34075	
12656	34140	
12657	34153	
12658	34117	
12659	34058	
12660	34009	
12661	33983	
12662	33968	
12663	33939	
12664	33880	
12665	33803	
12666	33743	
12667	33734	
12668	33787	
12669	33877	
12670	33967	
12671	34026	
12672	34052	
12673	34069	
12674	34106	
12675	34168	
12676	34235	
12677	34273	
12678	34263	
12679	34212	
12680	34151	
12681	34112	
12682	34103	
12683	34109	
12684	34103	
12685	34074	
12686	34035	
12687	34013	
12688	34028	
12689	34079	
12690	34141	
12691	34192	
12692	34228	
12693	34266	
12694	34325	
12695	34406	
12696	34484	
12697	34525	
12698	34511	
12699	34451	
12700	34377	
12701	34317	
12702	34278	
12703	34243	
12704	34193	
12705	34127	
12706	34066	
12707	34045	
12708	34082	
12709	34164	
12710	34257	
12711	34322	
12712	34350	
12713	34358	
12714	34378	
12715	34428	
12716	34496	
12717	34553	
12718	34566	
12719	34530	
12720	34461	
12721	34386	
12722	34323	
12723	34274	
12724	34228	
12725	34181	
12726	34143	
12727	34128	
12728	34146	
12729	34190	
12730	34245	
12731	34296	
12732	34340	
12733	34384	
12734	34434	
12735	34482	
12736	34509	
12737	34499	
12738	34449	
12739	34376	
12740	34304	
12741	34250	
12742	34211	
12743	34171	
12744	34118	
12745	34052	
12746	33990	
12747	33955	
12748	33961	
12749	34005	
12750	34072	
12751	34146	
12752	34219	
12753	34291	
12754	34365	
12755	34436	
12756	34492	
12757	34515	
12758	34496	
12759	34441	
12760	34363	
12761	34282	
12762	34210	
12763	34149	
12764	34098	
12765	34059	
12766	34039	
12767	34048	
12768	34087	
12769	34148	
12770	34217	
12771	34284	
12772	34346	
12773	34404	
12774	34457	
12775	34496	
12776	34507	
12777	34481	
12778	34422	
12779	34348	
12780	34280	
12781	34226	
12782	34182	
12783	34132	
12784	34067	
12785	33994	
12786	33934	
12787	33906	
12788	33919	
12789	33961	
12790	34011	
12791	34050	
12792	34074	
12793	34087	
12794	34099	
12795	34111	
12796	34116	
12797	34099	
12798	34057	
12799	33998	
12800	33942	
12801	33905	
12802	33888	
12803	33870	
12804	33829	
12805	33757	
12806	33671	
12807	33607	
12808	33597	
12809	33646	
12810	33730	
12811	33811	
12812	33861	
12813	33876	
12814	33872	
12815	33870	
12816	33879	
12817	33890	
12818	33891	
12819	33873	
12820	33838	
12821	33794	
12822	33747	
12823	33696	
12824	33638	
12825	33576	
12826	33522	
12827	33489	
12828	33486	
12829	33510	
12830	33546	
12831	33583	
12832	33619	
12833	33665	
12834	33725	
12835	33793	
12836	33846	
12837	33861	
12838	33827	
12839	33758	
12840	33680	
12841	33614	
12842	33566	
12843	33524	
12844	33475	
12845	33417	
12846	33367	
12847	33343	
12848	33354	
12849	33388	
12850	33424	
12851	33451	
12852	33472	
12853	33503	
12854	33558	
12855	33629	
12856	33692	
12857	33721	
12858	33707	
12859	33668	
12860	33634	
12861	33624	
12862	33630	
12863	33627	
12864	33588	
12865	33514	
12866	33435	
12867	33387	
12868	33393	
12869	33443	
12870	33500	
12871	33534	
12872	33536	
12873	33526	
12874	33532	
12875	33566	
12876	33613	
12877	33644	
12878	33634	
12879	33581	
12880	33506	
12881	33436	
12882	33383	
12883	33344	
12884	33309	
12885	33276	
12886	33259	
12887	33275	
12888	33329	
12889	33403	
12890	33464	
12891	33488	
12892	33474	
12893	33451	
12894	33448	
12895	33475	
12896	33514	
12897	33528	
12898	33493	
12899	33414	
12900	33328	
12901	33278	
12902	33292	
12903	33371	
12904	33499	
12905	33659	
12906	33844	
12907	34056	
12908	34288	
12909	34522	
12910	34738	
12911	34930	
12912	35116	
12913	35330	
12914	35595	
12915	35898	
12916	36200	
12917	36461	
12918	36674	
12919	36879	
12920	37141	
12921	37498	
12922	37931	
12923	38367	
12924	38716	
12925	38928	
12926	39017	
12927	39040	
12928	39052	
12929	39064	
12930	39039	
12931	38928	
12932	38710	
12933	38417	
12934	38112	
12935	37848	
12936	37631	
12937	37419	
12938	37146	
12939	36762	
12940	36261	
12941	35674	
12942	35057	
12943	34466	
12944	33945	
12945	33525	
12946	33224	
12947	33042	
12948	32954	
12949	32914	
12950	32868	
12951	32782	
12952	32662	
12953	32548	
12954	32484	
12955	32493	
12956	32556	
12957	32625	
12958	32652	
12959	32613	
12960	32524	
12961	32424	
12962	32349	
12963	32318	
12964	32321	
12965	32337	
12966	32348	
12967	32358	
12968	32381	
12969	32432	
12970	32510	
12971	32603	
12972	32689	
12973	32756	
12974	32805	
12975	32842	
12976	32873	
12977	32896	
12978	32902	
12979	32888	
12980	32857	
12981	32821	
12982	32790	
12983	32764	
12984	32737	
12985	32706	
12986	32675	
12987	32655	
12988	32659	
12989	32690	
12990	32739	
12991	32793	
12992	32843	
12993	32892	
12994	32944	
12995	33000	
12996	33049	
12997	33076	
12998	33070	
12999	33035	
13000	32987	
13001	32939	
13002	32898	
13003	32857	
13004	32804	
13005	32740	
13006	32680	
13007	32646	
13008	32652	
13009	32693	
13010	32750	
13011	32802	
13012	32844	
13013	32888	
13014	32948	
13015	33025	
13016	33100	
13017	33144	
13018	33139	
13019	33090	
13020	33024	
13021	32971	
13022	32942	
13023	32923	
13024	32893	
13025	32841	
13026	32780	
13027	32740	
13028	32745	
13029	32797	
13030	32870	
13031	32937	
13032	32983	
13033	33021	
13034	33071	
13035	33147	
13036	33231	
13037	33289	
13038	33287	
13039	33219	
13040	33111	
13041	33005	
13042	32931	
13043	32896	
13044	32882	
13045	32870	
13046	32853	
13047	32839	
13048	32843	
13049	32871	
13050	32912	
13051	32952	
13052	32987	
13053	33024	
13054	33078	
13055	33149	
13056	33221	
13057	33264	
13058	33252	
13059	33189	
13060	33100	
13061	33020	
13062	32971	
13063	32952	
13064	32942	
13065	32926	
13066	32903	
13067	32886	
13068	32888	
13069	32909	
13070	32935	
13071	32953	
13072	32963	
13073	32982	
13074	33027	
13075	33099	
13076	33172	
13077	33212	
13078	33196	
13079	33132	
13080	33053	
13081	32990	
13082	32955	
13083	32935	
13084	32906	
13085	32862	
13086	32820	
13087	32810	
13088	32846	
13089	32916	
13090	32981	
13091	33013	
13092	33011	
13093	33007	
13094	33041	
13095	33123	
13096	33225	
13097	33290	
13098	33276	
13099	33184	
13100	33057	
13101	32951	
13102	32898	
13103	32888	
13104	32885	
13105	32858	
13106	32808	
13107	32763	
13108	32752	
13109	32782	
13110	32831	
13111	32866	
13112	32873	
13113	32866	
13114	32877	
13115	32924	
13116	32998	
13117	33060	
13118	33074	
13119	33028	
13120	32944	
13121	32859	
13122	32800	
13123	32770	
13124	32750	
13125	32725	
13126	32698	
13127	32685	
13128	32705	
13129	32754	
13130	32811	
13131	32850	
13132	32862	
13133	32863	
13134	32881	
13135	32929	
13136	32995	
13137	33047	
13138	33054	
13139	33016	
13140	32957	
13141	32910	
13142	32890	
13143	32884	
13144	32864	
13145	32811	
13146	32737	
13147	32678	
13148	32665	
13149	32706	
13150	32775	
13151	32836	
13152	32864	
13153	32865	
13154	32866	
13155	32889	
13156	32936	
13157	32981	
13158	32994	
13159	32963	
13160	32899	
13161	32830	
13162	32779	
13163	32748	
13164	32727	
13165	32705	
13166	32683	
13167	32676	
13168	32696	
13169	32741	
13170	32794	
13171	32840	
13172	32874	
13173	32910	
13174	32968	
13175	33052	
13176	33142	
13177	33207	
13178	33223	
13179	33192	
13180	33140	
13181	33097	
13182	33078	
13183	33073	
13184	33059	
13185	33028	
13186	32990	
13187	32972	
13188	32998	
13189	33069	
13190	33161	
13191	33250	
13192	33320	
13193	33381	
13194	33450	
13195	33535	
13196	33624	
13197	33693	
13198	33720	
13199	33706	
13200	33670	
13201	33633	
13202	33608	
13203	33588	
13204	33562	
13205	33532	
13206	33514	
13207	33532	
13208	33592	
13209	33680	
13210	33764	
13211	33818	
13212	33844	
13213	33866	
13214	33910	
13215	33984	
13216	34064	
13217	34115	
13218	34112	
13219	34062	
13220	33997	
13221	33951	
13222	33933	
13223	33922	
13224	33888	
13225	33816	
13226	33722	
13227	33644	
13228	33620	
13229	33654	
13230	33722	
13231	33788	
13232	33828	
13233	33846	
13234	33860	
13235	33881	
13236	33902	
13237	33898	
13238	33850	
13239	33763	
13240	33664	
13241	33585	
13242	33537	
13243	33505	
13244	33463	
13245	33394	
13246	33310	
13247	33242	
13248	33218	
13249	33239	
13250	33284	
13251	33321	
13252	33336	
13253	33335	
13254	33338	
13255	33353	
13256	33371	
13257	33372	
13258	33343	
13259	33290	
13260	33238	
13261	33206	
13262	33194	
13263	33182	
13264	33144	
13265	33073	
13266	32991	
13267	32933	
13268	32926	
13269	32967	
13270	33024	
13271	33065	
13272	33077	
13273	33080	
13274	33103	
13275	33165	
13276	33247	
13277	33309	
13278	33311	
13279	33246	
13280	33143	
13281	33047	
13282	32989	
13283	32967	
13284	32951	
13285	32912	
13286	32845	
13287	32773	
13288	32731	
13289	32740	
13290	32792	
13291	32860	
13292	32919	
13293	32960	
13294	32992	
13295	33027	
13296	33064	
13297	33093	
13298	33099	
13299	33081	
13300	33050	
13301	33020	
13302	32995	
13303	32963	
13304	32908	
13305	32827	
13306	32739	
13307	32676	
13308	32664	
13309	32700	
13310	32758	
13311	32803	
13312	32819	
13313	32815	
13314	32821	
13315	32857	
13316	32917	
13317	32976	
13318	33004	
13319	32992	
13320	32956	
13321	32919	
13322	32896	
13323	32877	
13324	32845	
13325	32792	
13326	32734	
13327	32703	
13328	32722	
13329	32788	
13330	32868	
13331	32922	
13332	32933	
13333	32916	
13334	32906	
13335	32928	
13336	32977	
13337	33023	
13338	33035	
13339	33002	
13340	32941	
13341	32881	
13342	32840	
13343	32811	
13344	32774	
13345	32717	
13346	32652	
13347	32607	
13348	32603	
13349	32639	
13350	32689	
13351	32724	
13352	32737	
13353	32743	
13354	32770	
13355	32831	
13356	32907	
13357	32959	
13358	32958	
13359	32903	
13360	32828	
13361	32771	
13362	32752	
13363	32756	
13364	32754	
13365	32722	
13366	32668	
13367	32619	
13368	32601	
13369	32618	
13370	32647	
13371	32662	
13372	32655	
13373	32646	
13374	32666	
13375	32724	
13376	32799	
13377	32851	
13378	32846	
13379	32787	
13380	32707	
13381	32649	
13382	32629	
13383	32629	
13384	32613	
13385	32559	
13386	32481	
13387	32416	
13388	32405	
13389	32454	
13390	32536	
13391	32613	
13392	32659	
13393	32683	
13394	32709	
13395	32757	
13396	32818	
13397	32865	
13398	32869	
13399	32830	
13400	32776	
13401	32739	
13402	32736	
13403	32750	
13404	32749	
13405	32713	
13406	32656	
13407	32611	
13408	32612	
13409	32661	
13410	32733	
13411	32792	
13412	32819	
13413	32827	
13414	32847	
13415	32894	
13416	32956	
13417	32996	
13418	32986	
13419	32926	
13420	32851	
13421	32802	
13422	32798	
13423	32821	
13424	32830	
13425	32797	
13426	32729	
13427	32662	
13428	32638	
13429	32671	
13430	32738	
13431	32798	
13432	32825	
13433	32823	
13434	32820	
13435	32840	
13436	32884	
13437	32925	
13438	32933	
13439	32901	
13440	32848	
13441	32808	
13442	32799	
13443	32812	
13444	32820	
13445	32802	
13446	32762	
13447	32726	
13448	32722	
13449	32756	
13450	32811	
13451	32855	
13452	32874	
13453	32877	
13454	32887	
13455	32920	
13456	32965	
13457	32991	
13458	32975	
13459	32916	
13460	32843	
13461	32790	
13462	32775	
13463	32784	
13464	32788	
13465	32767	
13466	32731	
13467	32708	
13468	32725	
13469	32781	
13470	32849	
13471	32893	
13472	32901	
13473	32894	
13474	32909	
13475	32970	
13476	33065	
13477	33148	
13478	33175	
13479	33130	
13480	33040	
13481	32953	
13482	32902	
13483	32887	
13484	32876	
13485	32839	
13486	32771	
13487	32700	
13488	32665	
13489	32686	
13490	32750	
13491	32821	
13492	32867	
13493	32883	
13494	32888	
13495	32905	
13496	32938	
13497	32973	
13498	32983	
13499	32958	
13500	32914	
13501	32875	
13502	32858	
13503	32853	
13504	32837	
13505	32791	
13506	32723	
13507	32665	
13508	32652	
13509	32693	
13510	32769	
13511	32840	
13512	32880	
13513	32886	
13514	32884	
13515	32896	
13516	32929	
13517	32965	
13518	32977	
13519	32955	
13520	32911	
13521	32867	
13522	32841	
13523	32827	
13524	32809	
13525	32775	
13526	32734	
13527	32708	
13528	32717	
13529	32757	
13530	32804	
13531	32831	
13532	32829	
13533	32821	
13534	32840	
13535	32904	
13536	32995	
13537	33066	
13538	33074	
13539	33012	
13540	32912	
13541	32824	
13542	32784	
13543	32786	
13544	32792	
13545	32766	
13546	32700	
13547	32625	
13548	32584	
13549	32603	
13550	32670	
13551	32746	
13552	32793	
13553	32804	
13554	32799	
13555	32811	
13556	32851	
13557	32902	
13558	32933	
13559	32918	
13560	32863	
13561	32794	
13562	32743	
13563	32719	
13564	32710	
13565	32689	
13566	32646	
13567	32591	
13568	32551	
13569	32551	
13570	32595	
13571	32666	
13572	32740	
13573	32796	
13574	32832	
13575	32855	
13576	32870	
13577	32878	
13578	32871	
13579	32847	
13580	32807	
13581	32759	
13582	32708	
13583	32654	
13584	32600	
13585	32551	
13586	32523	
13587	32527	
13588	32566	
13589	32623	
13590	32672	
13591	32694	
13592	32692	
13593	32690	
13594	32716	
13595	32778	
13596	32854	
13597	32908	
13598	32909	
13599	32855	
13600	32774	
13601	32705	
13602	32671	
13603	32665	
13604	32662	
13605	32640	
13606	32601	
13607	32564	
13608	32554	
13609	32581	
13610	32632	
13611	32687	
13612	32734	
13613	32778	
13614	32834	
13615	32907	
13616	32985	
13617	33041	
13618	33055	
13619	33028	
13620	32983	
13621	32945	
13622	32925	
13623	32907	
13624	32871	
13625	32810	
13626	32741	
13627	32703	
13628	32723	
13629	32800	
13630	32903	
13631	32989	
13632	33034	
13633	33050	
13634	33067	
13635	33112	
13636	33181	
13637	33244	
13638	33263	
13639	33221	
13640	33131	
13641	33030	
13642	32949	
13643	32899	
13644	32870	
13645	32848	
13646	32829	
13647	32821	
13648	32836	
13649	32870	
13650	32907	
13651	32926	
13652	32919	
13653	32900	
13654	32892	
13655	32910	
13656	32943	
13657	32966	
13658	32955	
13659	32908	
13660	32845	
13661	32795	
13662	32770	
13663	32760	
13664	32738	
13665	32689	
13666	32623	
13667	32569	
13668	32557	
13669	32590	
13670	32645	
13671	32691	
13672	32711	
13673	32716	
13674	32732	
13675	32776	
13676	32842	
13677	32897	
13678	32912	
13679	32879	
13680	32822	
13681	32774	
13682	32756	
13683	32761	
13684	32760	
13685	32735	
13686	32687	
13687	32643	
13688	32633	
13689	32664	
13690	32717	
13691	32764	
13692	32790	
13693	32803	
13694	32829	
13695	32885	
13696	32959	
13697	33018	
13698	33028	
13699	32981	
13700	32902	
13701	32829	
13702	32785	
13703	32764	
13704	32740	
13705	32690	
13706	32620	
13707	32562	
13708	32548	
13709	32589	
13710	32662	
13711	32727	
13712	32757	
13713	32753	
13714	32744	
13715	32756	
13716	32795	
13717	32840	
13718	32861	
13719	32844	
13720	32798	
13721	32750	
13722	32715	
13723	32691	
13724	32659	
13725	32608	
13726	32547	
13727	32503	
13728	32502	
13729	32547	
13730	32611	
13731	32660	
13732	32675	
13733	32665	
13734	32663	
13735	32694	
13736	32756	
13737	32823	
13738	32860	
13739	32853	
13740	32814	
13741	32773	
13742	32753	
13743	32751	
13744	32744	
13745	32714	
13746	32665	
13747	32621	
13748	32611	
13749	32642	
13750	32696	
13751	32739	
13752	32750	
13753	32735	
13754	32718	
13755	32719	
13756	32739	
13757	32754	
13758	32739	
13759	32688	
13760	32627	
13761	32596	
13762	32630	
13763	32733	
13764	32888	
13765	33066	
13766	33250	
13767	33438	
13768	33641	
13769	33865	
13770	34107	
13771	34361	
13772	34628	
13773	34912	
13774	35219	
13775	35539	
13776	35849	
13777	36131	
13778	36386	
13779	36643	
13780	36936	
13781	37280	
13782	37643	
13783	37956	
13784	38151	
13785	38199	
13786	38126	
13787	37997	
13788	37866	
13789	37743	
13790	37592	
13791	37365	
13792	37047	
13793	36680	
13794	36339	
13795	36080	
13796	35901	
13797	35735	
13798	35485	
13799	35085	
13800	34541	
13801	33925	
13802	33342	
13803	32873	
13804	32542	
13805	32320	
13806	32156	
13807	32020	
13808	31906	
13809	31829	
13810	31790	
13811	31775	
13812	31765	
13813	31758	
13814	31770	
13815	31822	
13816	31910	
13817	32004	
13818	32059	
13819	32048	
13820	31984	
13821	31905	
13822	31852	
13823	31837	
13824	31841	
13825	31838	
13826	31820	
13827	31808	
13828	31833	
13829	31913	
13830	32031	
13831	32153	
13832	32247	
13833	32310	
13834	32364	
13835	32436	
13836	32526	
13837	32608	
13838	32647	
13839	32630	
13840	32576	
13841	32524	
13842	32503	
13843	32509	
13844	32510	
13845	32472	
13846	32396	
13847	32314	
13848	32274	
13849	32301	
13850	32381	
13851	32469	
13852	32526	
13853	32543	
13854	32546	
13855	32567	
13856	32617	
13857	32673	
13858	32700	
13859	32678	
13860	32619	
13861	32562	
13862	32534	
13863	32532	
13864	32525	
13865	32480	
13866	32397	
13867	32314	
13868	32285	
13869	32338	
13870	32458	
13871	32591	
13872	32679	
13873	32703	
13874	32686	
13875	32675	
13876	32701	
13877	32758	
13878	32808	
13879	32811	
13880	32755	
13881	32663	
13882	32574	
13883	32518	
13884	32496	
13885	32491	
13886	32483	
13887	32470	
13888	32465	
13889	32487	
13890	32539	
13891	32610	
13892	32684	
13893	32747	
13894	32798	
13895	32840	
13896	32870	
13897	32879	
13898	32860	
13899	32817	
13900	32767	
13901	32734	
13902	32727	
13903	32733	
13904	32723	
13905	32678	
13906	32600	
13907	32518	
13908	32470	
13909	32480	
13910	32539	
13911	32618	
13912	32687	
13913	32734	
13914	32767	
13915	32802	
13916	32844	
13917	32881	
13918	32893	
13919	32868	
13920	32815	
13921	32756	
13922	32711	
13923	32681	
13924	32656	
13925	32619	
13926	32572	
13927	32531	
13928	32519	
13929	32549	
13930	32610	
13931	32678	
13932	32731	
13933	32761	
13934	32778	
13935	32793	
13936	32812	
13937	32826	
13938	32821	
13939	32793	
13940	32753	
13941	32715	
13942	32689	
13943	32667	
13944	32635	
13945	32584	
13946	32520	
13947	32469	
13948	32454	
13949	32481	
13950	32537	
13951	32597	
13952	32643	
13953	32676	
13954	32710	
13955	32756	
13956	32808	
13957	32848	
13958	32852	
13959	32816	
13960	32756	
13961	32698	
13962	32657	
13963	32629	
13964	32592	
13965	32531	
13966	32450	
13967	32378	
13968	32347	
13969	32375	
13970	32451	
13971	32547	
13972	32632	
13973	32694	
13974	32739	
13975	32776	
13976	32808	
13977	32824	
13978	32810	
13979	32762	
13980	32694	
13981	32629	
13982	32581	
13983	32550	
13984	32519	
13985	32475	
13986	32420	
13987	32371	
13988	32350	
13989	32367	
13990	32410	
13991	32462	
13992	32510	
13993	32553	
13994	32604	
13995	32665	
13996	32725	
13997	32757	
13998	32739	
13999	32672	
14000	32579	
14001	32493	
14002	32436	
14003	32405	
14004	32377	
14005	32335	
14006	32279	
14007	32229	
14008	32208	
14009	32225	
14010	32266	
14011	32312	
14012	32350	
14013	32388	
14014	32442	
14015	32517	
14016	32593	
14017	32636	
14018	32618	
14019	32544	
14020	32449	
14021	32377	
14022	32353	
14023	32361	
14024	32363	
14025	32322	
14026	32239	
14027	32149	
14028	32099	
14029	32119	
14030	32200	
14031	32308	
14032	32403	
14033	32473	
14034	32527	
14035	32584	
14036	32649	
14037	32705	
14038	32728	
14039	32706	
14040	32658	
14041	32615	
14042	32604	
14043	32623	
14044	32644	
14045	32635	
14046	32584	
14047	32513	
14048	32465	
14049	32469	
14050	32529	
14051	32616	
14052	32701	
14053	32766	
14054	32823	
14055	32890	
14056	32974	
14057	33059	
14058	33113	
14059	33116	
14060	33072	
14061	33009	
14062	32957	
14063	32930	
14064	32914	
14065	32890	
14066	32851	
14067	32812	
14068	32800	
14069	32831	
14070	32896	
14071	32967	
14072	33020	
14073	33049	
14074	33071	
14075	33103	
14076	33148	
14077	33182	
14078	33177	
14079	33119	
14080	33024	
14081	32928	
14082	32862	
14083	32830	
14084	32810	
14085	32775	
14086	32716	
14087	32653	
14088	32618	
14089	32629	
14090	32676	
14091	32725	
14092	32747	
14093	32738	
14094	32721	
14095	32728	
14096	32766	
14097	32814	
14098	32835	
14099	32803	
14100	32723	
14101	32628	
14102	32552	
14103	32505	
14104	32468	
14105	32411	
14106	32320	
14107	32211	
14108	32119	
14109	32073	
14110	32076	
14111	32104	
14112	32128	
14113	32138	
14114	32145	
14115	32167	
14116	32207	
14117	32242	
14118	32239	
14119	32176	
14120	32066	
14121	31947	
14122	31858	
14123	31812	
14124	31793	
14125	31770	
14126	31724	
14127	31669	
14128	31634	
14129	31645	
14130	31700	
14131	31766	
14132	31807	
14133	31810	
14134	31790	
14135	31784	
14136	31814	
14137	31874	
14138	31928	
14139	31938	
14140	31890	
14141	31798	
14142	31698	
14143	31620	
14144	31573	
14145	31547	
14146	31526	
14147	31505	
14148	31492	
14149	31499	
14150	31532	
14151	31582	
14152	31636	
14153	31687	
14154	31735	
14155	31785	
14156	31837	
14157	31880	
14158	31900	
14159	31892	
14160	31865	
14161	31838	
14162	31824	
14163	31819	
14164	31806	
14165	31769	
14166	31711	
14167	31660	
14168	31646	
14169	31685	
14170	31762	
14171	31846	
14172	31908	
14173	31944	
14174	31972	
14175	32021	
14176	32097	
14177	32186	
14178	32253	
14179	32275	
14180	32255	
14181	32217	
14182	32188	
14183	32175	
14184	32167	
14185	32140	
14186	32090	
14187	32032	
14188	31996	
14189	32001	
14190	32044	
14191	32101	
14192	32149	
14193	32182	
14194	32215	
14195	32265	
14196	32332	
14197	32395	
14198	32423	
14199	32398	
14200	32333	
14201	32259	
14202	32207	
14203	32185	
14204	32179	
14205	32163	
14206	32129	
14207	32092	
14208	32080	
14209	32115	
14210	32195	
14211	32295	
14212	32380	
14213	32436	
14214	32466	
14215	32491	
14216	32524	
14217	32562	
14218	32589	
14219	32588	
14220	32558	
14221	32512	
14222	32466	
14223	32429	
14224	32400	
14225	32373	
14226	32350	
14227	32340	
14228	32349	
14229	32376	
14230	32408	
14231	32428	
14232	32436	
14233	32446	
14234	32478	
14235	32542	
14236	32620	
14237	32678	
14238	32682	
14239	32625	
14240	32530	
14241	32438	
14242	32382	
14243	32364	
14244	32363	
14245	32350	
14246	32316	
14247	32275	
14248	32256	
14249	32277	
14250	32331	
14251	32390	
14252	32428	
14253	32440	
14254	32440	
14255	32448	
14256	32473	
14257	32503	
14258	32515	
14259	32494	
14260	32446	
14261	32390	
14262	32344	
14263	32310	
14264	32278	
14265	32235	
14266	32181	
14267	32137	
14268	32122	
14269	32148	
14270	32201	
14271	32256	
14272	32292	
14273	32309	
14274	32324	
14275	32355	
14276	32404	
14277	32450	
14278	32464	
14279	32433	
14280	32368	
14281	32298	
14282	32248	
14283	32220	
14284	32199	
14285	32168	
14286	32125	
14287	32088	
14288	32085	
14289	32123	
14290	32189	
14291	32252	
14292	32289	
14293	32303	
14294	32317	
14295	32352	
14296	32407	
14297	32454	
14298	32464	
14299	32424	
14300	32358	
14301	32307	
14302	32298	
14303	32327	
14304	32357	
14305	32346	
14306	32285	
14307	32202	
14308	32146	
14309	32152	
14310	32212	
14311	32288	
14312	32337	
14313	32343	
14314	32326	
14315	32325	
14316	32361	
14317	32425	
14318	32483	
14319	32501	
14320	32470	
14321	32411	
14322	32353	
14323	32316	
14324	32300	
14325	32292	
14326	32286	
14327	32290	
14328	32319	
14329	32380	
14330	32459	
14331	32529	
14332	32570	
14333	32582	
14334	32590	
14335	32618	
14336	32674	
14337	32736	
14338	32769	
14339	32751	
14340	32690	
14341	32617	
14342	32567	
14343	32552	
14344	32556	
14345	32550	
14346	32517	
14347	32467	
14348	32426	
14349	32421	
14350	32458	
14351	32519	
14352	32582	
14353	32637	
14354	32684	
14355	32735	
14356	32787	
14357	32825	
14358	32824	
14359	32775	
14360	32691	
14361	32603	
14362	32542	
14363	32516	
14364	32510	
14365	32497	
14366	32467	
14367	32428	
14368	32407	
14369	32421	
14370	32469	
14371	32529	
14372	32578	
14373	32608	
14374	32631	
14375	32663	
14376	32706	
14377	32743	
14378	32744	
14379	32697	
14380	32611	
14381	32522	
14382	32460	
14383	32436	
14384	32430	
14385	32413	
14386	32366	
14387	32300	
14388	32246	
14389	32234	
14390	32272	
14391	32344	
14392	32420	
14393	32478	
14394	32518	
14395	32551	
14396	32583	
14397	32611	
14398	32620	
14399	32596	
14400	32544	
14401	32479	
14402	32420	
14403	32375	
14404	32337	
14405	32296	
14406	32252	
14407	32218	
14408	32214	
14409	32248	
14410	32312	
14411	32382	
14412	32439	
14413	32478	
14414	32513	
14415	32558	
14416	32616	
14417	32673	
14418	32704	
14419	32696	
14420	32654	
14421	32601	
14422	32559	
14423	32535	
14424	32518	
14425	32491	
14426	32450	
14427	32409	
14428	32393	
14429	32418	
14430	32479	
14431	32554	
14432	32617	
14433	32656	
14434	32677	
14435	32698	
14436	32729	
14437	32764	
14438	32787	
14439	32785	
14440	32760	
14441	32726	
14442	32700	
14443	32686	
14444	32674	
14445	32650	
14446	32611	
14447	32568	
14448	32541	
14449	32543	
14450	32571	
14451	32610	
14452	32646	
14453	32676	
14454	32710	
14455	32760	
14456	32820	
14457	32873	
14458	32898	
14459	32885	
14460	32848	
14461	32810	
14462	32786	
14463	32772	
14464	32748	
14465	32697	
14466	32624	
14467	32561	
14468	32544	
14469	32589	
14470	32678	
14471	32768	
14472	32823	
14473	32831	
14474	32819	
14475	32823	
14476	32867	
14477	32942	
14478	33013	
14479	33048	
14480	33037	
14481	32994	
14482	32947	
14483	32913	
14484	32890	
14485	32866	
14486	32836	
14487	32814	
14488	32823	
14489	32881	
14490	32981	
14491	33096	
14492	33197	
14493	33267	
14494	33314	
14495	33357	
14496	33407	
14497	33454	
14498	33479	
14499	33464	
14500	33414	
14501	33349	
14502	33295	
14503	33262	
14504	33241	
14505	33212	
14506	33165	
14507	33113	
14508	33082	
14509	33093	
14510	33148	
14511	33228	
14512	33302	
14513	33352	
14514	33380	
14515	33403	
14516	33433	
14517	33469	
14518	33494	
14519	33491	
14520	33456	
14521	33400	
14522	33343	
14523	33297	
14524	33261	
14525	33227	
14526	33192	
14527	33164	
14528	33159	
14529	33184	
14530	33232	
14531	33285	
14532	33324	
14533	33345	
14534	33361	
14535	33384	
14536	33420	
14537	33455	
14538	33469	
14539	33451	
14540	33407	
14541	33354	
14542	33310	
14543	33278	
14544	33246	
14545	33202	
14546	33147	
14547	33100	
14548	33084	
14549	33111	
14550	33169	
14551	33231	
14552	33272	
14553	33289	
14554	33298	
14555	33323	
14556	33367	
14557	33412	
14558	33428	
14559	33399	
14560	33333	
14561	33262	
14562	33215	
14563	33199	
14564	33194	
14565	33171	
14566	33119	
14567	33053	
14568	33008	
14569	33013	
14570	33070	
14571	33152	
14572	33227	
14573	33275	
14574	33304	
14575	33334	
14576	33380	
14577	33435	
14578	33479	
14579	33489	
14580	33462	
14581	33411	
14582	33355	
14583	33299	
14584	33239	
14585	33166	
14586	33088	
14587	33027	
14588	33009	
14589	33044	
14590	33113	
14591	33183	
14592	33225	
14593	33239	
14594	33250	
14595	33290	
14596	33365	
14597	33451	
14598	33506	
14599	33500	
14600	33437	
14601	33353	
14602	33285	
14603	33249	
14604	33228	
14605	33191	
14606	33124	
14607	33041	
14608	32980	
14609	32972	
14610	33022	
14611	33102	
14612	33172	
14613	33203	
14614	33197	
14615	33175	
14616	33158	
14617	33149	
14618	33136	
14619	33100	
14620	33037	
14621	32962	
14622	32902	
14623	32879	
14624	32901	
14625	32965	
14626	33070	
14627	33223	
14628	33431	
14629	33688	
14630	33975	
14631	34260	
14632	34522	
14633	34766	
14634	35017	
14635	35305	
14636	35636	
14637	35988	
14638	36321	
14639	36606	
14640	36845	
14641	37070	
14642	37320	
14643	37610	
14644	37924	
14645	38220	
14646	38459	
14647	38623	
14648	38716	
14649	38757	
14650	38755	
14651	38707	
14652	38602	
14653	38435	
14654	38212	
14655	37955	
14656	37682	
14657	37401	
14658	37106	
14659	36782	
14660	36416	
14661	36003	
14662	35543	
14663	35041	
14664	34507	
14665	33967	
14666	33460	
14667	33042	
14668	32752	
14669	32597	
14670	32539	
14671	32511	
14672	32456	
14673	32359	
14674	32248	
14675	32169	
14676	32149	
14677	32177	
14678	32211	
14679	32216	
14680	32179	
14681	32120	
14682	32064	
14683	32021	
14684	31984	
14685	31941	
14686	31894	
14687	31865	
14688	31877	
14689	31937	
14690	32024	
14691	32104	
14692	32160	
14693	32202	
14694	32259	
14695	32353	
14696	32473	
14697	32581	
14698	32637	
14699	32625	
14700	32572	
14701	32520	
14702	32500	
14703	32510	
14704	32518	
14705	32493	
14706	32435	
14707	32375	
14708	32352	
14709	32383	
14710	32451	
14711	32516	
14712	32551	
14713	32561	
14714	32578	
14715	32628	
14716	32711	
14717	32791	
14718	32829	
14719	32805	
14720	32740	
14721	32675	
14722	32644	
14723	32645	
14724	32651	
14725	32630	
14726	32578	
14727	32521	
14728	32500	
14729	32535	
14730	32614	
14731	32695	
14732	32742	
14733	32748	
14734	32735	
14735	32737	
14736	32769	
14737	32817	
14738	32849	
14739	32841	
14740	32796	
14741	32745	
14742	32717	
14743	32718	
14744	32730	
14745	32723	
14746	32683	
14747	32625	
14748	32583	
14749	32584	
14750	32628	
14751	32688	
14752	32733	
14753	32749	
14754	32749	
14755	32758	
14756	32792	
14757	32840	
14758	32875	
14759	32870	
14760	32824	
14761	32760	
14762	32709	
14763	32690	
14764	32694	
14765	32700	
14766	32686	
14767	32653	
14768	32622	
14769	32613	
14770	32635	
14771	32680	
14772	32727	
14773	32764	
14774	32794	
14775	32825	
14776	32862	
14777	32895	
14778	32905	
14779	32881	
14780	32830	
14781	32774	
14782	32740	
14783	32736	
14784	32750	
14785	32757	
14786	32742	
14787	32710	
14788	32682	
14789	32682	
14790	32716	
14791	32768	
14792	32813	
14793	32837	
14794	32843	
14795	32849	
14796	32870	
14797	32905	
14798	32935	
14799	32937	
14800	32904	
14801	32848	
14802	32792	
14803	32757	
14804	32750	
14805	32758	
14806	32766	
14807	32765	
14808	32759	
14809	32759	
14810	32773	
14811	32802	
14812	32843	
14813	32891	
14814	32942	
14815	32995	
14816	33041	
14817	33069	
14818	33065	
14819	33028	
14820	32967	
14821	32901	
14822	32848	
14823	32813	
14824	32791	
14825	32773	
14826	32756	
14827	32748	
14828	32756	
14829	32783	
14830	32820	
14831	32849	
14832	32862	
14833	32866	
14834	32877	
14835	32909	
14836	32962	
14837	33014	
14838	33041	
14839	33029	
14840	32988	
14841	32942	
14842	32914	
14843	32907	
14844	32904	
14845	32883	
14846	32838	
14847	32783	
14848	32745	
14849	32744	
14850	32778	
14851	32825	
14852	32859	
14853	32871	
14854	32872	
14855	32879	
14856	32903	
14857	32933	
14858	32947	
14859	32926	
14860	32873	
14861	32810	
14862	32759	
14863	32729	
14864	32707	
14865	32671	
14866	32612	
14867	32545	
14868	32497	
14869	32494	
14870	32537	
14871	32600	
14872	32651	
14873	32671	
14874	32665	
14875	32656	
14876	32667	
14877	32697	
14878	32731	
14879	32747	
14880	32734	
14881	32702	
14882	32668	
14883	32644	
14884	32626	
14885	32602	
14886	32566	
14887	32524	
14888	32499	
14889	32509	
14890	32560	
14891	32634	
14892	32710	
14893	32771	
14894	32816	
14895	32855	
14896	32895	
14897	32933	
14898	32957	
14899	32957	
14900	32936	
14901	32912	
14902	32901	
14903	32907	
14904	32920	
14905	32923	
14906	32907	
14907	32884	
14908	32877	
14909	32903	
14910	32964	
14911	33042	
14912	33115	
14913	33173	
14914	33224	
14915	33280	
14916	33351	
14917	33427	
14918	33489	
14919	33524	
14920	33532	
14921	33528	
14922	33528	
14923	33532	
14924	33528	
14925	33505	
14926	33468	
14927	33440	
14928	33454	
14929	33523	
14930	33632	
14931	33743	
14932	33820	
14933	33854	
14934	33869	
14935	33901	
14936	33972	
14937	34071	
14938	34163	
14939	34208	
14940	34196	
14941	34145	
14942	34089	
14943	34049	
14944	34025	
14945	33995	
14946	33943	
14947	33874	
14948	33813	
14949	33788	
14950	33805	
14951	33849	
14952	33894	
14953	33924	
14954	33941	
14955	33960	
14956	33988	
14957	34014	
14958	34014	
14959	33970	
14960	33888	
14961	33791	
14962	33709	
14963	33654	
14964	33611	
14965	33551	
14966	33460	
14967	33350	
14968	33258	
14969	33219	
14970	33244	
14971	33307	
14972	33369	
14973	33399	
14974	33394	
14975	33378	
14976	33378	
14977	33404	
14978	33443	
14979	33471	
14980	33468	
14981	33431	
14982	33370	
14983	33294	
14984	33212	
14985	33124	
14986	33038	
14987	32968	
14988	32933	
14989	32941	
14990	32986	
14991	33044	
14992	33093	
14993	33121	
14994	33136	
14995	33150	
14996	33172	
14997	33197	
14998	33211	
14999	33203	
15000	33176	
15001	33142	
15002	33114	
15003	33090	
15004	33061	
15005	33015	
15006	32954	
15007	32897	
15008	32870	
15009	32888	
15010	32940	
15011	33003	
15012	33051	
15013	33077	
15014	33092	
15015	33116	
15016	33154	
15017	33191	
15018	33204	
15019	33176	
15020	33117	
15021	33053	
15022	33014	
15023	33007	
15024	33017	
15025	33016	
15026	32989	
15027	32942	
15028	32898	
15029	32879	
15030	32889	
15031	32912	
15032	32931	
15033	32940	
15034	32953	
15035	32985	
15036	33042	
15037	33106	
15038	33146	
15039	33142	
15040	33098	
15041	33037	
15042	32987	
15043	32959	
15044	32942	
15045	32915	
15046	32870	
15047	32820	
15048	32792	
15049	32801	
15050	32843	
15051	32887	
15052	32903	
15053	32882	
15054	32844	
15055	32824	
15056	32841	
15057	32889	
15058	32938	
15059	32957	
15060	32938	
15061	32897	
15062	32864	
15063	32855	
15064	32864	
15065	32868	
15066	32850	
15067	32812	
15068	32775	
15069	32761	
15070	32777	
15071	32809	
15072	32835	
15073	32845	
15074	32846	
15075	32859	
15076	32898	
15077	32957	
15078	33012	
15079	33038	
15080	33025	
15081	32986	
15082	32943	
15083	32911	
15084	32889	
15085	32863	
15086	32826	
15087	32787	
15088	32764	
15089	32773	
15090	32814	
15091	32868	
15092	32913	
15093	32939	
15094	32955	
15095	32973	
15096	33001	
15097	33025	
15098	33026	
15099	32992	
15100	32932	
15101	32873	
15102	32840	
15103	32839	
15104	32849	
15105	32842	
15106	32805	
15107	32752	
15108	32717	
15109	32729	
15110	32788	
15111	32868	
15112	32932	
15113	32958	
15114	32952	
15115	32939	
15116	32940	
15117	32955	
15118	32965	
15119	32947	
15120	32897	
15121	32831	
15122	32774	
15123	32741	
15124	32726	
15125	32713	
15126	32690	
15127	32664	
15128	32653	
15129	32675	
15130	32727	
15131	32787	
15132	32830	
15133	32846	
15134	32848	
15135	32859	
15136	32891	
15137	32934	
15138	32959	
15139	32945	
15140	32888	
15141	32815	
15142	32755	
15143	32723	
15144	32709	
15145	32689	
15146	32645	
15147	32583	
15148	32532	
15149	32520	
15150	32557	
15151	32624	
15152	32692	
15153	32737	
15154	32758	
15155	32767	
15156	32780	
15157	32797	
15158	32809	
15159	32803	
15160	32779	
15161	32751	
15162	32736	
15163	32739	
15164	32747	
15165	32742	
15166	32717	
15167	32683	
15168	32665	
15169	32680	
15170	32727	
15171	32782	
15172	32822	
15173	32836	
15174	32839	
15175	32852	
15176	32885	
15177	32926	
15178	32951	
15179	32936	
15180	32886	
15181	32824	
15182	32781	
15183	32769	
15184	32776	
15185	32775	
15186	32746	
15187	32696	
15188	32652	
15189	32639	
15190	32667	
15191	32715	
15192	32755	
15193	32768	
15194	32760	
15195	32753	
15196	32770	
15197	32812	
15198	32860	
15199	32889	
15200	32887	
15201	32863	
15202	32838	
15203	32828	
15204	32834	
15205	32843	
15206	32844	
15207	32834	
15208	32826	
15209	32833	
15210	32857	
15211	32888	
15212	32913	
15213	32927	
15214	32939	
15215	32960	
15216	32989	
15217	33011	
15218	33001	
15219	32946	
15220	32857	
15221	32763	
15222	32697	
15223	32667	
15224	32658	
15225	32639	
15226	32589	
15227	32516	
15228	32449	
15229	32420	
15230	32439	
15231	32487	
15232	32534	
15233	32558	
15234	32564	
15235	32574	
15236	32611	
15237	32672	
15238	32735	
15239	32769	
15240	32758	
15241	32713	
15242	32662	
15243	32628	
15244	32614	
15245	32605	
15246	32580	
15247	32535	
15248	32487	
15249	32459	
15250	32469	
15251	32511	
15252	32567	
15253	32617	
15254	32655	
15255	32690	
15256	32732	
15257	32780	
15258	32817	
15259	32822	
15260	32787	
15261	32725	
15262	32666	
15263	32634	
15264	32636	
15265	32657	
15266	32672	
15267	32665	
15268	32639	
15269	32613	
15270	32603	
15271	32617	
15272	32648	
15273	32687	
15274	32726	
15275	32763	
15276	32797	
15277	32823	
15278	32830	
15279	32810	
15280	32767	
15281	32716	
15282	32681	
15283	32670	
15284	32676	
15285	32677	
15286	32654	
15287	32606	
15288	32554	
15289	32525	
15290	32541	
15291	32598	
15292	32673	
15293	32737	
15294	32772	
15295	32777	
15296	32766	
15297	32753	
15298	32742	
15299	32728	
15300	32705	
15301	32669	
15302	32624	
15303	32579	
15304	32538	
15305	32505	
15306	32476	
15307	32453	
15308	32436	
15309	32428	
15310	32431	
15311	32443	
15312	32467	
15313	32506	
15314	32562	
15315	32631	
15316	32698	
15317	32742	
15318	32746	
15319	32707	
15320	32646	
15321	32591	
15322	32561	
15323	32558	
15324	32563	
15325	32554	
15326	32521	
15327	32477	
15328	32447	
15329	32451	
15330	32489	
15331	32543	
15332	32590	
15333	32624	
15334	32652	
15335	32694	
15336	32757	
15337	32828	
15338	32879	
15339	32887	
15340	32853	
15341	32802	
15342	32764	
15343	32757	
15344	32771	
15345	32780	
15346	32765	
15347	32727	
15348	32691	
15349	32687	
15350	32722	
15351	32782	
15352	32835	
15353	32859	
15354	32856	
15355	32848	
15356	32856	
15357	32885	
15358	32917	
15359	32926	
15360	32897	
15361	32841	
15362	32782	
15363	32745	
15364	32737	
15365	32744	
15366	32746	
15367	32734	
15368	32713	
15369	32696	
15370	32696	
15371	32711	
15372	32733	
15373	32757	
15374	32780	
15375	32807	
15376	32836	
15377	32856	
15378	32851	
15379	32813	
15380	32747	
15381	32677	
15382	32623	
15383	32595	
15384	32582	
15385	32564	
15386	32528	
15387	32479	
15388	32434	
15389	32412	
15390	32415	
15391	32431	
15392	32445	
15393	32454	
15394	32470	
15395	32508	
15396	32572	
15397	32641	
15398	32682	
15399	32668	
15400	32600	
15401	32510	
15402	32435	
15403	32401	
15404	32401	
15405	32403	
15406	32377	
15407	32317	
15408	32245	
15409	32198	
15410	32204	
15411	32263	
15412	32351	
15413	32436	
15414	32493	
15415	32519	
15416	32526	
15417	32528	
15418	32536	
15419	32549	
15420	32563	
15421	32569	
15422	32560	
15423	32527	
15424	32467	
15425	32388	
15426	32312	
15427	32266	
15428	32270	
15429	32325	
15430	32410	
15431	32491	
15432	32544	
15433	32565	
15434	32575	
15435	32595	
15436	32636	
15437	32684	
15438	32714	
15439	32710	
15440	32672	
15441	32623	
15442	32585	
15443	32563	
15444	32545	
15445	32510	
15446	32450	
15447	32381	
15448	32330	
15449	32319	
15450	32346	
15451	32391	
15452	32432	
15453	32463	
15454	32494	
15455	32541	
15456	32607	
15457	32669	
15458	32697	
15459	32669	
15460	32593	
15461	32501	
15462	32427	
15463	32385	
15464	32365	
15465	32344	
15466	32307	
15467	32266	
15468	32246	
15469	32269	
15470	32331	
15471	32404	
15472	32456	
15473	32474	
15474	32474	
15475	32486	
15476	32530	
15477	32598	
15478	32659	
15479	32680	
15480	32653	
15481	32597	
15482	32543	
15483	32510	
15484	32492	
15485	32463	
15486	32400	
15487	32306	
15488	32207	
15489	32135	
15490	32111	
15491	32128	
15492	32167	
15493	32214	
15494	32276	
15495	32373	
15496	32523	
15497	32723	
15498	32947	
15499	33161	
15500	33348	
15501	33516	
15502	33689	
15503	33887	
15504	34111	
15505	34341	
15506	34553	
15507	34739	
15508	34913	
15509	35105	
15510	35346	
15511	35654	
15512	36029	
15513	36453	
15514	36903	
15515	37345	
15516	37739	
15517	38044	
15518	38232	
15519	38300	
15520	38275	
15521	38194	
15522	38088	
15523	37955	
15524	37769	
15525	37501	
15526	37154	
15527	36772	
15528	36422	
15529	36152	
15530	35954	
15531	35763	
15532	35494	
15533	35099	
15534	34594	
15535	34052	
15536	33563	
15537	33181	
15538	32910	
15539	32718	
15540	32568	
15541	32436	
15542	32309	
15543	32181	
15544	32040	
15545	31883	
15546	31723	
15547	31592	
15548	31525	
15549	31538	
15550	31615	
15551	31715	
15552	31794	
15553	31833	
15554	31841	
15555	31849	
15556	31883	
15557	31945	
15558	32014	
15559	32063	
15560	32073	
15561	32050	
15562	32016	
15563	31991	
15564	31981	
15565	31978	
15566	31967	
15567	31945	
15568	31924	
15569	31925	
15570	31964	
15571	32037	
15572	32125	
15573	32204	
15574	32258	
15575	32289	
15576	32307	
15577	32318	
15578	32321	
15579	32311	
15580	32284	
15581	32249	
15582	32217	
15583	32197	
15584	32186	
15585	32169	
15586	32136	
15587	32090	
15588	32049	
15589	32039	
15590	32078	
15591	32159	
15592	32260	
15593	32353	
15594	32417	
15595	32448	
15596	32455	
15597	32450	
15598	32441	
15599	32432	
15600	32421	
15601	32405	
15602	32381	
15603	32344	
15604	32293	
15605	32231	
15606	32169	
15607	32127	
15608	32118	
15609	32143	
15610	32188	
15611	32229	
15612	32252	
15613	32259	
15614	32267	
15615	32291	
15616	32328	
15617	32356	
15618	32350	
15619	32299	
15620	32217	
15621	32139	
15622	32094	
15623	32085	
15624	32087	
15625	32068	
15626	32013	
15627	31936	
15628	31875	
15629	31860	
15630	31899	
15631	31966	
15632	32024	
15633	32055	
15634	32066	
15635	32085	
15636	32133	
15637	32205	
15638	32270	
15639	32291	
15640	32254	
15641	32176	
15642	32096	
15643	32045	
15644	32030	
15645	32027	
15646	32009	
15647	31965	
15648	31910	
15649	31873	
15650	31877	
15651	31921	
15652	31984	
15653	32040	
15654	32076	
15655	32099	
15656	32122	
15657	32152	
15658	32181	
15659	32195	
15660	32185	
15661	32158	
15662	32125	
15663	32095	
15664	32063	
15665	32018	
15666	31952	
15667	31875	
15668	31812	
15669	31788	
15670	31810	
15671	31864	
15672	31920	
15673	31956	
15674	31971	
15675	31976	
15676	31990	
15677	32012	
15678	32028	
15679	32021	
15680	31982	
15681	31928	
15682	31883	
15683	31866	
15684	31874	
15685	31883	
15686	31870	
15687	31827	
15688	31774	
15689	31744	
15690	31759	
15691	31812	
15692	31879	
15693	31930	
15694	31955	
15695	31967	
15696	31985	
15697	32016	
15698	32047	
15699	32051	
15700	32012	
15701	31937	
15702	31851	
15703	31780	
15704	31733	
15705	31699	
15706	31659	
15707	31607	
15708	31556	
15709	31529	
15710	31539	
15711	31580	
15712	31625	
15713	31654	
15714	31658	
15715	31651	
15716	31652	
15717	31670	
15718	31694	
15719	31702	
15720	31681	
15721	31635	
15722	31586	
15723	31556	
15724	31554	
15725	31570	
15726	31584	
15727	31586	
15728	31581	
15729	31586	
15730	31620	
15731	31686	
15732	31771	
15733	31854	
15734	31921	
15735	31974	
15736	32025	
15737	32079	
15738	32134	
15739	32171	
15740	32180	
15741	32160	
15742	32129	
15743	32105	
15744	32099	
15745	32102	
15746	32100	
15747	32088	
15748	32075	
15749	32083	
15750	32127	
15751	32200	
15752	32282	
15753	32354	
15754	32407	
15755	32452	
15756	32503	
15757	32561	
15758	32614	
15759	32641	
15760	32635	
15761	32612	
15762	32595	
15763	32605	
15764	32639	
15765	32674	
15766	32681	
15767	32652	
15768	32599	
15769	32553	
15770	32538	
15771	32562	
15772	32609	
15773	32661	
15774	32702	
15775	32731	
15776	32754	
15777	32772	
15778	32782	
15779	32778	
15780	32764	
15781	32752	
15782	32755	
15783	32777	
15784	32805	
15785	32821	
15786	32810	
15787	32779	
15788	32751	
15789	32747	
15790	32777	
15791	32827	
15792	32877	
15793	32915	
15794	32947	
15795	32991	
15796	33059	
15797	33142	
15798	33216	
15799	33253	
15800	33246	
15801	33211	
15802	33177	
15803	33164	
15804	33173	
15805	33184	
15806	33181	
15807	33161	
15808	33137	
15809	33133	
15810	33160	
15811	33217	
15812	33289	
15813	33370	
15814	33457	
15815	33556	
15816	33661	
15817	33749	
15818	33789	
15819	33763	
15820	33677	
15821	33567	
15822	33472	
15823	33418	
15824	33399	
15825	33388	
15826	33359	
15827	33307	
15828	33250	
15829	33213	
15830	33210	
15831	33234	
15832	33261	
15833	33275	
15834	33273	
15835	33271	
15836	33281	
15837	33303	
15838	33320	
15839	33307	
15840	33252	
15841	33164	
15842	33068	
15843	32987	
15844	32931	
15845	32891	
15846	32854	
15847	32814	
15848	32780	
15849	32765	
15850	32775	
15851	32799	
15852	32821	
15853	32828	
15854	32821	
15855	32817	
15856	32832	
15857	32864	
15858	32896	
15859	32903	
15860	32873	
15861	32812	
15862	32743	
15863	32685	
15864	32642	
15865	32603	
15866	32553	
15867	32493	
15868	32440	
15869	32415	
15870	32430	
15871	32471	
15872	32516	
15873	32544	
15874	32554	
15875	32559	
15876	32578	
15877	32612	
15878	32644	
15879	32648	
15880	32611	
15881	32543	
15882	32470	
15883	32418	
15884	32391	
15885	32377	
15886	32357	
15887	32326	
15888	32299	
15889	32296	
15890	32332	
15891	32395	
15892	32462	
15893	32508	
15894	32529	
15895	32539	
15896	32558	
15897	32592	
15898	32626	
15899	32635	
15900	32601	
15901	32531	
15902	32451	
15903	32392	
15904	32364	
15905	32358	
15906	32350	
15907	32324	
15908	32283	
15909	32245	
15910	32231	
15911	32246	
15912	32282	
15913	32322	
15914	32360	
15915	32399	
15916	32449	
15917	32510	
15918	32567	
15919	32600	
15920	32592	
15921	32546	
15922	32485	
15923	32433	
15924	32405	
15925	32394	
15926	32386	
15927	32366	
15928	32339	
15929	32321	
15930	32327	
15931	32362	
15932	32413	
15933	32459	
15934	32486	
15935	32496	
15936	32502	
15937	32515	
15938	32532	
15939	32541	
15940	32525	
15941	32481	
15942	32422	
15943	32368	
15944	32334	
15945	32319	
15946	32306	
15947	32281	
15948	32242	
15949	32202	
15950	32181	
15951	32191	
15952	32227	
15953	32273	
15954	32313	
15955	32341	
15956	32360	
15957	32373	
15958	32379	
15959	32369	
15960	32332	
15961	32271	
15962	32198	
15963	32131	
15964	32082	
15965	32053	
15966	32037	
15967	32029	
15968	32027	
15969	32037	
15970	32065	
15971	32109	
15972	32161	
15973	32211	
15974	32255	
15975	32297	
15976	32342	
15977	32388	
15978	32428	
15979	32450	
15980	32447	
15981	32424	
15982	32395	
15983	32372	
15984	32359	
15985	32349	
15986	32331	
15987	32303	
15988	32271	
15989	32252	
15990	32256	
15991	32283	
15992	32321	
15993	32358	
15994	32393	
15995	32436	
15996	32494	
15997	32567	
15998	32634	
15999	32669	
16000	32654	
16001	32593	
16002	32509	
16003	32431	
16004	32379	
16005	32350	
16006	32329	
16007	32302	
16008	32268	
16009	32242	
16010	32241	
16011	32273	
16012	32329	
16013	32391	
16014	32438	
16015	32460	
16016	32460	
16017	32446	
16018	32425	
16019	32405	
16020	32387	
16021	32373	
16022	32362	
16023	32347	
16024	32320	
16025	32276	
16026	32218	
16027	32160	
16028	32122	
16029	32116	
16030	32142	
16031	32187	
16032	32234	
16033	32276	
16034	32319	
16035	32373	
16036	32443	
16037	32518	
16038	32573	
16039	32586	
16040	32553	
16041	32492	
16042	32432	
16043	32393	
16044	32377	
16045	32370	
16046	32355	
16047	32328	
16048	32302	
16049	32297	
16050	32322	
16051	32371	
16052	32424	
16053	32469	
16054	32505	
16055	32543	
16056	32592	
16057	32648	
16058	32690	
16059	32695	
16060	32658	
16061	32595	
16062	32537	
16063	32503	
16064	32494	
16065	32489	
16066	32464	
16067	32414	
16068	32353	
16069	32307	
16070	32294	
16071	32313	
16072	32347	
16073	32382	
16074	32416	
16075	32460	
16076	32521	
16077	32592	
16078	32650	
16079	32669	
16080	32643	
16081	32588	
16082	32536	
16083	32507	
16084	32499	
16085	32488	
16086	32450	
16087	32383	
16088	32313	
16089	32277	
16090	32299	
16091	32372	
16092	32465	
16093	32542	
16094	32590	
16095	32620	
16096	32655	
16097	32707	
16098	32765	
16099	32805	
16100	32808	
16101	32776	
16102	32729	
16103	32689	
16104	32664	
16105	32643	
16106	32608	
16107	32556	
16108	32500	
16109	32465	
16110	32465	
16111	32493	
16112	32525	
16113	32538	
16114	32527	
16115	32514	
16116	32525	
16117	32576	
16118	32654	
16119	32727	
16120	32765	
16121	32755	
16122	32708	
16123	32645	
16124	32581	
16125	32516	
16126	32446	
16127	32374	
16128	32318	
16129	32301	
16130	32340	
16131	32424	
16132	32523	
16133	32605	
16134	32652	
16135	32671	
16136	32682	
16137	32701	
16138	32726	
16139	32740	
16140	32726	
16141	32685	
16142	32631	
16143	32582	
16144	32546	
16145	32513	
16146	32468	
16147	32409	
16148	32349	
16149	32313	
16150	32323	
16151	32379	
16152	32459	
16153	32537	
16154	32595	
16155	32634	
16156	32666	
16157	32696	
16158	32722	
16159	32731	
16160	32710	
16161	32664	
16162	32605	
16163	32550	
16164	32505	
16165	32464	
16166	32422	
16167	32380	
16168	32353	
16169	32358	
16170	32400	
16171	32468	
16172	32533	
16173	32574	
16174	32586	
16175	32583	
16176	32584	
16177	32597	
16178	32613	
16179	32613	
16180	32587	
16181	32543	
16182	32503	
16183	32484	
16184	32485	
16185	32488	
16186	32472	
16187	32432	
16188	32390	
16189	32375	
16190	32410	
16191	32490	
16192	32584	
16193	32662	
16194	32706	
16195	32724	
16196	32738	
16197	32764	
16198	32797	
16199	32819	
16200	32815	
16201	32782	
16202	32737	
16203	32698	
16204	32670	
16205	32643	
16206	32601	
16207	32540	
16208	32480	
16209	32448	
16210	32465	
16211	32532	
16212	32622	
16213	32709	
16214	32776	
16215	32827	
16216	32876	
16217	32927	
16218	32971	
16219	32986	
16220	32958	
16221	32895	
16222	32826	
16223	32779	
16224	32767	
16225	32778	
16226	32784	
16227	32767	
16228	32733	
16229	32705	
16230	32710	
16231	32757	
16232	32832	
16233	32907	
16234	32963	
16235	32997	
16236	33023	
16237	33052	
16238	33085	
16239	33107	
16240	33103	
16241	33068	
16242	33010	
16243	32945	
16244	32882	
16245	32822	
16246	32762	
16247	32703	
16248	32657	
16249	32639	
16250	32654	
16251	32694	
16252	32734	
16253	32757	
16254	32761	
16255	32761	
16256	32776	
16257	32811	
16258	32848	
16259	32863	
16260	32835	
16261	32772	
16262	32697	
16263	32638	
16264	32602	
16265	32575	
16266	32534	
16267	32471	
16268	32401	
16269	32360	
16270	32375	
16271	32448	
16272	32550	
16273	32641	
16274	32691	
16275	32700	
16276	32686	
16277	32675	
16278	32675	
16279	32681	
16280	32679	
16281	32661	
16282	32635	
16283	32610	
16284	32592	
16285	32574	
16286	32547	
16287	32506	
16288	32462	
16289	32434	
16290	32434	
16291	32463	
16292	32505	
16293	32539	
16294	32561	
16295	32577	
16296	32600	
16297	32634	
16298	32664	
16299	32673	
16300	32648	
16301	32597	
16302	32546	
16303	32515	
16304	32507	
16305	32502	
16306	32472	
16307	32406	
16308	32318	
16309	32241	
16310	32208	
16311	32227	
16312	32282	
16313	32344	
16314	32395	
16315	32436	
16316	32481	
16317	32537	
16318	32596	
16319	32633	
16320	32630	
16321	32583	
16322	32515	
16323	32454	
16324	32417	
16325	32398	
16326	32378	
16327	32339	
16328	32285	
16329	32235	
16330	32215	
16331	32235	
16332	32287	
16333	32353	
16334	32416	
16335	32473	
16336	32530	
16337	32589	
16338	32639	
16339	32663	
16340	32648	
16341	32604	
16342	32553	
16343	32520	
16344	32510	
16345	32510	
16346	32495	
16347	32455	
16348	32405	
16349	32374	
16350	32387	
16351	32443	
16352	32515	
16353	32569	
16354	32587	
16355	32577	
16356	32561	
16357	32554	
16358	32552	
16359	32531	
16360	32475	
16361	32393	
16362	32327	
16363	32327	
16364	32423	
16365	32609	
16366	32844	
16367	33083	
16368	33302	
16369	33506	
16370	33720	
16371	33962	
16372	34229	
16373	34503	
16374	34763	
16375	35007	
16376	35246	
16377	35500	
16378	35779	
16379	36081	
16380	36403	
16381	36741	
16382	37100	
16383	37477	
16384	37848	
16385	38170	
16386	38399	
16387	38511	
16388	38520	
16389	38470	
16390	38401	
16391	38329	
16392	38229	
16393	38062	
16394	37809	
16395	37490	
16396	37159	
16397	36868	
16398	36621	
16399	36368	
16400	36029	
16401	35550	
16402	34943	
16403	34283	
16404	33673	
16405	33191	
16406	32859	
16407	32650	
16408	32511	
16409	32395	
16410	32282	
16411	32170	
16412	32070	
16413	31991	
16414	31938	
16415	31915	
16416	31924	
16417	31960	
16418	32009	
16419	32049	
16420	32057	
16421	32028	
16422	31974	
16423	31919	
16424	31882	
16425	31869	
16426	31872	
16427	31880	
16428	31889	
16429	31909	
16430	31953	
16431	32021	
16432	32103	
16433	32180	
16434	32240	
16435	32288	
16436	32340	
16437	32409	
16438	32487	
16439	32552	
16440	32579	
16441	32562	
16442	32515	
16443	32467	
16444	32435	
16445	32414	
16446	32382	
16447	32320	
16448	32233	
16449	32154	
16450	32121	
16451	32157	
16452	32245	
16453	32348	
16454	32426	
16455	32466	
16456	32483	
16457	32503	
16458	32541	
16459	32584	
16460	32604	
16461	32581	
16462	32520	
16463	32447	
16464	32394	
16465	32374	
16466	32378	
16467	32380	
16468	32367	
16469	32341	
16470	32323	
16471	32334	
16472	32378	
16473	32443	
16474	32511	
16475	32567	
16476	32610	
16477	32644	
16478	32665	
16479	32667	
16480	32637	
16481	32574	
16482	32492	
16483	32414	
16484	32356	
16485	32321	
16486	32300	
16487	32279	
16488	32258	
16489	32245	
16490	32254	
16491	32286	
16492	32331	
16493	32371	
16494	32398	
16495	32417	
16496	32443	
16497	32488	
16498	32544	
16499	32591	
16500	32605	
16501	32575	
16502	32513	
16503	32442	
16504	32381	
16505	32338	
16506	32306	
16507	32278	
16508	32252	
16509	32238	
16510	32247	
16511	32277	
16512	32318	
16513	32355	
16514	32384	
16515	32410	
16516	32443	
16517	32484	
16518	32520	
16519	32532	
16520	32508	
16521	32454	
16522	32393	
16523	32349	
16524	32328	
16525	32317	
16526	32297	
16527	32261	
16528	32225	
16529	32216	
16530	32254	
16531	32331	
16532	32416	
16533	32474	
16534	32493	
16535	32491	
16536	32503	
16537	32554	
16538	32641	
16539	32731	
16540	32782	
16541	32776	
16542	32722	
16543	32653	
16544	32598	
16545	32565	
16546	32542	
16547	32513	
16548	32476	
16549	32444	
16550	32440	
16551	32472	
16552	32527	
16553	32582	
16554	32617	
16555	32636	
16556	32654	
16557	32689	
16558	32740	
16559	32786	
16560	32801	
16561	32771	
16562	32707	
16563	32636	
16564	32582	
16565	32551	
16566	32531	
16567	32504	
16568	32469	
16569	32437	
16570	32431	
16571	32460	
16572	32518	
16573	32584	
16574	32636	
16575	32671	
16576	32696	
16577	32721	
16578	32745	
16579	32753	
16580	32732	
16581	32679	
16582	32609	
16583	32544	
16584	32500	
16585	32471	
16586	32442	
16587	32399	
16588	32346	
16589	32303	
16590	32291	
16591	32317	
16592	32367	
16593	32418	
16594	32456	
16595	32481	
16596	32507	
16597	32543	
16598	32582	
16599	32601	
16600	32583	
16601	32526	
16602	32453	
16603	32391	
16604	32355	
16605	32336	
16606	32311	
16607	32263	
16608	32196	
16609	32135	
16610	32107	
16611	32123	
16612	32169	
16613	32221	
16614	32266	
16615	32308	
16616	32364	
16617	32441	
16618	32522	
16619	32574	
16620	32567	
16621	32497	
16622	32391	
16623	32290	
16624	32226	
16625	32201	
16626	32196	
16627	32188	
16628	32172	
16629	32163	
16630	32183	
16631	32239	
16632	32319	
16633	32399	
16634	32462	
16635	32513	
16636	32569	
16637	32644	
16638	32731	
16639	32805	
16640	32840	
16641	32828	
16642	32787	
16643	32744	
16644	32720	
16645	32711	
16646	32698	
16647	32667	
16648	32625	
16649	32598	
16650	32613	
16651	32676	
16652	32765	
16653	32848	
16654	32902	
16655	32932	
16656	32967	
16657	33030	
16658	33121	
16659	33207	
16660	33252	
16661	33235	
16662	33171	
16663	33097	
16664	33048	
16665	33033	
16666	33033	
16667	33021	
16668	32986	
16669	32945	
16670	32925	
16671	32946	
16672	33002	
16673	33068	
16674	33119	
16675	33147	
16676	33167	
16677	33195	
16678	33237	
16679	33278	
16680	33299	
16681	33289	
16682	33256	
16683	33217	
16684	33187	
16685	33160	
16686	33122	
16687	33062	
16688	32989	
16689	32929	
16690	32905	
16691	32923	
16692	32964	
16693	33002	
16694	33023	
16695	33033	
16696	33053	
16697	33092	
16698	33140	
16699	33164	
16700	33137	
16701	33053	
16702	32939	
16703	32834	
16704	32763	
16705	32723	
16706	32689	
16707	32634	
16708	32554	
16709	32467	
16710	32405	
16711	32381	
16712	32387	
16713	32400	
16714	32403	
16715	32400	
16716	32405	
16717	32433	
16718	32474	
16719	32500	
16720	32481	
16721	32410	
16722	32307	
16723	32209	
16724	32140	
16725	32102	
16726	32074	
16727	32036	
16728	31987	
16729	31947	
16730	31939	
16731	31968	
16732	32018	
16733	32058	
16734	32070	
16735	32058	
16736	32047	
16737	32058	
16738	32092	
16739	32126	
16740	32129	
16741	32088	
16742	32010	
16743	31921	
16744	31841	
16745	31773	
16746	31707	
16747	31631	
16748	31552	
16749	31490	
16750	31469	
16751	31496	
16752	31557	
16753	31628	
16754	31685	
16755	31723	
16756	31749	
16757	31771	
16758	31787	
16759	31790	
16760	31773	
16761	31740	
16762	31705	
16763	31678	
16764	31654	
16765	31616	
16766	31547	
16767	31448	
16768	31346	
16769	31279	
16770	31273	
16771	31325	
16772	31400	
16773	31463	
16774	31496	
16775	31509	
16776	31530	
16777	31573	
16778	31628	
16779	31661	
16780	31644	
16781	31577	
16782	31493	
16783	31432	
16784	31410	
16785	31414	
16786	31408	
16787	31367	
16788	31299	
16789	31239	
16790	31228	
16791	31281	
16792	31378	
16793	31483	
16794	31568	
16795	31627	
16796	31678	
16797	31737	
16798	31804	
16799	31861	
16800	31888	
16801	31878	
16802	31845	
16803	31810	
16804	31786	
16805	31771	
16806	31752	
16807	31722	
16808	31691	
16809	31680	
16810	31705	
16811	31764	
16812	31835	
16813	31896	
16814	31941	
16815	31980	
16816	32034	
16817	32106	
16818	32179	
16819	32222	
16820	32214	
16821	32162	
16822	32098	
16823	32059	
16824	32057	
16825	32076	
16826	32081	
16827	32045	
16828	31975	
16829	31902	
16830	31865	
16831	31884	
16832	31951	
16833	32038	
16834	32119	
16835	32185	
16836	32243	
16837	32301	
16838	32356	
16839	32392	
16840	32395	
16841	32366	
16842	32326	
16843	32299	
16844	32299	
16845	32316	
16846	32325	
16847	32307	
16848	32264	
16849	32218	
16850	32197	
16851	32216	
16852	32266	
16853	32326	
16854	32377	
16855	32415	
16856	32451	
16857	32497	
16858	32552	
16859	32599	
16860	32618	
16861	32596	
16862	32541	
16863	32476	
16864	32422	
16865	32387	
16866	32365	
16867	32342	
16868	32318	
16869	32300	
16870	32304	
16871	32338	
16872	32394	
16873	32455	
16874	32506	
16875	32547	
16876	32590	
16877	32647	
16878	32716	
16879	32781	
16880	32816	
16881	32811	
16882	32773	
16883	32727	
16884	32699	
16885	32693	
16886	32697	
16887	32688	
16888	32655	
16889	32607	
16890	32569	
16891	32566	
16892	32605	
16893	32672	
16894	32743	
16895	32799	
16896	32837	
16897	32863	
16898	32885	
16899	32903	
16900	32909	
16901	32899	
16902	32875	
16903	32848	
16904	32828	
16905	32814	
16906	32798	
16907	32772	
16908	32736	
16909	32704	
16910	32689	
16911	32699	
16912	32725	
16913	32749	
16914	32762	
16915	32765	
16916	32772	
16917	32792	
16918	32820	
16919	32835	
16920	32819	
16921	32770	
16922	32707	
16923	32661	
16924	32647	
16925	32656	
16926	32657	
16927	32621	
16928	32540	
16929	32439	
16930	32358	
16931	32323	
16932	32339	
16933	32383	
16934	32431	
16935	32468	
16936	32498	
16937	32529	
16938	32560	
16939	32576	
16940	32561	
16941	32512	
16942	32447	
16943	32393	
16944	32367	
16945	32365	
16946	32360	
16947	32331	
16948	32279	
16949	32229	
16950	32213	
16951	32246	
16952	32313	
16953	32377	
16954	32411	
16955	32410	
16956	32400	
16957	32410	
16958	32449	
16959	32498	
16960	32523	
16961	32500	
16962	32434	
16963	32355	
16964	32297	
16965	32272	
16966	32265	
16967	32249	
16968	32209	
16969	32155	
16970	32115	
16971	32116	
16972	32165	
16973	32240	
16974	32311	
16975	32356	
16976	32373	
16977	32376	
16978	32381	
16979	32391	
16980	32397	
16981	32387	
16982	32360	
16983	32323	
16984	32291	
16985	32272	
16986	32261	
16987	32248	
16988	32227	
16989	32203	
16990	32191	
16991	32206	
16992	32249	
16993	32311	
16994	32375	
16995	32427	
16996	32464	
16997	32490	
16998	32508	
16999	32519	
17000	32519	
17001	32506	
17002	32485	
17003	32466	
17004	32449	
17005	32429	
17006	32396	
17007	32343	
17008	32280	
17009	32228	
17010	32211	
17011	32238	
17012	32298	
17013	32368	
17014	32421	
17015	32449	
17016	32459	
17017	32465	
17018	32477	
17019	32489	
17020	32489	
17021	32465	
17022	32417	
17023	32354	
17024	32291	
17025	32234	
17026	32183	
17027	32138	
17028	32103	
17029	32088	
17030	32102	
17031	32142	
17032	32194	
17033	32241	
17034	32272	
17035	32288	
17036	32301	
17037	32318	
17038	32337	
17039	32341	
17040	32317	
17041	32264	
17042	32198	
17043	32140	
17044	32101	
17045	32077	
17046	32049	
17047	32008	
17048	31960	
17049	31927	
17050	31931	
17051	31978	
17052	32049	
17053	32116	
17054	32159	
17055	32182	
17056	32206	
17057	32251	
17058	32316	
17059	32382	
17060	32418	
17061	32411	
17062	32369	
17063	32318	
17064	32283	
17065	32269	
17066	32265	
17067	32254	
17068	32231	
17069	32208	
17070	32210	
17071	32250	
17072	32323	
17073	32403	
17074	32463	
17075	32497	
17076	32517	
17077	32548	
17078	32600	
17079	32661	
17080	32704	
17081	32705	
17082	32666	
17083	32610	
17084	32568	
17085	32555	
17086	32559	
17087	32556	
17088	32529	
17089	32484	
17090	32445	
17091	32439	
17092	32476	
17093	32545	
17094	32620	
17095	32682	
17096	32724	
17097	32751	
17098	32768	
17099	32771	
17100	32753	
17101	32708	
17102	32646	
17103	32586	
17104	32544	
17105	32522	
17106	32509	
17107	32488	
17108	32447	
17109	32395	
17110	32347	
17111	32321	
17112	32320	
17113	32337	
17114	32360	
17115	32383	
17116	32404	
17117	32420	
17118	32426	
17119	32411	
17120	32369	
17121	32306	
17122	32240	
17123	32190	
17124	32160	
17125	32141	
17126	32115	
17127	32069	
17128	32013	
17129	31967	
17130	31953	
17131	31975	
17132	32017	
17133	32057	
17134	32080	
17135	32092	
17136	32109	
17137	32139	
17138	32170	
17139	32177	
17140	32138	
17141	32054	
17142	31953	
17143	31872	
17144	31832	
17145	31829	
17146	31837	
17147	31830	
17148	31803	
17149	31774	
17150	31770	
17151	31806	
17152	31872	
17153	31945	
17154	32003	
17155	32042	
17156	32074	
17157	32110	
17158	32148	
17159	32172	
17160	32164	
17161	32120	
17162	32055	
17163	31994	
17164	31953	
17165	31930	
17166	31910	
17167	31879	
17168	31840	
17169	31812	
17170	31815	
17171	31854	
17172	31914	
17173	31972	
17174	32011	
17175	32035	
17176	32059	
17177	32099	
17178	32153	
17179	32202	
17180	32222	
17181	32203	
17182	32156	
17183	32108	
17184	32081	
17185	32081	
17186	32097	
17187	32111	
17188	32114	
17189	32109	
17190	32106	
17191	32113	
17192	32128	
17193	32143	
17194	32155	
17195	32174	
17196	32211	
17197	32273	
17198	32347	
17199	32406	
17200	32425	
17201	32396	
17202	32335	
17203	32270	
17204	32226	
17205	32207	
17206	32197	
17207	32180	
17208	32151	
17209	32124	
17210	32121	
17211	32153	
17212	32209	
17213	32265	
17214	32300	
17215	32310	
17216	32309	
17217	32316	
17218	32336	
17219	32355	
17220	32346	
17221	32295	
17222	32215	
17223	32142	
17224	32120	
17225	32178	
17226	32315	
17227	32508	
17228	32728	
17229	32954	
17230	33178	
17231	33403	
17232	33635	
17233	33880	
17234	34140	
17235	34420	
17236	34720	
17237	35032	
17238	35338	
17239	35617	
17240	35862	
17241	36087	
17242	36325	
17243	36612	
17244	36956	
17245	37333	
17246	37688	
17247	37966	
17248	38134	
17249	38196	
17250	38176	
17251	38105	
17252	37993	
17253	37835	
17254	37620	
17255	37349	
17256	37044	
17257	36739	
17258	36457	
17259	36197	
17260	35930	
17261	35611	
17262	35208	
17263	34717	
17264	34172	
17265	33624	
17266	33123	
17267	32707	
17268	32391	
17269	32178	
17270	32055	
17271	31997	
17272	31964	
17273	31913	
17274	31823	
17275	31705	
17276	31592	
17277	31519	
17278	31493	
17279	31490	
17280	31475	
17281	31426	
17282	31350	
17283	31273	
17284	31218	
17285	31192	
17286	31187	
17287	31191	
17288	31209	
17289	31256	
17290	31339	
17291	31451	
17292	31564	
17293	31652	
17294	31705	
17295	31738	
17296	31783	
17297	31860	
17298	31968	
17299	32078	
17300	32161	
17301	32196	
17302	32193	
17303	32173	
17304	32160	
17305	32161	
17306	32172	
17307	32186	
17308	32203	
17309	32233	
17310	32280	
17311	32336	
17312	32384	
17313	32407	
17314	32406	
17315	32405	
17316	32431	
17317	32499	
17318	32599	
17319	32696	
17320	32754	
17321	32758	
17322	32721	
17323	32678	
17324	32655	
17325	32658	
17326	32669	
17327	32663	
17328	32626	
17329	32569	
17330	32518	
17331	32500	
17332	32520	
17333	32564	
17334	32607	
17335	32627	
17336	32625	
17337	32612	
17338	32604	
17339	32606	
17340	32610	
17341	32602	
17342	32573	
17343	32522	
17344	32460	
17345	32400	
17346	32354	
17347	32327	
17348	32323	
17349	32337	
17350	32364	
17351	32392	
17352	32411	
17353	32414	
17354	32410	
17355	32412	
17356	32436	
17357	32483	
17358	32535	
17359	32566	
17360	32556	
17361	32510	
17362	32453	
17363	32417	
17364	32419	
17365	32450	
17366	32480	
17367	32482	
17368	32450	
17369	32401	
17370	32365	
17371	32363	
17372	32392	
17373	32430	
17374	32457	
17375	32465	
17376	32464	
17377	32473	
17378	32497	
17379	32524	
17380	32537	
17381	32523	
17382	32491	
17383	32461	
17384	32452	
17385	32463	
17386	32474	
17387	32460	
17388	32412	
17389	32346	
17390	32293	
17391	32284	
17392	32322	
17393	32390	
17394	32458	
17395	32505	
17396	32528	
17397	32537	
17398	32545	
17399	32552	
17400	32550	
17401	32532	
17402	32498	
17403	32456	
17404	32412	
17405	32367	
17406	32314	
17407	32249	
17408	32181	
17409	32133	
17410	32125	
17411	32163	
17412	32229	
17413	32292	
17414	32328	
17415	32331	
17416	32321	
17417	32322	
17418	32343	
17419	32373	
17420	32387	
17421	32367	
17422	32314	
17423	32248	
17424	32192	
17425	32153	
17426	32125	
17427	32090	
17428	32039	
17429	31984	
17430	31945	
17431	31940	
17432	31971	
17433	32021	
17434	32068	
17435	32099	
17436	32115	
17437	32130	
17438	32153	
17439	32183	
17440	32206	
17441	32211	
17442	32193	
17443	32159	
17444	32119	
17445	32080	
17446	32040	
17447	31994	
17448	31945	
17449	31904	
17450	31889	
17451	31910	
17452	31961	
17453	32027	
17454	32091	
17455	32144	
17456	32189	
17457	32233	
17458	32273	
17459	32296	
17460	32289	
17461	32252	
17462	32200	
17463	32159	
17464	32144	
17465	32147	
17466	32144	
17467	32110	
17468	32041	
17469	31959	
17470	31901	
17471	31896	
17472	31949	
17473	32037	
17474	32129	
17475	32200	
17476	32245	
17477	32275	
17478	32305	
17479	32336	
17480	32360	
17481	32364	
17482	32343	
17483	32302	
17484	32257	
17485	32222	
17486	32203	
17487	32198	
17488	32202	
17489	32211	
17490	32226	
17491	32251	
17492	32287	
17493	32337	
17494	32400	
17495	32476	
17496	32557	
17497	32635	
17498	32693	
17499	32720	
17500	32714	
17501	32691	
17502	32674	
17503	32677	
17504	32701	
17505	32725	
17506	32726	
17507	32693	
17508	32644	
17509	32609	
17510	32617	
17511	32676	
17512	32765	
17513	32851	
17514	32912	
17515	32949	
17516	32982	
17517	33032	
17518	33104	
17519	33182	
17520	33239	
17521	33263	
17522	33258	
17523	33246	
17524	33244	
17525	33254	
17526	33260	
17527	33249	
17528	33222	
17529	33199	
17530	33211	
17531	33271	
17532	33367	
17533	33469	
17534	33543	
17535	33580	
17536	33593	
17537	33609	
17538	33645	
17539	33695	
17540	33737	
17541	33746	
17542	33714	
17543	33653	
17544	33586	
17545	33527	
17546	33479	
17547	33433	
17548	33381	
17549	33324	
17550	33273	
17551	33241	
17552	33233	
17553	33248	
17554	33278	
17555	33317	
17556	33357	
17557	33391	
17558	33402	
17559	33377	
17560	33314	
17561	33227	
17562	33144	
17563	33087	
17564	33061	
17565	33043	
17566	33003	
17567	32924	
17568	32821	
17569	32731	
17570	32696	
17571	32729	
17572	32807	
17573	32885	
17574	32925	
17575	32916	
17576	32883	
17577	32861	
17578	32867	
17579	32890	
17580	32901	
17581	32875	
17582	32814	
17583	32747	
17584	32705	
17585	32697	
17586	32704	
17587	32690	
17588	32632	
17589	32540	
17590	32451	
17591	32404	
17592	32416	
17593	32471	
17594	32533	
17595	32575	
17596	32590	
17597	32596	
17598	32608	
17599	32630	
17600	32647	
17601	32642	
17602	32610	
17603	32564	
17604	32527	
17605	32511	
17606	32512	
17607	32510	
17608	32490	
17609	32453	
17610	32420	
17611	32410	
17612	32435	
17613	32484	
17614	32540	
17615	32589	
17616	32631	
17617	32674	
17618	32723	
17619	32770	
17620	32798	
17621	32794	
17622	32763	
17623	32726	
17624	32706	
17625	32713	
17626	32733	
17627	32743	
17628	32723	
17629	32675	
17630	32621	
17631	32589	
17632	32594	
17633	32632	
17634	32685	
17635	32735	
17636	32771	
17637	32793	
17638	32803	
17639	32800	
17640	32785	
17641	32757	
17642	32728	
17643	32706	
17644	32697	
17645	32695	
17646	32685	
17647	32655	
17648	32612	
17649	32576	
17650	32570	
17651	32603	
17652	32664	
17653	32726	
17654	32767	
17655	32785	
17656	32797	
17657	32827	
17658	32885	
17659	32957	
17660	33017	
17661	33040	
17662	33021	
17663	32974	
17664	32920	
17665	32871	
17666	32826	
17667	32780	
17668	32729	
17669	32683	
17670	32658	
17671	32662	
17672	32688	
17673	32718	
17674	32736	
17675	32741	
17676	32745	
17677	32762	
17678	32794	
17679	32827	
17680	32842	
17681	32827	
17682	32794	
17683	32762	
17684	32746	
17685	32742	
17686	32729	
17687	32687	
17688	32617	
17689	32543	
17690	32502	
17691	32514	
17692	32571	
17693	32640	
17694	32688	
17695	32698	
17696	32681	
17697	32665	
17698	32664	
17699	32676	
17700	32680	
17701	32657	
17702	32603	
17703	32532	
17704	32464	
17705	32408	
17706	32360	
17707	32307	
17708	32246	
17709	32187	
17710	32151	
17711	32152	
17712	32186	
17713	32236	
17714	32284	
17715	32324	
17716	32361	
17717	32407	
17718	32460	
17719	32506	
17720	32525	
17721	32507	
17722	32460	
17723	32405	
17724	32362	
17725	32330	
17726	32300	
17727	32257	
17728	32205	
17729	32165	
17730	32160	
17731	32202	
17732	32272	
17733	32340	
17734	32377	
17735	32381	
17736	32375	
17737	32387	
17738	32427	
17739	32477	
17740	32502	
17741	32478	
17742	32411	
17743	32330	
17744	32270	
17745	32241	
17746	32225	
17747	32193	
17748	32131	
17749	32056	
17750	32008	
17751	32020	
17752	32094	
17753	32199	
17754	32292	
17755	32346	
17756	32367	
17757	32385	
17758	32427	
17759	32494	
17760	32564	
17761	32603	
17762	32598	
17763	32560	
17764	32515	
17765	32489	
17766	32484	
17767	32485	
17768	32476	
17769	32451	
17770	32421	
17771	32404	
17772	32407	
17773	32424	
17774	32442	
17775	32453	
17776	32463	
17777	32484	
17778	32523	
17779	32570	
17780	32608	
17781	32620	
17782	32600	
17783	32561	
17784	32520	
17785	32483	
17786	32447	
17787	32404	
17788	32352	
17789	32303	
17790	32274	
17791	32273	
17792	32294	
17793	32314	
17794	32319	
17795	32306	
17796	32296	
17797	32307	
17798	32348	
17799	32401	
17800	32437	
17801	32434	
17802	32393	
17803	32332	
17804	32279	
17805	32244	
17806	32221	
17807	32193	
17808	32156	
17809	32121	
17810	32111	
17811	32143	
17812	32212	
17813	32291	
17814	32351	
17815	32379	
17816	32382	
17817	32384	
17818	32398	
17819	32423	
17820	32436	
17821	32416	
17822	32361	
17823	32285	
17824	32213	
17825	32162	
17826	32130	
17827	32102	
17828	32067	
17829	32031	
17830	32007	
17831	32011	
17832	32043	
17833	32090	
17834	32135	
17835	32171	
17836	32205	
17837	32248	
17838	32300	
17839	32344	
17840	32355	
17841	32320	
17842	32247	
17843	32165	
17844	32101	
17845	32065	
17846	32043	
17847	32014	
17848	31967	
17849	31916	
17850	31889	
17851	31906	
17852	31964	
17853	32036	
17854	32090	
17855	32109	
17856	32105	
17857	32103	
17858	32124	
17859	32165	
17860	32206	
17861	32223	
17862	32207	
17863	32172	
17864	32140	
17865	32126	
17866	32124	
17867	32117	
17868	32092	
17869	32051	
17870	32017	
17871	32012	
17872	32045	
17873	32106	
17874	32172	
17875	32227	
17876	32264	
17877	32290	
17878	32312	
17879	32330	
17880	32336	
17881	32320	
17882	32283	
17883	32233	
17884	32185	
17885	32143	
17886	32106	
17887	32066	
17888	32020	
17889	31976	
17890	31946	
17891	31944	
17892	31969	
17893	32009	
17894	32052	
17895	32091	
17896	32130	
17897	32181	
17898	32246	
17899	32315	
17900	32366	
17901	32381	
17902	32354	
17903	32297	
17904	32229	
17905	32166	
17906	32112	
17907	32064	
17908	32018	
17909	31979	
17910	31953	
17911	31946	
17912	31955	
17913	31975	
17914	32003	
17915	32043	
17916	32100	
17917	32172	
17918	32247	
17919	32300	
17920	32313	
17921	32285	
17922	32236	
17923	32190	
17924	32164	
17925	32151	
17926	32132	
17927	32090	
17928	32028	
17929	31969	
17930	31945	
17931	31971	
17932	32038	
17933	32117	
17934	32180	
17935	32217	
17936	32237	
17937	32260	
17938	32296	
17939	32336	
17940	32361	
17941	32356	
17942	32328	
17943	32293	
17944	32269	
17945	32259	
17946	32248	
17947	32220	
17948	32171	
17949	32124	
17950	32113	
17951	32159	
17952	32259	
17953	32382	
17954	32490	
17955	32561	
17956	32601	
17957	32634	
17958	32680	
17959	32741	
17960	32796	
17961	32822	
17962	32812	
17963	32779	
17964	32751	
17965	32745	
17966	32759	
17967	32770	
17968	32758	
17969	32720	
17970	32674	
17971	32646	
17972	32653	
17973	32689	
17974	32732	
17975	32760	
17976	32764	
17977	32756	
17978	32754	
17979	32768	
17980	32791	
17981	32805	
17982	32796	
17983	32760	
17984	32710	
17985	32661	
17986	32617	
17987	32576	
17988	32531	
17989	32483	
17990	32443	
17991	32424	
17992	32432	
17993	32459	
17994	32487	
17995	32501	
17996	32498	
17997	32484	
17998	32469	
17999	32456	
18000	32438	
18001	32406	
18002	32361	
18003	32312	
18004	32273	
18005	32248	
18006	32229	
18007	32201	
18008	32158	
18009	32109	
18010	32076	
18011	32080	
18012	32125	
18013	32191	
18014	32251	
18015	32289	
18016	32307	
18017	32326	
18018	32366	
18019	32427	
18020	32488	
18021	32523	
18022	32513	
18023	32465	
18024	32401	
18025	32343	
18026	32299	
18027	32262	
18028	32220	
18029	32173	
18030	32136	
18031	32131	
18032	32168	
18033	32237	
18034	32316	
18035	32381	
18036	32427	
18037	32460	
18038	32493	
18039	32524	
18040	32539	
18041	32521	
18042	32466	
18043	32389	
18044	32315	
18045	32266	
18046	32243	
18047	32231	
18048	32208	
18049	32170	
18050	32128	
18051	32106	
18052	32123	
18053	32180	
18054	32264	
18055	32355	
18056	32439	
18057	32510	
18058	32569	
18059	32613	
18060	32639	
18061	32641	
18062	32622	
18063	32591	
18064	32559	
18065	32532	
18066	32503	
18067	32465	
18068	32414	
18069	32360	
18070	32325	
18071	32329	
18072	32379	
18073	32461	
18074	32554	
18075	32636	
18076	32700	
18077	32747	
18078	32785	
18079	32814	
18080	32827	
18081	32816	
18082	32778	
18083	32720	
18084	32651	
18085	32579	
18086	32504	
18087	32424	
18088	32340	
18089	32261	
18090	32203	
18091	32177	
18092	32185	
18093	32220	
18094	32272	
18095	32343	
18096	32444	
18097	32589	
18098	32786	
18099	33024	
18100	33277	
18101	33519	
18102	33735	
18103	33925	
18104	34099	
18105	34267	
18106	34432	
18107	34592	
18108	34750	
18109	34921	
18110	35129	
18111	35394	
18112	35727	
18113	36117	
18114	36543	
18115	36980	
18116	37399	
18117	37772	
18118	38069	
18119	38262	
18120	38338	
18121	38306	
18122	38194	
18123	38033	
18124	37840	
18125	37609	
18126	37324	
18127	36978	
18128	36594	
18129	36217	
18130	35894	
18131	35636	
18132	35408	
18133	35144	
18134	34785	
18135	34320	
18136	33798	
18137	33300	
18138	32896	
18139	32613	
18140	32425	
18141	32284	
18142	32149	
18143	32004	
18144	31856	
18145	31711	
18146	31571	
18147	31435	
18148	31310	
18149	31218	
18150	31184	
18151	31212	
18152	31279	
18153	31340	
18154	31367	
18155	31360	
18156	31355	
18157	31392	
18158	31482	
18159	31593	
18160	31670	
18161	31673	
18162	31606	
18163	31517	
18164	31459	
18165	31453	
18166	31477	
18167	31481	
18168	31432	
18169	31344	
18170	31264	
18171	31245	
18172	31303	
18173	31406	
18174	31497	
18175	31536	
18176	31520	
18177	31486	
18178	31473	
18179	31496	
18180	31536	
18181	31559	
18182	31541	
18183	31491	
18184	31435	
18185	31396	
18186	31381	
18187	31372	
18188	31351	
18189	31315	
18190	31280	
18191	31267	
18192	31283	
18193	31321	
18194	31361	
18195	31396	
18196	31432	
18197	31483	
18198	31554	
18199	31627	
18200	31672	
18201	31667	
18202	31616	
18203	31544	
18204	31483	
18205	31448	
18206	31431	
18207	31410	
18208	31371	
18209	31319	
18210	31279	
18211	31272	
18212	31302	
18213	31355	
18214	31404	
18215	31436	
18216	31456	
18217	31485	
18218	31533	
18219	31594	
18220	31640	
18221	31643	
18222	31596	
18223	31517	
18224	31442	
18225	31400	
18226	31391	
18227	31394	
18228	31381	
18229	31343	
18230	31291	
18231	31253	
18232	31248	
18233	31280	
18234	31333	
18235	31394	
18236	31454	
18237	31512	
18238	31568	
18239	31614	
18240	31638	
18241	31630	
18242	31594	
18243	31548	
18244	31508	
18245	31479	
18246	31450	
18247	31404	
18248	31334	
18249	31256	
18250	31198	
18251	31186	
18252	31226	
18253	31298	
18254	31366	
18255	31406	
18256	31415	
18257	31415	
18258	31431	
18259	31475	
18260	31533	
18261	31580	
18262	31593	
18263	31572	
18264	31534	
18265	31499	
18266	31478	
18267	31469	
18268	31463	
18269	31459	
18270	31467	
18271	31499	
18272	31555	
18273	31623	
18274	31681	
18275	31715	
18276	31728	
18277	31740	
18278	31769	
18279	31817	
18280	31869	
18281	31902	
18282	31904	
18283	31882	
18284	31857	
18285	31848	
18286	31856	
18287	31867	
18288	31861	
18289	31831	
18290	31791	
18291	31768	
18292	31780	
18293	31828	
18294	31894	
18295	31955	
18296	31998	
18297	32027	
18298	32051	
18299	32076	
18300	32095	
18301	32096	
18302	32069	
18303	32022	
18304	31972	
18305	31932	
18306	31902	
18307	31869	
18308	31818	
18309	31751	
18310	31686	
18311	31652	
18312	31664	
18313	31714	
18314	31776	
18315	31825	
18316	31852	
18317	31869	
18318	31893	
18319	31932	
18320	31972	
18321	31993	
18322	31982	
18323	31944	
18324	31897	
18325	31859	
18326	31834	
18327	31815	
18328	31788	
18329	31756	
18330	31730	
18331	31727	
18332	31755	
18333	31802	
18334	31853	
18335	31893	
18336	31923	
18337	31953	
18338	31992	
18339	32038	
18340	32074	
18341	32083	
18342	32062	
18343	32019	
18344	31976	
18345	31946	
18346	31929	
18347	31915	
18348	31892	
18349	31861	
18350	31835	
18351	31831	
18352	31858	
18353	31909	
18354	31970	
18355	32028	
18356	32081	
18357	32135	
18358	32195	
18359	32253	
18360	32294	
18361	32303	
18362	32279	
18363	32237	
18364	32200	
18365	32183	
18366	32184	
18367	32186	
18368	32176	
18369	32151	
18370	32127	
18371	32123	
18372	32152	
18373	32207	
18374	32272	
18375	32330	
18376	32378	
18377	32423	
18378	32477	
18379	32540	
18380	32601	
18381	32643	
18382	32654	
18383	32637	
18384	32606	
18385	32577	
18386	32557	
18387	32545	
18388	32533	
18389	32524	
18390	32528	
18391	32560	
18392	32628	
18393	32724	
18394	32828	
18395	32919	
18396	32987	
18397	33039	
18398	33089	
18399	33145	
18400	33204	
18401	33250	
18402	33272	
18403	33265	
18404	33240	
18405	33210	
18406	33185	
18407	33166	
18408	33152	
18409	33144	
18410	33151	
18411	33180	
18412	33232	
18413	33297	
18414	33362	
18415	33414	
18416	33454	
18417	33487	
18418	33519	
18419	33544	
18420	33552	
18421	33531	
18422	33482	
18423	33418	
18424	33356	
18425	33306	
18426	33261	
18427	33210	
18428	33147	
18429	33080	
18430	33031	
18431	33019	
18432	33047	
18433	33097	
18434	33144	
18435	33169	
18436	33176	
18437	33181	
18438	33196	
18439	33219	
18440	33228	
18441	33201	
18442	33136	
18443	33052	
18444	32983	
18445	32954	
18446	32960	
18447	32978	
18448	32981	
18449	32958	
18450	32925	
18451	32908	
18452	32925	
18453	32969	
18454	33017	
18455	33048	
18456	33063	
18457	33079	
18458	33118	
18459	33186	
18460	33265	
18461	33322	
18462	33335	
18463	33299	
18464	33233	
18465	33155	
18466	33083	
18467	33020	
18468	32972	
18469	32959	
18470	33010	
18471	33137	
18472	33321	
18473	33502	
18474	33607	
18475	33592	
18476	33474	
18477	33324	
18478	33226	
18479	33230	
18480	33315	
18481	33409	
18482	33439	
18483	33374	
18484	33243	
18485	33114	
18486	33037	
18487	33019	
18488	33019	
18489	32991	
18490	32916	
18491	32824	
18492	32766	
18493	32781	
18494	32863	
18495	32968	
18496	33043	
18497	33064	
18498	33051	
18499	33042	
18500	33067	
18501	33121	
18502	33168	
18503	33172	
18504	33123	
18505	33044	
18506	32975	
18507	32943	
18508	32949	
18509	32965	
18510	32965	
18511	32942	
18512	32912	
18513	32902	
18514	32927	
18515	32982	
18516	33042	
18517	33087	
18518	33111	
18519	33121	
18520	33132	
18521	33150	
18522	33166	
18523	33166	
18524	33142	
18525	33096	
18526	33040	
18527	32987	
18528	32942	
18529	32908	
18530	32882	
18531	32868	
18532	32867	
18533	32881	
18534	32907	
18535	32938	
18536	32969	
18537	32997	
18538	33024	
18539	33045	
18540	33051	
18541	33035	
18542	32991	
18543	32931	
18544	32872	
18545	32831	
18546	32808	
18547	32791	
18548	32762	
18549	32712	
18550	32653	
18551	32607	
18552	32596	
18553	32623	
18554	32673	
18555	32722	
18556	32752	
18557	32763	
18558	32765	
18559	32768	
18560	32770	
18561	32764	
18562	32743	
18563	32712	
18564	32685	
18565	32670	
18566	32665	
18567	32656	
18568	32627	
18569	32578	
18570	32527	
18571	32499	
18572	32507	
18573	32545	
18574	32588	
18575	32617	
18576	32627	
18577	32635	
18578	32658	
18579	32696	
18580	32729	
18581	32726	
18582	32671	
18583	32576	
18584	32479	
18585	32414	
18586	32393	
18587	32401	
18588	32405	
18589	32382	
18590	32337	
18591	32291	
18592	32270	
18593	32281	
18594	32311	
18595	32340	
18596	32358	
18597	32369	
18598	32383	
18599	32404	
18600	32419	
18601	32411	
18602	32371	
18603	32308	
18604	32244	
18605	32197	
18606	32167	
18607	32138	
18608	32093	
18609	32033	
18610	31980	
18611	31962	
18612	31989	
18613	32046	
18614	32099	
18615	32120	
18616	32107	
18617	32084	
18618	32082	
18619	32111	
18620	32155	
18621	32180	
18622	32161	
18623	32100	
18624	32021	
18625	31952	
18626	31904	
18627	31865	
18628	31815	
18629	31743	
18630	31665	
18631	31606	
18632	31589	
18633	31614	
18634	31661	
18635	31706	
18636	31740	
18637	31769	
18638	31802	
18639	31841	
18640	31872	
18641	31876	
18642	31848	
18643	31801	
18644	31759	
18645	31734	
18646	31719	
18647	31686	
18648	31617	
18649	31518	
18650	31422	
18651	31375	
18652	31399	
18653	31484	
18654	31591	
18655	31682	
18656	31738	
18657	31766	
18658	31786	
18659	31803	
18660	31805	
18661	31774	
18662	31707	
18663	31627	
18664	31568	
18665	31547	
18666	31551	
18667	31535	
18668	31465	
18669	31340	
18670	31205	
18671	31125	
18672	31136	
18673	31226	
18674	31340	
18675	31417	
18676	31432	
18677	31406	
18678	31382	
18679	31388	
18680	31417	
18681	31437	
18682	31418	
18683	31363	
18684	31302	
18685	31265	
18686	31263	
18687	31273	
18688	31265	
18689	31227	
18690	31178	
18691	31155	
18692	31186	
18693	31262	
18694	31348	
18695	31405	
18696	31420	
18697	31411	
18698	31413	
18699	31444	
18700	31492	
18701	31523	
18702	31507	
18703	31446	
18704	31366	
18705	31298	
18706	31254	
18707	31217	
18708	31165	
18709	31094	
18710	31026	
18711	31002	
18712	31045	
18713	31147	
18714	31271	
18715	31376	
18716	31447	
18717	31493	
18718	31537	
18719	31590	
18720	31641	
18721	31669	
18722	31663	
18723	31636	
18724	31616	
18725	31625	
18726	31661	
18727	31700	
18728	31714	
18729	31697	
18730	31668	
18731	31659	
18732	31691	
18733	31759	
18734	31834	
18735	31885	
18736	31902	
18737	31897	
18738	31898	
18739	31918	
18740	31949	
18741	31965	
18742	31944	
18743	31887	
18744	31817	
18745	31759	
18746	31720	
18747	31684	
18748	31626	
18749	31535	
18750	31427	
18751	31335	
18752	31288	
18753	31289	
18754	31317	
18755	31341	
18756	31347	
18757	31338	
18758	31330	
18759	31330	
18760	31326	
18761	31295	
18762	31225	
18763	31125	
18764	31021	
18765	30942	
18766	30896	
18767	30869	
18768	30839	
18769	30797	
18770	30756	
18771	30744	
18772	30775	
18773	30837	
18774	30900	
18775	30940	
18776	30956	
18777	30972	
18778	31017	
18779	31096	
18780	31186	
18781	31246	
18782	31247	
18783	31190	
18784	31108	
18785	31037	
18786	31000	
18787	30989	
18788	30979	
18789	30953	
18790	30911	
18791	30874	
18792	30863	
18793	30885	
18794	30928	
18795	30970	
18796	31002	
18797	31024	
18798	31046	
18799	31070	
18800	31087	
18801	31082	
18802	31051	
18803	31007	
18804	30973	
18805	30967	
18806	30984	
18807	31000	
18808	30991	
18809	30948	
18810	30893	
18811	30857	
18812	30863	
18813	30910	
18814	30977	
18815	31041	
18816	31093	
18817	31140	
18818	31194	
18819	31252	
18820	31299	
18821	31317	
18822	31304	
18823	31277	
18824	31266	
18825	31286	
18826	31330	
18827	31370	
18828	31380	
18829	31356	
18830	31319	
18831	31301	
18832	31323	
18833	31377	
18834	31441	
18835	31488	
18836	31513	
18837	31528	
18838	31551	
18839	31591	
18840	31637	
18841	31667	
18842	31667	
18843	31639	
18844	31603	
18845	31580	
18846	31577	
18847	31580	
18848	31569	
18849	31533	
18850	31486	
18851	31456	
18852	31465	
18853	31513	
18854	31571	
18855	31606	
18856	31598	
18857	31561	
18858	31528	
18859	31522	
18860	31545	
18861	31568	
18862	31559	
18863	31502	
18864	31413	
18865	31322	
18866	31251	
18867	31206	
18868	31170	
18869	31128	
18870	31076	
18871	31030	
18872	31009	
18873	31020	
18874	31054	
18875	31089	
18876	31109	
18877	31114	
18878	31116	
18879	31130	
18880	31158	
18881	31187	
18882	31200	
18883	31184	
18884	31144	
18885	31093	
18886	31050	
18887	31020	
18888	30998	
18889	30974	
18890	30945	
18891	30917	
18892	30906	
18893	30921	
18894	30958	
18895	31004	
18896	31045	
18897	31075	
18898	31106	
18899	31147	
18900	31201	
18901	31253	
18902	31281	
18903	31273	
18904	31234	
18905	31185	
18906	31149	
18907	31131	
18908	31121	
18909	31104	
18910	31072	
18911	31036	
18912	31013	
18913	31019	
18914	31051	
18915	31096	
18916	31141	
18917	31182	
18918	31223	
18919	31266	
18920	31302	
18921	31316	
18922	31299	
18923	31259	
18924	31215	
18925	31187	
18926	31177	
18927	31173	
18928	31156	
18929	31122	
18930	31087	
18931	31079	
18932	31116	
18933	31194	
18934	31285	
18935	31362	
18936	31412	
18937	31443	
18938	31475	
18939	31517	
18940	31564	
18941	31597	
18942	31602	
18943	31580	
18944	31543	
18945	31508	
18946	31481	
18947	31458	
18948	31429	
18949	31395	
18950	31367	
18951	31360	
18952	31378	
18953	31414	
18954	31456	
18955	31494	
18956	31531	
18957	31574	
18958	31629	
18959	31685	
18960	31721	
18961	31716	
18962	31667	
18963	31586	
18964	31499	
18965	31423	
18966	31362	
18967	31307	
18968	31254	
18969	31218	
18970	31225	
18971	31309	
18972	31481	
18973	31729	
18974	32015	
18975	32301	
18976	32562	
18977	32795	
18978	33014	
18979	33232	
18980	33459	
18981	33691	
18982	33921	
18983	34144	
18984	34361	
18985	34578	
18986	34807	
18987	35062	
18988	35358	
18989	35703	
18990	36090	
18991	36493	
18992	36867	
18993	37170	
18994	37379	
18995	37498	
18996	37555	
18997	37577	
18998	37570	
18999	37509	
19000	37360	
19001	37102	
19002	36756	
19003	36378	
19004	36032	
19005	35746	
19006	35491	
19007	35194	
19008	34787	
19009	34252	
19010	33642	
19011	33054	
19012	32581	
19013	32264	
19014	32079	
19015	31965	
19016	31865	
19017	31755	
19018	31638	
19019	31528	
19020	31423	
19021	31312	
19022	31192	
19023	31080	
19024	31005	
19025	30988	
19026	31019	
19027	31055	
19028	31050	
19029	30989	
19030	30899	
19031	30831	
19032	30831	
19033	30901	
19034	31011	
19035	31114	
19036	31186	
19037	31233	
19038	31281	
19039	31346	
19040	31420	
19041	31477	
19042	31496	
19043	31479	
19044	31451	
19045	31441	
19046	31455	
19047	31473	
19048	31464	
19049	31414	
19050	31340	
19051	31282	
19052	31275	
19053	31325	
19054	31406	
19055	31477	
19056	31512	
19057	31518	
19058	31524	
19059	31557	
19060	31619	
19061	31685	
19062	31725	
19063	31725	
19064	31698	
19065	31672	
19066	31663	
19067	31664	
19068	31648	
19069	31599	
19070	31529	
19071	31479	
19072	31488	
19073	31567	
19074	31689	
19075	31807	
19076	31885	
19077	31917	
19078	31924	
19079	31931	
19080	31949	
19081	31966	
19082	31965	
19083	31938	
19084	31897	
19085	31855	
19086	31824	
19087	31795	
19088	31758	
19089	31707	
19090	31656	
19091	31629	
19092	31644	
19093	31699	
19094	31770	
19095	31829	
19096	31864	
19097	31883	
19098	31908	
19099	31954	
19100	32015	
19101	32068	
19102	32091	
19103	32077	
19104	32040	
19105	32006	
19106	31988	
19107	31983	
19108	31976	
19109	31954	
19110	31922	
19111	31901	
19112	31911	
19113	31957	
19114	32024	
19115	32085	
19116	32123	
19117	32140	
19118	32150	
19119	32172	
19120	32206	
19121	32237	
19122	32246	
19123	32223	
19124	32178	
19125	32130	
19126	32092	
19127	32066	
19128	32040	
19129	32007	
19130	31972	
19131	31947	
19132	31948	
19133	31976	
19134	32016	
19135	32050	
19136	32066	
19137	32069	
19138	32073	
19139	32091	
19140	32125	
19141	32160	
19142	32182	
19143	32180	
19144	32160	
19145	32133	
19146	32106	
19147	32081	
19148	32052	
19149	32018	
19150	31986	
19151	31968	
19152	31976	
19153	32009	
19154	32056	
19155	32100	
19156	32134	
19157	32156	
19158	32176	
19159	32195	
19160	32208	
19161	32205	
19162	32179	
19163	32135	
19164	32088	
19165	32049	
19166	32022	
19167	31998	
19168	31967	
19169	31929	
19170	31896	
19171	31887	
19172	31914	
19173	31967	
19174	32020	
19175	32051	
19176	32052	
19177	32038	
19178	32031	
19179	32048	
19180	32081	
19181	32107	
19182	32106	
19183	32074	
19184	32027	
19185	31988	
19186	31968	
19187	31960	
19188	31944	
19189	31905	
19190	31847	
19191	31791	
19192	31761	
19193	31764	
19194	31794	
19195	31832	
19196	31866	
19197	31894	
19198	31926	
19199	31968	
19200	32009	
19201	32032	
19202	32020	
19203	31971	
19204	31906	
19205	31847	
19206	31810	
19207	31787	
19208	31761	
19209	31716	
19210	31660	
19211	31615	
19212	31604	
19213	31635	
19214	31691	
19215	31744	
19216	31777	
19217	31792	
19218	31806	
19219	31830	
19220	31859	
19221	31872	
19222	31849	
19223	31789	
19224	31717	
19225	31666	
19226	31653	
19227	31665	
19228	31672	
19229	31647	
19230	31591	
19231	31532	
19232	31509	
19233	31541	
19234	31613	
19235	31692	
19236	31747	
19237	31773	
19238	31787	
19239	31814	
19240	31861	
19241	31911	
19242	31934	
19243	31915	
19244	31863	
19245	31806	
19246	31773	
19247	31770	
19248	31785	
19249	31792	
19250	31780	
19251	31755	
19252	31741	
19253	31760	
19254	31818	
19255	31902	
19256	31990	
19257	32063	
19258	32113	
19259	32144	
19260	32163	
19261	32178	
19262	32189	
19263	32198	
19264	32205	
19265	32214	
19266	32226	
19267	32244	
19268	32266	
19269	32293	
19270	32326	
19271	32369	
19272	32422	
19273	32481	
19274	32541	
19275	32598	
19276	32656	
19277	32720	
19278	32791	
19279	32859	
19280	32907	
19281	32919	
19282	32894	
19283	32847	
19284	32801	
19285	32771	
19286	32757	
19287	32749	
19288	32734	
19289	32711	
19290	32692	
19291	32695	
19292	32727	
19293	32775	
19294	32817	
19295	32836	
19296	32827	
19297	32808	
19298	32800	
19299	32812	
19300	32834	
19301	32842	
19302	32816	
19303	32750	
19304	32664	
19305	32583	
19306	32526	
19307	32494	
19308	32473	
19309	32449	
19310	32419	
19311	32390	
19312	32375	
19313	32380	
19314	32399	
19315	32422	
19316	32440	
19317	32450	
19318	32457	
19319	32460	
19320	32454	
19321	32430	
19322	32386	
19323	32329	
19324	32272	
19325	32225	
19326	32188	
19327	32149	
19328	32099	
19329	32039	
19330	31987	
19331	31961	
19332	31968	
19333	31996	
19334	32021	
19335	32028	
19336	32018	
19337	32012	
19338	32031	
19339	32075	
19340	32123	
19341	32145	
19342	32123	
19343	32067	
19344	32004	
19345	31962	
19346	31947	
19347	31941	
19348	31918	
19349	31868	
19350	31805	
19351	31759	
19352	31752	
19353	31783	
19354	31829	
19355	31865	
19356	31886	
19357	31904	
19358	31940	
19359	31997	
19360	32054	
19361	32079	
19362	32053	
19363	31989	
19364	31926	
19365	31900	
19366	31920	
19367	31962	
19368	31985	
19369	31967	
19370	31919	
19371	31879	
19372	31886	
19373	31947	
19374	32033	
19375	32103	
19376	32127	
19377	32111	
19378	32086	
19379	32082	
19380	32106	
19381	32136	
19382	32145	
19383	32119	
19384	32070	
19385	32024	
19386	31997	
19387	31986	
19388	31970	
19389	31933	
19390	31879	
19391	31832	
19392	31820	
19393	31853	
19394	31919	
19395	31988	
19396	32039	
19397	32071	
19398	32097	
19399	32131	
19400	32170	
19401	32197	
19402	32193	
19403	32153	
19404	32095	
19405	32044	
19406	32018	
19407	32009	
19408	31997	
19409	31964	
19410	31913	
19411	31865	
19412	31847	
19413	31873	
19414	31927	
19415	31983	
19416	32016	
19417	32023	
19418	32020	
19419	32027	
19420	32048	
19421	32071	
19422	32073	
19423	32040	
19424	31978	
19425	31906	
19426	31845	
19427	31807	
19428	31789	
19429	31784	
19430	31786	
19431	31794	
19432	31806	
19433	31819	
19434	31827	
19435	31832	
19436	31844	
19437	31877	
19438	31938	
19439	32013	
19440	32070	
19441	32080	
19442	32035	
19443	31957	
19444	31882	
19445	31841	
19446	31837	
19447	31844	
19448	31830	
19449	31785	
19450	31724	
19451	31685	
19452	31695	
19453	31753	
19454	31833	
19455	31898	
19456	31929	
19457	31934	
19458	31936	
19459	31954	
19460	31985	
19461	32009	
19462	32006	
19463	31975	
19464	31934	
19465	31904	
19466	31891	
19467	31880	
19468	31848	
19469	31786	
19470	31711	
19471	31654	
19472	31642	
19473	31671	
19474	31719	
19475	31756	
19476	31773	
19477	31782	
19478	31808	
19479	31859	
19480	31922	
19481	31967	
19482	31970	
19483	31930	
19484	31871	
19485	31818	
19486	31785	
19487	31760	
19488	31722	
19489	31660	
19490	31585	
19491	31527	
19492	31513	
19493	31548	
19494	31609	
19495	31668	
19496	31709	
19497	31740	
19498	31781	
19499	31842	
19500	31907	
19501	31949	
19502	31942	
19503	31886	
19504	31809	
19505	31746	
19506	31717	
19507	31714	
19508	31710	
19509	31690	
19510	31657	
19511	31638	
19512	31656	
19513	31712	
19514	31781	
19515	31835	
19516	31860	
19517	31868	
19518	31885	
19519	31928	
19520	31986	
19521	32029	
19522	32026	
19523	31972	
19524	31888	
19525	31812	
19526	31770	
19527	31763	
19528	31766	
19529	31754	
19530	31717	
19531	31670	
19532	31639	
19533	31643	
19534	31680	
19535	31734	
19536	31782	
19537	31817	
19538	31843	
19539	31865	
19540	31883	
19541	31887	
19542	31870	
19543	31833	
19544	31792	
19545	31760	
19546	31741	
19547	31722	
19548	31684	
19549	31622	
19550	31552	
19551	31501	
19552	31491	
19553	31525	
19554	31582	
19555	31636	
19556	31673	
19557	31700	
19558	31729	
19559	31768	
19560	31804	
19561	31817	
19562	31793	
19563	31742	
19564	31686	
19565	31648	
19566	31628	
19567	31608	
19568	31564	
19569	31494	
19570	31421	
19571	31381	
19572	31395	
19573	31454	
19574	31522	
19575	31560	
19576	31561	
19577	31546	
19578	31553	
19579	31602	
19580	31677	
19581	31736	
19582	31744	
19583	31696	
19584	31622	
19585	31566	
19586	31553	
19587	31571	
19588	31588	
19589	31574	
19590	31529	
19591	31478	
19592	31456	
19593	31476	
19594	31526	
19595	31577	
19596	31605	
19597	31609	
19598	31607	
19599	31620	
19600	31654	
19601	31694	
19602	31717	
19603	31706	
19604	31667	
19605	31614	
19606	31564	
19607	31523	
19608	31486	
19609	31451	
19610	31421	
19611	31409	
19612	31428	
19613	31476	
19614	31538	
19615	31592	
19616	31626	
19617	31647	
19618	31672	
19619	31714	
19620	31768	
19621	31815	
19622	31832	
19623	31815	
19624	31775	
19625	31736	
19626	31711	
19627	31694	
19628	31662	
19629	31601	
19630	31521	
19631	31451	
19632	31423	
19633	31448	
19634	31508	
19635	31570	
19636	31610	
19637	31626	
19638	31640	
19639	31671	
19640	31721	
19641	31768	
19642	31783	
19643	31754	
19644	31693	
19645	31630	
19646	31587	
19647	31570	
19648	31563	
19649	31550	
19650	31526	
19651	31505	
19652	31505	
19653	31537	
19654	31591	
19655	31644	
19656	31676	
19657	31687	
19658	31691	
19659	31706	
19660	31738	
19661	31772	
19662	31788	
19663	31773	
19664	31730	
19665	31680	
19666	31638	
19667	31607	
19668	31573	
19669	31519	
19670	31446	
19671	31370	
19672	31322	
19673	31324	
19674	31378	
19675	31462	
19676	31547	
19677	31612	
19678	31654	
19679	31681	
19680	31705	
19681	31727	
19682	31739	
19683	31731	
19684	31705	
19685	31668	
19686	31636	
19687	31616	
19688	31605	
19689	31597	
19690	31588	
19691	31586	
19692	31598	
19693	31628	
19694	31669	
19695	31710	
19696	31741	
19697	31764	
19698	31789	
19699	31823	
19700	31865	
19701	31902	
19702	31919	
19703	31908	
19704	31879	
19705	31845	
19706	31818	
19707	31797	
19708	31774	
19709	31742	
19710	31705	
19711	31674	
19712	31659	
19713	31664	
19714	31682	
19715	31709	
19716	31741	
19717	31785	
19718	31844	
19719	31909	
19720	31960	
19721	31974	
19722	31942	
19723	31880	
19724	31818	
19725	31783	
19726	31776	
19727	31773	
19728	31743	
19729	31670	
19730	31576	
19731	31503	
19732	31490	
19733	31545	
19734	31638	
19735	31723	
19736	31767	
19737	31769	
19738	31759	
19739	31767	
19740	31803	
19741	31847	
19742	31870	
19743	31854	
19744	31808	
19745	31759	
19746	31730	
19747	31719	
19748	31706	
19749	31668	
19750	31605	
19751	31543	
19752	31518	
19753	31548	
19754	31622	
19755	31705	
19756	31758	
19757	31767	
19758	31749	
19759	31733	
19760	31740	
19761	31767	
19762	31792	
19763	31792	
19764	31762	
19765	31717	
19766	31675	
19767	31641	
19768	31608	
19769	31562	
19770	31505	
19771	31456	
19772	31440	
19773	31469	
19774	31526	
19775	31576	
19776	31590	
19777	31565	
19778	31525	
19779	31505	
19780	31519	
19781	31554	
19782	31574	
19783	31552	
19784	31489	
19785	31411	
19786	31350	
19787	31321	
19788	31309	
19789	31289	
19790	31245	
19791	31189	
19792	31147	
19793	31145	
19794	31181	
19795	31232	
19796	31270	
19797	31281	
19798	31274	
19799	31267	
19800	31271	
19801	31280	
19802	31276	
19803	31248	
19804	31204	
19805	31161	
19806	31135	
19807	31124	
19808	31112	
19809	31085	
19810	31042	
19811	31003	
19812	30990	
19813	31015	
19814	31068	
19815	31124	
19816	31163	
19817	31183	
19818	31201	
19819	31233	
19820	31281	
19821	31327	
19822	31342	
19823	31312	
19824	31245	
19825	31167	
19826	31102	
19827	31056	
19828	31017	
19829	30964	
19830	30889	
19831	30800	
19832	30724	
19833	30691	
19834	30718	
19835	30814	
19836	30975	
19837	31196	
19838	31470	
19839	31780	
19840	32093	
19841	32370	
19842	32582	
19843	32728	
19844	32839	
19845	32963	
19846	33134	
19847	33350	
19848	33576	
19849	33774	
19850	33938	
19851	34106	
19852	34340	
19853	34689	
19854	35150	
19855	35662	
19856	36139	
19857	36513	
19858	36764	
19859	36913	
19860	36997	
19861	37034	
19862	37012	
19863	36904	
19864	36696	
19865	36401	
19866	36054	
19867	35697	
19868	35353	
19869	35027	
19870	34710	
19871	34388	
19872	34049	
19873	33682	
19874	33277	
19875	32836	
19876	32379	
19877	31947	
19878	31588	
19879	31333	
19880	31180	
19881	31093	
19882	31021	
19883	30926	
19884	30796	
19885	30641	
19886	30487	
19887	30354	
19888	30257	
19889	30201	
19890	30187	
19891	30205	
19892	30243	
19893	30288	
19894	30330	
19895	30370	
19896	30420	
19897	30495	
19898	30600	
19899	30728	
19900	30852	
19901	30943	
19902	30987	
19903	30996	
19904	30996	
19905	31016	
19906	31060	
19907	31114	
19908	31156	
19909	31177	
19910	31188	
19911	31211	
19912	31257	
19913	31321	
19914	31385	
19915	31436	
19916	31480	
19917	31533	
19918	31609	
19919	31698	
19920	31772	
19921	31801	
19922	31777	
19923	31721	
19924	31665	
19925	31636	
19926	31628	
19927	31616	
19928	31575	
19929	31503	
19930	31425	
19931	31377	
19932	31380	
19933	31429	
19934	31498	
19935	31559	
19936	31603	
19937	31639	
19938	31681	
19939	31733	
19940	31783	
19941	31812	
19942	31812	
19943	31787	
19944	31752	
19945	31716	
19946	31679	
19947	31627	
19948	31555	
19949	31476	
19950	31416	
19951	31404	
19952	31447	
19953	31523	
19954	31592	
19955	31624	
19956	31620	
19957	31609	
19958	31628	
19959	31688	
19960	31765	
19961	31815	
19962	31807	
19963	31745	
19964	31666	
19965	31614	
19966	31604	
19967	31616	
19968	31611	
19969	31565	
19970	31491	
19971	31431	
19972	31429	
19973	31497	
19974	31606	
19975	31710	
19976	31774	
19977	31799	
19978	31811	
19979	31840	
19980	31889	
19981	31937	
19982	31952	
19983	31920	
19984	31854	
19985	31787	
19986	31742	
19987	31718	
19988	31691	
19989	31641	
19990	31570	
19991	31508	
19992	31491	
19993	31538	
19994	31632	
19995	31731	
19996	31798	
19997	31824	
19998	31834	
19999	31859	
20000	31913	
20001	31976	
20002	32009	
20003	31986	
20004	31910	
20005	31814	
20006	31731	
20007	31675	
20008	31637	
20009	31599	
20010	31556	
20011	31526	
20012	31531	
20013	31583	
20014	31665	
20015	31746	
20016	31799	
20017	31822	
20018	31833	
20019	31856	
20020	31896	
20021	31935	
20022	31947	
20023	31916	
20024	31849	
20025	31774	
20026	31716	
20027	31683	
20028	31664	
20029	31637	
20030	31597	
20031	31557	
20032	31543	
20033	31572	
20034	31637	
20035	31706	
20036	31750	
20037	31761	
20038	31757	
20039	31772	
20040	31820	
20041	31888	
20042	31936	
20043	31931	
20044	31869	
20045	31781	
20046	31707	
20047	31673	
20048	31671	
20049	31669	
20050	31645	
20051	31601	
20052	31565	
20053	31568	
20054	31622	
20055	31708	
20056	31795	
20057	31857	
20058	31894	
20059	31923	
20060	31960	
20061	32002	
20062	32027	
20063	32011	
20064	31946	
20065	31849	
20066	31749	
20067	31673	
20068	31630	
20069	31608	
20070	31591	
20071	31572	
20072	31557	
20073	31559	
20074	31582	
20075	31621	
20076	31666	
20077	31708	
20078	31748	
20079	31788	
20080	31825	
20081	31850	
20082	31853	
20083	31831	
20084	31794	
20085	31754	
20086	31715	
20087	31673	
20088	31617	
20089	31547	
20090	31481	
20091	31446	
20092	31461	
20093	31526	
20094	31613	
20095	31690	
20096	31737	
20097	31757	
20098	31772	
20099	31802	
20100	31851	
20101	31903	
20102	31934	
20103	31931	
20104	31899	
20105	31854	
20106	31813	
20107	31781	
20108	31754	
20109	31727	
20110	31704	
20111	31698	
20112	31719	
20113	31770	
20114	31839	
20115	31910	
20116	31976	
20117	32041	
20118	32115	
20119	32204	
20120	32299	
20121	32379	
20122	32423	
20123	32428	
20124	32407	
20125	32384	
20126	32376	
20127	32385	
20128	32396	
20129	32392	
20130	32370	
20131	32342	
20132	32332	
20133	32357	
20134	32416	
20135	32496	
20136	32574	
20137	32641	
20138	32697	
20139	32749	
20140	32799	
20141	32840	
20142	32859	
20143	32851	
20144	32821	
20145	32785	
20146	32760	
20147	32752	
20148	32755	
20149	32758	
20150	32756	
20151	32749	
20152	32743	
20153	32745	
20154	32755	
20155	32770	
20156	32791	
20157	32819	
20158	32855	
20159	32893	
20160	32919	
20161	32919	
20162	32888	
20163	32838	
20164	32789	
20165	32757	
20166	32742	
20167	32726	
20168	32684	
20169	32607	
20170	32507	
20171	32414	
20172	32354	
20173	32337	
20174	32349	
20175	32368	
20176	32375	
20177	32370	
20178	32367	
20179	32377	
20180	32397	
20181	32409	
20182	32393	
20183	32340	
20184	32261	
20185	32180	
20186	32116	
20187	32072	
20188	32037	
20189	31998	
20190	31952	
20191	31910	
20192	31890	
20193	31902	
20194	31941	
20195	31992	
20196	32037	
20197	32071	
20198	32095	
20199	32114	
20200	32130	
20201	32135	
20202	32126	
20203	32105	
20204	32079	
20205	32058	
20206	32040	
20207	32013	
20208	31965	
20209	31894	
20210	31816	
20211	31759	
20212	31744	
20213	31771	
20214	31818	
20215	31855	
20216	31860	
20217	31842	
20218	31825	
20219	31834	
20220	31875	
20221	31928	
20222	31962	
20223	31956	
20224	31913	
20225	31857	
20226	31812	
20227	31787	
20228	31771	
20229	31746	
20230	31709	
20231	31676	
20232	31674	
20233	31718	
20234	31799	
20235	31887	
20236	31952	
20237	31978	
20238	31976	
20239	31967	
20240	31967	
20241	31975	
20242	31979	
20243	31966	
20244	31935	
20245	31896	
20246	31862	
20247	31837	
20248	31814	
20249	31786	
20250	31750	
20251	31721	
20252	31717	
20253	31748	
20254	31809	
20255	31878	
20256	31933	
20257	31961	
20258	31965	
20259	31958	
20260	31951	
20261	31947	
20262	31941	
20263	31923	
20264	31891	
20265	31846	
20266	31794	
20267	31742	
20268	31695	
20269	31657	
20270	31634	
20271	31628	
20272	31640	
20273	31662	
20274	31688	
20275	31710	
20276	31727	
20277	31744	
20278	31771	
20279	31808	
20280	31852	
20281	31889	
20282	31906	
20283	31899	
20284	31871	
20285	31832	
20286	31791	
20287	31750	
20288	31704	
20289	31655	
20290	31611	
20291	31590	
20292	31610	
20293	31670	
20294	31755	
20295	31837	
20296	31897	
20297	31927	
20298	31937	
20299	31944	
20300	31954	
20301	31965	
20302	31967	
20303	31954	
20304	31931	
20305	31908	
20306	31893	
20307	31882	
20308	31866	
20309	31838	
20310	31801	
20311	31771	
20312	31763	
20313	31783	
20314	31820	
20315	31857	
20316	31882	
20317	31896	
20318	31911	
20319	31936	
20320	31965	
20321	31983	
20322	31976	
20323	31943	
20324	31899	
20325	31864	
20326	31849	
20327	31845	
20328	31833	
20329	31800	
20330	31753	
20331	31715	
20332	31709	
20333	31741	
20334	31792	
20335	31834	
20336	31851	
20337	31848	
20338	31847	
20339	31868	
20340	31912	
20341	31957	
20342	31973	
20343	31949	
20344	31899	
20345	31853	
20346	31834	
20347	31837	
20348	31835	
20349	31801	
20350	31733	
20351	31662	
20352	31630	
20353	31663	
20354	31747	
20355	31836	
20356	31886	
20357	31882	
20358	31846	
20359	31818	
20360	31826	
20361	31862	
20362	31895	
20363	31891	
20364	31842	
20365	31769	
20366	31705	
20367	31669	
20368	31656	
20369	31644	
20370	31614	
20371	31571	
20372	31538	
20373	31538	
20374	31576	
20375	31631	
20376	31673	
20377	31681	
20378	31661	
20379	31635	
20380	31629	
20381	31648	
20382	31679	
20383	31698	
20384	31692	
20385	31663	
20386	31628	
20387	31602	
20388	31590	
20389	31585	
20390	31577	
20391	31564	
20392	31554	
20393	31558	
20394	31580	
20395	31617	
20396	31658	
20397	31694	
20398	31725	
20399	31754	
20400	31782	
20401	31805	
20402	31811	
20403	31796	
20404	31761	
20405	31721	
20406	31692	
20407	31682	
20408	31686	
20409	31688	
20410	31678	
20411	31656	
20412	31633	
20413	31625	
20414	31641	
20415	31675	
20416	31715	
20417	31748	
20418	31771	
20419	31786	
20420	31803	
20421	31825	
20422	31847	
20423	31861	
20424	31858	
20425	31837	
20426	31801	
20427	31759	
20428	31722	
20429	31698	
20430	31690	
20431	31695	
20432	31703	
20433	31704	
20434	31692	
20435	31670	
20436	31655	
20437	31666	
20438	31710	
20439	31776	
20440	31838	
20441	31868	
20442	31855	
20443	31811	
20444	31759	
20445	31723	
20446	31708	
20447	31702	
20448	31689	
20449	31659	
20450	31623	
20451	31596	
20452	31593	
20453	31612	
20454	31640	
20455	31666	
20456	31687	
20457	31714	
20458	31758	
20459	31814	
20460	31859	
20461	31868	
20462	31829	
20463	31759	
20464	31697	
20465	31675	
20466	31699	
20467	31740	
20468	31757	
20469	31723	
20470	31644	
20471	31558	
20472	31509	
20473	31519	
20474	31574	
20475	31637	
20476	31675	
20477	31678	
20478	31666	
20479	31663	
20480	31685	
20481	31720	
20482	31744	
20483	31732	
20484	31684	
20485	31616	
20486	31554	
20487	31513	
20488	31493	
20489	31482	
20490	31472	
20491	31464	
20492	31466	
20493	31482	
20494	31510	
20495	31543	
20496	31573	
20497	31605	
20498	31648	
20499	31706	
20500	31771	
20501	31819	
20502	31831	
20503	31802	
20504	31750	
20505	31703	
20506	31683	
20507	31689	
20508	31704	
20509	31707	
20510	31693	
20511	31675	
20512	31674	
20513	31703	
20514	31754	
20515	31804	
20516	31833	
20517	31837	
20518	31834	
20519	31844	
20520	31876	
20521	31919	
20522	31947	
20523	31943	
20524	31908	
20525	31860	
20526	31822	
20527	31801	
20528	31784	
20529	31754	
20530	31703	
20531	31645	
20532	31604	
20533	31601	
20534	31634	
20535	31686	
20536	31733	
20537	31765	
20538	31787	
20539	31813	
20540	31849	
20541	31890	
20542	31919	
20543	31921	
20544	31894	
20545	31847	
20546	31790	
20547	31735	
20548	31687	
20549	31653	
20550	31638	
20551	31648	
20552	31682	
20553	31731	
20554	31779	
20555	31813	
20556	31832	
20557	31843	
20558	31862	
20559	31898	
20560	31947	
20561	31995	
20562	32026	
20563	32037	
20564	32034	
20565	32032	
20566	32040	
20567	32056	
20568	32068	
20569	32067	
20570	32054	
20571	32039	
20572	32039	
20573	32063	
20574	32108	
20575	32160	
20576	32206	
20577	32236	
20578	32251	
20579	32255	
20580	32252	
20581	32244	
20582	32228	
20583	32208	
20584	32187	
20585	32168	
20586	32151	
20587	32129	
20588	32094	
20589	32044	
20590	31988	
20591	31942	
20592	31924	
20593	31941	
20594	31984	
20595	32031	
20596	32065	
20597	32078	
20598	32078	
20599	32080	
20600	32092	
20601	32111	
20602	32123	
20603	32117	
20604	32092	
20605	32054	
20606	32015	
20607	31979	
20608	31944	
20609	31907	
20610	31871	
20611	31849	
20612	31852	
20613	31884	
20614	31931	
20615	31972	
20616	31993	
20617	31992	
20618	31985	
20619	31989	
20620	32009	
20621	32034	
20622	32046	
20623	32037	
20624	32011	
20625	31983	
20626	31965	
20627	31951	
20628	31928	
20629	31889	
20630	31843	
20631	31811	
20632	31817	
20633	31863	
20634	31928	
20635	31982	
20636	32004	
20637	31998	
20638	31989	
20639	32004	
20640	32049	
20641	32103	
20642	32133	
20643	32122	
20644	32076	
20645	32027	
20646	32001	
20647	32002	
20648	32010	
20649	31995	
20650	31949	
20651	31889	
20652	31850	
20653	31855	
20654	31902	
20655	31962	
20656	32002	
20657	32009	
20658	31998	
20659	31996	
20660	32024	
20661	32075	
20662	32124	
20663	32142	
20664	32122	
20665	32077	
20666	32032	
20667	32001	
20668	31982	
20669	31958	
20670	31919	
20671	31874	
20672	31844	
20673	31850	
20674	31889	
20675	31940	
20676	31976	
20677	31983	
20678	31971	
20679	31963	
20680	31977	
20681	32014	
20682	32054	
20683	32075	
20684	32067	
20685	32037	
20686	32004	
20687	31980	
20688	31962	
20689	31938	
20690	31898	
20691	31843	
20692	31787	
20693	31746	
20694	31725	
20695	31715	
20696	31704	
20697	31683	
20698	31663	
20699	31667	
20700	31720	
20701	31835	
20702	32011	
20703	32232	
20704	32477	
20705	32722	
20706	32950	
20707	33148	
20708	33314	
20709	33461	
20710	33613	
20711	33800	
20712	34039	
20713	34328	
20714	34646	
20715	34964	
20716	35272	
20717	35580	
20718	35920	
20719	36315	
20720	36755	
20721	37191	
20722	37552	
20723	37778	
20724	37852	
20725	37802	
20726	37679	
20727	37527	
20728	37357	
20729	37149	
20730	36880	
20731	36545	
20732	36175	
20733	35816	
20734	35507	
20735	35254	
20736	35019	
20737	34745	
20738	34386	
20739	33934	
20740	33424	
20741	32919	
20742	32481	
20743	32151	
20744	31932	
20745	31800	
20746	31714	
20747	31634	
20748	31530	
20749	31394	
20750	31240	
20751	31099	
20752	31004	
20753	30981	
20754	31028	
20755	31120	
20756	31215	
20757	31277	
20758	31294	
20759	31286	
20760	31285	
20761	31318	
20762	31389	
20763	31475	
20764	31543	
20765	31573	
20766	31565	
20767	31539	
20768	31517	
20769	31515	
20770	31537	
20771	31577	
20772	31629	
20773	31690	
20774	31754	
20775	31816	
20776	31870	
20777	31915	
20778	31958	
20779	32006	
20780	32060	
20781	32115	
20782	32156	
20783	32173	
20784	32168	
20785	32151	
20786	32133	
20787	32114	
20788	32085	
20789	32035	
20790	31965	
20791	31893	
20792	31848	
20793	31852	
20794	31904	
20795	31976	
20796	32036	
20797	32060	
20798	32053	
20799	32042	
20800	32052	
20801	32088	
20802	32132	
20803	32154	
20804	32134	
20805	32075	
20806	32001	
20807	31938	
20808	31901	
20809	31884	
20810	31874	
20811	31863	
20812	31856	
20813	31863	
20814	31885	
20815	31915	
20816	31939	
20817	31950	
20818	31957	
20819	31980	
20820	32030	
20821	32099	
20822	32159	
20823	32178	
20824	32140	
20825	32058	
20826	31966	
20827	31897	
20828	31865	
20829	31857	
20830	31848	
20831	31820	
20832	31777	
20833	31744	
20834	31744	
20835	31785	
20836	31851	
20837	31916	
20838	31954	
20839	31962	
20840	31952	
20841	31943	
20842	31949	
20843	31968	
20844	31991	
20845	32009	
20846	32021	
20847	32031	
20848	32041	
20849	32044	
20850	32030	
20851	31999	
20852	31960	
20853	31936	
20854	31946	
20855	31994	
20856	32067	
20857	32138	
20858	32188	
20859	32211	
20860	32217	
20861	32218	
20862	32221	
20863	32224	
20864	32219	
20865	32200	
20866	32170	
20867	32136	
20868	32102	
20869	32072	
20870	32045	
20871	32021	
20872	32006	
20873	32005	
20874	32023	
20875	32058	
20876	32098	
20877	32131	
20878	32151	
20879	32160	
20880	32169	
20881	32187	
20882	32216	
20883	32246	
20884	32262	
20885	32254	
20886	32220	
20887	32173	
20888	32126	
20889	32091	
20890	32075	
20891	32079	
20892	32098	
20893	32128	
20894	32162	
20895	32194	
20896	32219	
20897	32237	
20898	32255	
20899	32280	
20900	32315	
20901	32351	
20902	32372	
20903	32366	
20904	32333	
20905	32285	
20906	32243	
20907	32217	
20908	32206	
20909	32197	
20910	32176	
20911	32145	
20912	32118	
20913	32110	
20914	32130	
20915	32170	
20916	32212	
20917	32242	
20918	32256	
20919	32265	
20920	32279	
20921	32297	
20922	32310	
20923	32304	
20924	32273	
20925	32226	
20926	32180	
20927	32148	
20928	32131	
20929	32118	
20930	32096	
20931	32062	
20932	32026	
20933	32003	
20934	32002	
20935	32021	
20936	32048	
20937	32071	
20938	32084	
20939	32093	
20940	32101	
20941	32109	
20942	32110	
20943	32097	
20944	32069	
20945	32033	
20946	32001	
20947	31976	
20948	31954	
20949	31924	
20950	31883	
20951	31842	
20952	31820	
20953	31832	
20954	31876	
20955	31930	
20956	31971	
20957	31988	
20958	31989	
20959	31995	
20960	32020	
20961	32058	
20962	32088	
20963	32089	
20964	32059	
20965	32018	
20966	31992	
20967	31997	
20968	32027	
20969	32060	
20970	32080	
20971	32085	
20972	32090	
20973	32109	
20974	32146	
20975	32186	
20976	32217	
20977	32236	
20978	32257	
20979	32297	
20980	32362	
20981	32440	
20982	32507	
20983	32540	
20984	32536	
20985	32513	
20986	32492	
20987	32484	
20988	32486	
20989	32488	
20990	32481	
20991	32475	
20992	32487	
20993	32528	
20994	32595	
20995	32669	
20996	32725	
20997	32755	
20998	32767	
20999	32783	
21000	32817	
21001	32864	
21002	32904	
21003	32918	
21004	32898	
21005	32859	
21006	32823	
21007	32808	
21008	32811	
21009	32820	
21010	32820	
21011	32807	
21012	32795	
21013	32801	
21014	32837	
21015	32899	
21016	32971	
21017	33040	
21018	33096	
21019	33140	
21020	33173	
21021	33191	
21022	33187	
21023	33156	
21024	33104	
21025	33047	
21026	32999	
21027	32965	
21028	32939	
21029	32910	
21030	32872	
21031	32833	
21032	32806	
21033	32800	
21034	32811	
21035	32822	
21036	32819	
21037	32802	
21038	32787	
21039	32794	
21040	32830	
21041	32878	
21042	32910	
21043	32902	
21044	32854	
21045	32786	
21046	32725	
21047	32682	
21048	32649	
21049	32608	
21050	32547	
21051	32475	
21052	32417	
21053	32394	
21054	32410	
21055	32448	
21056	32483	
21057	32501	
21058	32509	
21059	32523	
21060	32556	
21061	32601	
21062	32635	
21063	32640	
21064	32610	
21065	32560	
21066	32513	
21067	32481	
21068	32460	
21069	32433	
21070	32389	
21071	32336	
21072	32291	
21073	32274	
21074	32289	
21075	32325	
21076	32367	
21077	32410	
21078	32461	
21079	32530	
21080	32615	
21081	32694	
21082	32740	
21083	32735	
21084	32691	
21085	32637	
21086	32604	
21087	32603	
21088	32614	
21089	32606	
21090	32562	
21091	32491	
21092	32426	
21093	32398	
21094	32416	
21095	32463	
21096	32510	
21097	32543	
21098	32567	
21099	32600	
21100	32655	
21101	32719	
21102	32766	
21103	32770	
21104	32728	
21105	32664	
21106	32610	
21107	32584	
21108	32578	
21109	32565	
21110	32527	
21111	32472	
21112	32428	
21113	32427	
21114	32479	
21115	32560	
21116	32632	
21117	32668	
21118	32670	
21119	32663	
21120	32675	
21121	32711	
21122	32752	
21123	32767	
21124	32738	
21125	32677	
21126	32611	
21127	32568	
21128	32552	
21129	32548	
21130	32533	
21131	32501	
21132	32464	
21133	32442	
21134	32449	
21135	32480	
21136	32516	
21137	32544	
21138	32562	
21139	32584	
21140	32618	
21141	32658	
21142	32684	
21143	32677	
21144	32634	
21145	32574	
21146	32524	
21147	32497	
21148	32484	
21149	32464	
21150	32421	
21151	32367	
21152	32330	
21153	32339	
21154	32396	
21155	32474	
21156	32535	
21157	32554	
21158	32539	
21159	32524	
21160	32541	
21161	32599	
21162	32671	
21163	32716	
21164	32709	
21165	32654	
21166	32580	
21167	32517	
21168	32478	
21169	32457	
21170	32437	
21171	32415	
21172	32402	
21173	32411	
21174	32445	
21175	32485	
21176	32507	
21177	32499	
21178	32479	
21179	32479	
21180	32524	
21181	32607	
21182	32693	
21183	32735	
21184	32715	
21185	32650	
21186	32582	
21187	32547	
21188	32551	
21189	32566	
21190	32555	
21191	32502	
21192	32429	
21193	32377	
21194	32382	
21195	32443	
21196	32526	
21197	32588	
21198	32603	
21199	32581	
21200	32554	
21201	32552	
21202	32578	
21203	32613	
21204	32629	
21205	32612	
21206	32572	
21207	32529	
21208	32502	
21209	32494	
21210	32493	
21211	32488	
21212	32478	
21213	32474	
21214	32486	
21215	32519	
21216	32564	
21217	32609	
21218	32647	
21219	32678	
21220	32706	
21221	32731	
21222	32743	
21223	32733	
21224	32700	
21225	32655	
21226	32614	
21227	32587	
21228	32570	
21229	32546	
21230	32503	
21231	32447	
21232	32396	
21233	32375	
21234	32396	
21235	32450	
21236	32514	
21237	32569	
21238	32609	
21239	32641	
21240	32671	
21241	32695	
21242	32697	
21243	32661	
21244	32592	
21245	32515	
21246	32462	
21247	32451	
21248	32475	
21249	32501	
21250	32498	
21251	32460	
21252	32408	
21253	32380	
21254	32399	
21255	32460	
21256	32534	
21257	32592	
21258	32621	
21259	32633	
21260	32649	
21261	32677	
21262	32707	
21263	32717	
21264	32691	
21265	32637	
21266	32575	
21267	32528	
21268	32500	
21269	32479	
21270	32449	
21271	32408	
21272	32371	
21273	32360	
21274	32385	
21275	32434	
21276	32480	
21277	32501	
21278	32496	
21279	32485	
21280	32491	
21281	32518	
21282	32550	
21283	32563	
21284	32540	
21285	32490	
21286	32438	
21287	32405	
21288	32390	
21289	32376	
21290	32342	
21291	32286	
21292	32232	
21293	32214	
21294	32247	
21295	32319	
21296	32397	
21297	32450	
21298	32473	
21299	32488	
21300	32522	
21301	32581	
21302	32642	
21303	32667	
21304	32635	
21305	32557	
21306	32474	
21307	32424	
21308	32421	
21309	32442	
21310	32449	
21311	32419	
21312	32360	
21313	32309	
21314	32300	
21315	32344	
21316	32422	
21317	32504	
21318	32569	
21319	32614	
21320	32651	
21321	32687	
21322	32714	
21323	32717	
21324	32687	
21325	32637	
21326	32591	
21327	32571	
21328	32574	
21329	32579	
21330	32558	
21331	32506	
21332	32443	
21333	32406	
21334	32419	
21335	32478	
21336	32550	
21337	32599	
21338	32610	
21339	32599	
21340	32599	
21341	32633	
21342	32694	
21343	32751	
21344	32768	
21345	32733	
21346	32664	
21347	32594	
21348	32552	
21349	32540	
21350	32542	
21351	32537	
21352	32518	
21353	32496	
21354	32490	
21355	32513	
21356	32560	
21357	32617	
21358	32664	
21359	32696	
21360	32711	
21361	32715	
21362	32708	
21363	32686	
21364	32648	
21365	32599	
21366	32553	
21367	32522	
21368	32509	
21369	32505	
21370	32500	
21371	32488	
21372	32471	
21373	32461	
21374	32465	
21375	32482	
21376	32503	
21377	32519	
21378	32533	
21379	32552	
21380	32584	
21381	32625	
21382	32663	
21383	32678	
21384	32662	
21385	32622	
21386	32575	
21387	32536	
21388	32510	
21389	32488	
21390	32458	
21391	32418	
21392	32381	
21393	32362	
21394	32372	
21395	32406	
21396	32445	
21397	32473	
21398	32486	
21399	32494	
21400	32512	
21401	32545	
21402	32583	
21403	32606	
21404	32602	
21405	32567	
21406	32515	
21407	32463	
21408	32421	
21409	32391	
21410	32367	
21411	32347	
21412	32333	
21413	32331	
21414	32345	
21415	32373	
21416	32406	
21417	32442	
21418	32482	
21419	32533	
21420	32595	
21421	32660	
21422	32709	
21423	32729	
21424	32716	
21425	32686	
21426	32657	
21427	32642	
21428	32638	
21429	32632	
21430	32613	
21431	32585	
21432	32566	
21433	32573	
21434	32610	
21435	32662	
21436	32704	
21437	32723	
21438	32725	
21439	32729	
21440	32755	
21441	32804	
21442	32858	
21443	32891	
21444	32892	
21445	32866	
21446	32835	
21447	32812	
21448	32795	
21449	32773	
21450	32732	
21451	32678	
21452	32631	
21453	32611	
21454	32622	
21455	32647	
21456	32664	
21457	32656	
21458	32632	
21459	32613	
21460	32617	
21461	32640	
21462	32660	
21463	32652	
21464	32608	
21465	32545	
21466	32488	
21467	32452	
21468	32428	
21469	32391	
21470	32323	
21471	32234	
21472	32157	
21473	32130	
21474	32166	
21475	32244	
21476	32318	
21477	32351	
21478	32335	
21479	32296	
21480	32270	
21481	32278	
21482	32314	
21483	32351	
21484	32366	
21485	32352	
21486	32320	
21487	32284	
21488	32251	
21489	32211	
21490	32156	
21491	32092	
21492	32038	
21493	32020	
21494	32045	
21495	32103	
21496	32164	
21497	32209	
21498	32236	
21499	32266	
21500	32317	
21501	32389	
21502	32457	
21503	32485	
21504	32457	
21505	32384	
21506	32302	
21507	32248	
21508	32233	
21509	32240	
21510	32241	
21511	32218	
21512	32179	
21513	32152	
21514	32160	
21515	32205	
21516	32267	
21517	32317	
21518	32340	
21519	32340	
21520	32335	
21521	32335	
21522	32341	
21523	32340	
21524	32325	
21525	32302	
21526	32282	
21527	32271	
21528	32260	
21529	32229	
21530	32164	
21531	32074	
21532	31993	
21533	31962	
21534	32003	
21535	32101	
21536	32212	
21537	32294	
21538	32325	
21539	32320	
21540	32313	
21541	32329	
21542	32370	
21543	32412	
21544	32425	
21545	32398	
21546	32340	
21547	32278	
21548	32230	
21549	32199	
21550	32172	
21551	32142	
21552	32112	
21553	32098	
21554	32114	
21555	32158	
21556	32213	
21557	32261	
21558	32295	
21559	32325	
21560	32365	
21561	32416	
21562	32461	
21563	32474	
21564	32437	
21565	32356	
21566	32255	
21567	32156	
21568	32066	
21569	31975	
21570	31872	
21571	31762	
21572	31677	
21573	31658	
21574	31734	
21575	31904	
21576	32136	
21577	32391	
21578	32639	
21579	32876	
21580	33110	
21581	33346	
21582	33576	
21583	33787	
21584	33970	
21585	34132	
21586	34293	
21587	34472	
21588	34669	
21589	34878	
21590	35094	
21591	35335	
21592	35636	
21593	36023	
21594	36490	
21595	36982	
21596	37417	
21597	37726	
21598	37890	
21599	37945	
21600	37947	
21601	37932	
21602	37891	
21603	37779	
21604	37556	
21605	37222	
21606	36828	
21607	36445	
21608	36117	
21609	35835	
21610	35544	
21611	35179	
21612	34714	
21613	34175	
21614	33631	
21615	33146	
21616	32758	
21617	32468	
21618	32259	
21619	32113	
21620	32019	
21621	31961	
21622	31912	
21623	31843	
21624	31736	
21625	31601	
21626	31469	
21627	31372	
21628	31318	
21629	31288	
21630	31252	
21631	31193	
21632	31122	
21633	31070	
21634	31060	
21635	31097	
21636	31162	
21637	31233	
21638	31299	
21639	31365	
21640	31440	
21641	31522	
21642	31592	
21643	31627	
21644	31617	
21645	31577	
21646	31537	
21647	31524	
21648	31543	
21649	31575	
21650	31593	
21651	31581	
21652	31546	
21653	31513	
21654	31505	
21655	31534	
21656	31587	
21657	31648	
21658	31703	
21659	31752	
21660	31802	
21661	31852	
21662	31892	
21663	31906	
21664	31885	
21665	31838	
21666	31789	
21667	31761	
21668	31763	
21669	31782	
21670	31797	
21671	31791	
21672	31766	
21673	31739	
21674	31729	
21675	31744	
21676	31778	
21677	31821	
21678	31866	
21679	31915	
21680	31972	
21681	32035	
21682	32090	
21683	32121	
21684	32118	
21685	32086	
21686	32041	
21687	32000	
21688	31967	
21689	31941	
21690	31913	
21691	31884	
21692	31863	
21693	31858	
21694	31870	
21695	31888	
21696	31899	
21697	31899	
21698	31903	
21699	31931	
21700	31998	
21701	32093	
21702	32187	
21703	32245	
21704	32248	
21705	32204	
21706	32141	
21707	32087	
21708	32052	
21709	32026	
21710	31994	
21711	31952	
21712	31913	
21713	31898	
21714	31921	
21715	31975	
21716	32035	
21717	32079	
21718	32104	
21719	32120	
21720	32145	
21721	32183	
21722	32220	
21723	32236	
21724	32221	
21725	32184	
21726	32147	
21727	32126	
21728	32115	
21729	32091	
21730	32032	
21731	31937	
21732	31834	
21733	31762	
21734	31748	
21735	31787	
21736	31853	
21737	31913	
21738	31952	
21739	31981	
21740	32017	
21741	32067	
21742	32118	
21743	32143	
21744	32121	
21745	32058	
21746	31981	
21747	31922	
21748	31895	
21749	31891	
21750	31886	
21751	31863	
21752	31829	
21753	31807	
21754	31817	
21755	31862	
21756	31922	
21757	31973	
21758	32005	
21759	32027	
21760	32059	
21761	32110	
21762	32168	
21763	32208	
21764	32208	
21765	32168	
21766	32108	
21767	32053	
21768	32016	
21769	31991	
21770	31964	
21771	31929	
21772	31897	
21773	31887	
21774	31911	
21775	31961	
21776	32014	
21777	32049	
21778	32069	
21779	32091	
21780	32139	
21781	32219	
21782	32307	
21783	32370	
21784	32382	
21785	32342	
21786	32274	
21787	32207	
21788	32156	
21789	32121	
21790	32091	
21791	32064	
21792	32050	
21793	32063	
21794	32105	
21795	32161	
21796	32209	
21797	32237	
21798	32250	
21799	32272	
21800	32319	
21801	32389	
21802	32456	
21803	32492	
21804	32481	
21805	32434	
21806	32377	
21807	32330	
21808	32299	
21809	32270	
21810	32232	
21811	32188	
21812	32155	
21813	32150	
21814	32173	
21815	32201	
21816	32207	
21817	32179	
21818	32136	
21819	32111	
21820	32132	
21821	32196	
21822	32268	
21823	32307	
21824	32290	
21825	32233	
21826	32171	
21827	32132	
21828	32120	
21829	32111	
21830	32078	
21831	32021	
21832	31970	
21833	31962	
21834	32020	
21835	32125	
21836	32232	
21837	32301	
21838	32320	
21839	32314	
21840	32320	
21841	32358	
21842	32418	
21843	32465	
21844	32472	
21845	32443	
21846	32403	
21847	32383	
21848	32393	
21849	32413	
21850	32418	
21851	32394	
21852	32359	
21853	32345	
21854	32375	
21855	32443	
21856	32519	
21857	32574	
21858	32601	
21859	32621	
21860	32663	
21861	32738	
21862	32824	
21863	32884	
21864	32894	
21865	32863	
21866	32828	
21867	32826	
21868	32869	
21869	32932	
21870	32977	
21871	32981	
21872	32955	
21873	32936	
21874	32959	
21875	33028	
21876	33117	
21877	33191	
21878	33231	
21879	33252	
21880	33286	
21881	33357	
21882	33460	
21883	33561	
21884	33621	
21885	33622	
21886	33577	
21887	33520	
21888	33475	
21889	33450	
21890	33430	
21891	33403	
21892	33368	
21893	33341	
21894	33340	
21895	33368	
21896	33412	
21897	33450	
21898	33475	
21899	33495	
21900	33528	
21901	33580	
21902	33632	
21903	33651	
21904	33614	
21905	33526	
21906	33423	
21907	33347	
21908	33315	
21909	33313	
21910	33306	
21911	33267	
21912	33197	
21913	33130	
21914	33101	
21915	33119	
21916	33165	
21917	33198	
21918	33192	
21919	33149	
21920	33097	
21921	33065	
21922	33061	
21923	33069	
21924	33062	
21925	33024	
21926	32961	
21927	32894	
21928	32838	
21929	32794	
21930	32748	
21931	32691	
21932	32627	
21933	32576	
21934	32562	
21935	32590	
21936	32643	
21937	32696	
21938	32730	
21939	32744	
21940	32752	
21941	32766	
21942	32785	
21943	32794	
21944	32777	
21945	32730	
21946	32668	
21947	32611	
21948	32573	
21949	32550	
21950	32529	
21951	32501	
21952	32468	
21953	32443	
21954	32435	
21955	32443	
21956	32455	
21957	32462	
21958	32465	
21959	32479	
21960	32517	
21961	32579	
21962	32643	
21963	32678	
21964	32664	
21965	32605	
21966	32528	
21967	32465	
21968	32428	
21969	32412	
21970	32396	
21971	32371	
21972	32344	
21973	32333	
21974	32354	
21975	32404	
21976	32463	
21977	32509	
21978	32532	
21979	32541	
21980	32550	
21981	32569	
21982	32587	
21983	32587	
21984	32563	
21985	32522	
21986	32486	
21987	32471	
21988	32471	
21989	32465	
21990	32426	
21991	32352	
21992	32268	
21993	32215	
21994	32219	
21995	32279	
21996	32362	
21997	32429	
21998	32462	
21999	32470	
22000	32479	
22001	32505	
22002	32546	
22003	32577	
22004	32578	
22005	32547	
22006	32504	
22007	32470	
22008	32454	
22009	32443	
22010	32415	
22011	32362	
22012	32302	
22013	32264	
22014	32274	
22015	32330	
22016	32407	
22017	32472	
22018	32508	
22019	32524	
22020	32545	
22021	32589	
22022	32648	
22023	32697	
22024	32705	
22025	32664	
22026	32589	
22027	32511	
22028	32455	
22029	32425	
22030	32407	
22031	32383	
22032	32347	
22033	32311	
22034	32293	
22035	32313	
22036	32370	
22037	32453	
22038	32544	
22039	32625	
22040	32687	
22041	32724	
22042	32733	
22043	32715	
22044	32676	
22045	32628	
22046	32583	
22047	32550	
22048	32524	
22049	32497	
22050	32462	
22051	32419	
22052	32380	
22053	32359	
22054	32365	
22055	32396	
22056	32441	
22057	32487	
22058	32529	
22059	32568	
22060	32604	
22061	32631	
22062	32639	
22063	32618	
22064	32573	
22065	32516	
22066	32466	
22067	32434	
22068	32418	
22069	32403	
22070	32376	
22071	32334	
22072	32289	
22073	32260	
22074	32256	
22075	32276	
22076	32311	
22077	32355	
22078	32411	
22079	32488	
22080	32584	
22081	32686	
22082	32764	
22083	32794	
22084	32770	
22085	32713	
22086	32656	
22087	32622	
22088	32615	
22089	32617	
22090	32604	
22091	32570	
22092	32527	
22093	32500	
22094	32505	
22095	32542	
22096	32594	
22097	32643	
22098	32685	
22099	32726	
22100	32780	
22101	32845	
22102	32907	
22103	32942	
22104	32937	
22105	32895	
22106	32837	
22107	32783	
22108	32742	
22109	32707	
22110	32670	
22111	32629	
22112	32596	
22113	32587	
22114	32611	
22115	32658	
22116	32710	
22117	32746	
22118	32763	
22119	32773	
22120	32790	
22121	32820	
22122	32855	
22123	32878	
22124	32876	
22125	32855	
22126	32828	
22127	32811	
22128	32804	
22129	32794	
22130	32766	
22131	32716	
22132	32657	
22133	32613	
22134	32597	
22135	32609	
22136	32636	
22137	32664	
22138	32692	
22139	32729	
22140	32784	
22141	32854	
22142	32920	
22143	32957	
22144	32954	
22145	32918	
22146	32872	
22147	32834	
22148	32809	
22149	32781	
22150	32733	
22151	32661	
22152	32580	
22153	32518	
22154	32494	
22155	32512	
22156	32553	
22157	32598	
22158	32637	
22159	32674	
22160	32719	
22161	32773	
22162	32822	
22163	32846	
22164	32834	
22165	32793	
22166	32744	
22167	32705	
22168	32680	
22169	32656	
22170	32614	
22171	32551	
22172	32485	
22173	32441	
22174	32440	
22175	32477	
22176	32526	
22177	32561	
22178	32572	
22179	32573	
22180	32590	
22181	32636	
22182	32703	
22183	32763	
22184	32788	
22185	32771	
22186	32727	
22187	32679	
22188	32644	
22189	32617	
22190	32582	
22191	32527	
22192	32463	
22193	32414	
22194	32407	
22195	32447	
22196	32516	
22197	32582	
22198	32622	
22199	32636	
22200	32640	
22201	32656	
22202	32690	
22203	32732	
22204	32761	
22205	32764	
22206	32742	
22207	32711	
22208	32681	
22209	32657	
22210	32631	
22211	32595	
22212	32551	
22213	32515	
22214	32500	
22215	32512	
22216	32544	
22217	32582	
22218	32617	
22219	32651	
22220	32691	
22221	32739	
22222	32786	
22223	32814	
22224	32808	
22225	32767	
22226	32707	
22227	32646	
22228	32592	
22229	32537	
22230	32468	
22231	32381	
22232	32292	
22233	32232	
22234	32224	
22235	32273	
22236	32356	
22237	32440	
22238	32498	
22239	32527	
22240	32544	
22241	32566	
22242	32600	
22243	32632	
22244	32643	
22245	32622	
22246	32572	
22247	32507	
22248	32443	
22249	32385	
22250	32327	
22251	32267	
22252	32208	
22253	32165	
22254	32151	
22255	32170	
22256	32214	
22257	32267	
22258	32320	
22259	32371	
22260	32424	
22261	32478	
22262	32522	
22263	32542	
22264	32529	
22265	32485	
22266	32429	
22267	32377	
22268	32340	
22269	32315	
22270	32294	
22271	32278	
22272	32274	
22273	32294	
22274	32340	
22275	32399	
22276	32446	
22277	32469	
22278	32473	
22279	32479	
22280	32512	
22281	32577	
22282	32652	
22283	32708	
22284	32719	
22285	32688	
22286	32637	
22287	32590	
22288	32558	
22289	32531	
22290	32491	
22291	32435	
22292	32380	
22293	32352	
22294	32370	
22295	32430	
22296	32503	
22297	32564	
22298	32604	
22299	32637	
22300	32684	
22301	32751	
22302	32819	
22303	32858	
22304	32849	
22305	32802	
22306	32754	
22307	32739	
22308	32768	
22309	32817	
22310	32846	
22311	32831	
22312	32778	
22313	32726	
22314	32709	
22315	32739	
22316	32793	
22317	32836	
22318	32844	
22319	32824	
22320	32805	
22321	32810	
22322	32841	
22323	32874	
22324	32882	
22325	32856	
22326	32812	
22327	32778	
22328	32768	
22329	32771	
22330	32757	
22331	32705	
22332	32621	
22333	32535	
22334	32483	
22335	32484	
22336	32525	
22337	32577	
22338	32618	
22339	32643	
22340	32663	
22341	32689	
22342	32717	
22343	32726	
22344	32700	
22345	32638	
22346	32563	
22347	32506	
22348	32481	
22349	32479	
22350	32475	
22351	32449	
22352	32406	
22353	32369	
22354	32362	
22355	32389	
22356	32431	
22357	32460	
22358	32462	
22359	32449	
22360	32452	
22361	32491	
22362	32562	
22363	32631	
22364	32660	
22365	32631	
22366	32559	
22367	32480	
22368	32425	
22369	32399	
22370	32385	
22371	32359	
22372	32315	
22373	32267	
22374	32242	
22375	32255	
22376	32300	
22377	32355	
22378	32405	
22379	32448	
22380	32498	
22381	32567	
22382	32648	
22383	32718	
22384	32753	
22385	32743	
22386	32703	
22387	32661	
22388	32639	
22389	32635	
22390	32632	
22391	32612	
22392	32572	
22393	32531	
22394	32513	
22395	32531	
22396	32574	
22397	32620	
22398	32650	
22399	32670	
22400	32696	
22401	32744	
22402	32812	
22403	32874	
22404	32899	
22405	32875	
22406	32817	
22407	32759	
22408	32730	
22409	32732	
22410	32747	
22411	32748	
22412	32723	
22413	32685	
22414	32660	
22415	32668	
22416	32707	
22417	32758	
22418	32801	
22419	32831	
22420	32861	
22421	32903	
22422	32958	
22423	33006	
22424	33020	
22425	32987	
22426	32919	
22427	32844	
22428	32789	
22429	32759	
22430	32738	
22431	32698	
22432	32626	
22433	32532	
22434	32443	
22435	32385	
22436	32371	
22437	32396	
22438	32451	
22439	32536	
22440	32662	
22441	32840	
22442	33070	
22443	33330	
22444	33588	
22445	33816	
22446	34007	
22447	34176	
22448	34345	
22449	34530	
22450	34732	
22451	34942	
22452	35149	
22453	35357	
22454	35577	
22455	35832	
22456	36142	
22457	36514	
22458	36945	
22459	37410	
22460	37865	
22461	38256	
22462	38530	
22463	38658	
22464	38641	
22465	38513	
22466	38319	
22467	38090	
22468	37830	
22469	37528	
22470	37173	
22471	36780	
22472	36390	
22473	36051	
22474	35782	
22475	35552	
22476	35293	
22477	34940	
22478	34477	
22479	33953	
22480	33462	
22481	33087	
22482	32859	
22483	32748	
22484	32688	
22485	32619	
22486	32518	
22487	32390	
22488	32252	
22489	32115	
22490	31983	
22491	31866	
22492	31783	
22493	31758	
22494	31799	
22495	31885	
22496	31977	
22497	32037	
22498	32060	
22499	32069	
22500	32097	
22501	32166	
22502	32264	
22503	32361	
22504	32424	
22505	32444	
22506	32434	
22507	32420	
22508	32416	
22509	32417	
22510	32410	
22511	32387	
22512	32360	
22513	32350	
22514	32375	
22515	32429	
22516	32488	
22517	32524	
22518	32533	
22519	32534	
22520	32560	
22521	32628	
22522	32722	
22523	32803	
22524	32832	
22525	32797	
22526	32727	
22527	32663	
22528	32637	
22529	32645	
22530	32655	
22531	32636	
22532	32582	
22533	32521	
22534	32492	
22535	32520	
22536	32594	
22537	32676	
22538	32733	
22539	32754	
22540	32760	
22541	32782	
22542	32833	
22543	32902	
22544	32960	
22545	32985	
22546	32976	
22547	32954	
22548	32942	
22549	32943	
22550	32946	
22551	32933	
22552	32901	
22553	32868	
22554	32858	
22555	32884	
22556	32936	
22557	32988	
22558	33019	
22559	33030	
22560	33040	
22561	33070	
22562	33119	
22563	33164	
22564	33173	
22565	33129	
22566	33044	
22567	32950	
22568	32880	
22569	32846	
22570	32832	
22571	32815	
22572	32781	
22573	32739	
22574	32710	
22575	32709	
22576	32733	
22577	32764	
22578	32784	
22579	32792	
22580	32806	
22581	32842	
22582	32902	
22583	32967	
22584	33004	
22585	32993	
22586	32936	
22587	32856	
22588	32782	
22589	32730	
22590	32696	
22591	32668	
22592	32635	
22593	32601	
22594	32576	
22595	32571	
22596	32585	
22597	32611	
22598	32640	
22599	32672	
22600	32710	
22601	32756	
22602	32798	
22603	32820	
22604	32808	
22605	32765	
22606	32710	
22607	32667	
22608	32648	
22609	32642	
22610	32628	
22611	32589	
22612	32529	
22613	32473	
22614	32447	
22615	32463	
22616	32504	
22617	32544	
22618	32564	
22619	32568	
22620	32578	
22621	32614	
22622	32676	
22623	32739	
22624	32772	
22625	32758	
22626	32708	
22627	32651	
22628	32611	
22629	32592	
22630	32579	
22631	32550	
22632	32503	
22633	32455	
22634	32435	
22635	32457	
22636	32510	
22637	32564	
22638	32592	
22639	32588	
22640	32568	
22641	32561	
22642	32577	
22643	32608	
22644	32626	
22645	32613	
22646	32566	
22647	32508	
22648	32459	
22649	32431	
22650	32412	
22651	32387	
22652	32346	
22653	32298	
22654	32265	
22655	32264	
22656	32295	
22657	32344	
22658	32393	
22659	32434	
22660	32470	
22661	32510	
22662	32553	
22663	32587	
22664	32598	
22665	32577	
22666	32533	
22667	32484	
22668	32443	
22669	32413	
22670	32383	
22671	32343	
22672	32296	
22673	32258	
22674	32248	
22675	32275	
22676	32329	
22677	32390	
22678	32437	
22679	32468	
22680	32491	
22681	32519	
22682	32555	
22683	32588	
22684	32603	
22685	32596	
22686	32570	
22687	32541	
22688	32514	
22689	32484	
22690	32439	
22691	32375	
22692	32305	
22693	32260	
22694	32265	
22695	32328	
22696	32423	
22697	32516	
22698	32577	
22699	32605	
22700	32621	
22701	32648	
22702	32692	
22703	32741	
22704	32770	
22705	32771	
22706	32754	
22707	32743	
22708	32754	
22709	32780	
22710	32798	
22711	32783	
22712	32737	
22713	32683	
22714	32657	
22715	32679	
22716	32741	
22717	32816	
22718	32877	
22719	32919	
22720	32959	
22721	33019	
22722	33102	
22723	33193	
22724	33260	
22725	33284	
22726	33269	
22727	33238	
22728	33215	
22729	33209	
22730	33210	
22731	33207	
22732	33200	
22733	33202	
22734	33231	
22735	33292	
22736	33367	
22737	33434	
22738	33477	
22739	33506	
22740	33544	
22741	33610	
22742	33698	
22743	33782	
22744	33830	
22745	33829	
22746	33795	
22747	33760	
22748	33750	
22749	33761	
22750	33768	
22751	33742	
22752	33678	
22753	33603	
22754	33557	
22755	33566	
22756	33625	
22757	33703	
22758	33765	
22759	33799	
22760	33814	
22761	33833	
22762	33863	
22763	33887	
22764	33878	
22765	33823	
22766	33735	
22767	33651	
22768	33604	
22769	33597	
22770	33604	
22771	33585	
22772	33520	
22773	33426	
22774	33343	
22775	33308	
22776	33331	
22777	33388	
22778	33441	
22779	33466	
22780	33462	
22781	33448	
22782	33441	
22783	33436	
22784	33417	
22785	33368	
22786	33291	
22787	33208	
22788	33141	
22789	33097	
22790	33064	
22791	33021	
22792	32960	
22793	32891	
22794	32840	
22795	32827	
22796	32849	
22797	32885	
22798	32909	
22799	32912	
22800	32906	
22801	32912	
22802	32943	
22803	32985	
22804	33011	
22805	33000	
22806	32951	
22807	32887	
22808	32839	
22809	32817	
22810	32810	
22811	32794	
22812	32754	
22813	32701	
22814	32665	
22815	32671	
22816	32721	
22817	32791	
22818	32847	
22819	32869	
22820	32861	
22821	32845	
22822	32839	
22823	32845	
22824	32848	
22825	32833	
22826	32802	
22827	32773	
22828	32764	
22829	32779	
22830	32799	
22831	32793	
22832	32747	
22833	32671	
22834	32597	
22835	32560	
22836	32573	
22837	32623	
22838	32684	
22839	32730	
22840	32757	
22841	32771	
22842	32783	
22843	32791	
22844	32789	
22845	32771	
22846	32742	
22847	32717	
22848	32707	
22849	32712	
22850	32713	
22851	32694	
22852	32653	
22853	32610	
22854	32590	
22855	32613	
22856	32672	
22857	32743	
22858	32799	
22859	32833	
22860	32855	
22861	32887	
22862	32932	
22863	32975	
22864	32987	
22865	32951	
22866	32877	
22867	32796	
22868	32741	
22869	32723	
22870	32724	
22871	32716	
22872	32680	
22873	32622	
22874	32572	
22875	32554	
22876	32573	
22877	32614	
22878	32652	
22879	32676	
22880	32694	
22881	32722	
22882	32763	
22883	32802	
22884	32811	
22885	32773	
22886	32698	
22887	32621	
22888	32575	
22889	32569	
22890	32580	
22891	32570	
22892	32518	
22893	32431	
22894	32348	
22895	32307	
22896	32320	
22897	32366	
22898	32409	
22899	32422	
22900	32408	
22901	32392	
22902	32398	
22903	32431	
22904	32470	
22905	32484	
22906	32458	
22907	32400	
22908	32332	
22909	32275	
22910	32233	
22911	32193	
22912	32143	
22913	32083	
22914	32030	
22915	32005	
22916	32019	
22917	32064	
22918	32124	
22919	32179	
22920	32223	
22921	32258	
22922	32287	
22923	32307	
22924	32313	
22925	32298	
22926	32271	
22927	32242	
22928	32221	
22929	32208	
22930	32189	
22931	32152	
22932	32097	
22933	32040	
22934	32004	
22935	32003	
22936	32032	
22937	32072	
22938	32103	
22939	32120	
22940	32135	
22941	32163	
22942	32207	
22943	32251	
22944	32269	
22945	32246	
22946	32185	
22947	32109	
22948	32042	
22949	31994	
22950	31957	
22951	31920	
22952	31878	
22953	31843	
22954	31832	
22955	31852	
22956	31893	
22957	31932	
22958	31951	
22959	31950	
22960	31953	
22961	31984	
22962	32050	
22963	32131	
22964	32191	
22965	32201	
22966	32159	
22967	32088	
22968	32021	
22969	31980	
22970	31966	
22971	31963	
22972	31956	
22973	31946	
22974	31941	
22975	31952	
22976	31976	
22977	32001	
22978	32016	
22979	32020	
22980	32029	
22981	32058	
22982	32106	
22983	32156	
22984	32179	
22985	32161	
22986	32108	
22987	32048	
22988	32006	
22989	31988	
22990	31981	
22991	31962	
22992	31922	
22993	31874	
22994	31842	
22995	31845	
22996	31881	
22997	31930	
22998	31974	
22999	32008	
23000	32042	
23001	32091	
23002	32153	
23003	32208	
23004	32228	
23005	32200	
23006	32134	
23007	32057	
23008	31994	
23009	31954	
23010	31925	
23011	31894	
23012	31861	
23013	31842	
23014	31855	
23015	31901	
23016	31960	
23017	32004	
23018	32020	
23019	32022	
23020	32043	
23021	32106	
23022	32199	
23023	32278	
23024	32293	
23025	32226	
23026	32104	
23027	31985	
23028	31918	
23029	31909	
23030	31925	
23031	31917	
23032	31868	
23033	31800	
23034	31764	
23035	31793	
23036	31881	
23037	31980	
23038	32039	
23039	32038	
23040	32005	
23041	31990	
23042	32026	
23043	32101	
23044	32167	
23045	32174	
23046	32109	
23047	32002	
23048	31910	
23049	31874	
23050	31897	
23051	31943	
23052	31972	
23053	31968	
23054	31944	
23055	31934	
23056	31956	
23057	32006	
23058	32059	
23059	32094	
23060	32107	
23061	32114	
23062	32132	
23063	32160	
23064	32182	
23065	32172	
23066	32121	
23067	32041	
23068	31956	
23069	31892	
23070	31855	
23071	31836	
23072	31819	
23073	31798	
23074	31779	
23075	31774	
23076	31789	
23077	31816	
23078	31844	
23079	31869	
23080	31899	
23081	31944	
23082	32008	
23083	32078	
23084	32126	
23085	32130	
23086	32085	
23087	32013	
23088	31939	
23089	31884	
23090	31848	
23091	31820	
23092	31795	
23093	31779	
23094	31790	
23095	31838	
23096	31916	
23097	31998	
23098	32059	
23099	32095	
23100	32122	
23101	32164	
23102	32227	
23103	32295	
23104	32336	
23105	32329	
23106	32281	
23107	32222	
23108	32183	
23109	32171	
23110	32169	
23111	32149	
23112	32100	
23113	32041	
23114	32008	
23115	32029	
23116	32101	
23117	32186	
23118	32243	
23119	32251	
23120	32227	
23121	32210	
23122	32234	
23123	32300	
23124	32377	
23125	32422	
23126	32414	
23127	32364	
23128	32304	
23129	32265	
23130	32254	
23131	32252	
23132	32239	
23133	32205	
23134	32166	
23135	32144	
23136	32155	
23137	32196	
23138	32248	
23139	32296	
23140	32339	
23141	32386	
23142	32447	
23143	32514	
23144	32567	
23145	32581	
23146	32545	
23147	32471	
23148	32387	
23149	32314	
23150	32259	
23151	32214	
23152	32170	
23153	32130	
23154	32113	
23155	32135	
23156	32198	
23157	32283	
23158	32359	
23159	32407	
23160	32428	
23161	32439	
23162	32461	
23163	32498	
23164	32537	
23165	32557	
23166	32547	
23167	32511	
23168	32466	
23169	32423	
23170	32388	
23171	32355	
23172	32324	
23173	32303	
23174	32303	
23175	32331	
23176	32381	
23177	32436	
23178	32482	
23179	32518	
23180	32556	
23181	32611	
23182	32679	
23183	32742	
23184	32771	
23185	32752	
23186	32693	
23187	32621	
23188	32564	
23189	32528	
23190	32496	
23191	32446	
23192	32371	
23193	32290	
23194	32237	
23195	32239	
23196	32294	
23197	32372	
23198	32434	
23199	32457	
23200	32448	
23201	32433	
23202	32432	
23203	32445	
23204	32455	
23205	32440	
23206	32396	
23207	32341	
23208	32296	
23209	32275	
23210	32267	
23211	32255	
23212	32224	
23213	32180	
23214	32143	
23215	32130	
23216	32147	
23217	32179	
23218	32209	
23219	32224	
23220	32229	
23221	32232	
23222	32237	
23223	32237	
23224	32221	
23225	32185	
23226	32139	
23227	32099	
23228	32078	
23229	32071	
23230	32056	
23231	32015	
23232	31945	
23233	31869	
23234	31816	
23235	31805	
23236	31833	
23237	31874	
23238	31903	
23239	31915	
23240	31927	
23241	31961	
23242	32029	
23243	32114	
23244	32186	
23245	32217	
23246	32201	
23247	32155	
23248	32101	
23249	32049	
23250	31996	
23251	31935	
23252	31869	
23253	31818	
23254	31806	
23255	31842	
23256	31907	
23257	31966	
23258	31995	
23259	31995	
23260	31997	
23261	32034	
23262	32115	
23263	32213	
23264	32280	
23265	32280	
23266	32211	
23267	32111	
23268	32025	
23269	31980	
23270	31970	
23271	31963	
23272	31935	
23273	31887	
23274	31846	
23275	31845	
23276	31894	
23277	31974	
23278	32052	
23279	32104	
23280	32131	
23281	32154	
23282	32196	
23283	32260	
23284	32325	
23285	32364	
23286	32365	
23287	32336	
23288	32303	
23289	32286	
23290	32284	
23291	32281	
23292	32262	
23293	32229	
23294	32203	
23295	32213	
23296	32270	
23297	32359	
23298	32444	
23299	32494	
23300	32500	
23301	32478	
23302	32453	
23303	32440	
23304	32436	
23305	32420	
23306	32375	
23307	32300	
23308	32213	
23309	32140	
23310	32106	
23311	32126	
23312	32206	
23313	32345	
23314	32534	
23315	32757	
23316	32993	
23317	33219	
23318	33426	
23319	33619	
23320	33818	
23321	34039	
23322	34286	
23323	34537	
23324	34767	
23325	34959	
23326	35118	
23327	35278	
23328	35473	
23329	35723	
23330	36021	
23331	36330	
23332	36608	
23333	36820	
23334	36954	
23335	37014	
23336	37011	
23337	36960	
23338	36866	
23339	36731	
23340	36553	
23341	36330	
23342	36063	
23343	35761	
23344	35442	
23345	35126	
23346	34820	
23347	34508	
23348	34152	
23349	33713	
23350	33182	
23351	32592	
23352	32013	
23353	31523	
23354	31167	
23355	30946	
23356	30820	
23357	30740	
23358	30668	
23359	30591	
23360	30512	
23361	30446	
23362	30401	
23363	30377	
23364	30368	
23365	30366	
23366	30365	
23367	30362	
23368	30360	
23369	30357	
23370	30350	
23371	30331	
23372	30300	
23373	30269	
23374	30259	
23375	30290	
23376	30368	
23377	30480	
23378	30599	
23379	30701	
23380	30781	
23381	30848	
23382	30919	
23383	30995	
23384	31064	
23385	31106	
23386	31112	
23387	31092	
23388	31069	
23389	31060	
23390	31065	
23391	31067	
23392	31048	
23393	31011	
23394	30981	
23395	30984	
23396	31034	
23397	31118	
23398	31206	
23399	31276	
23400	31321	
23401	31359	
23402	31407	
23403	31470	
23404	31536	
23405	31582	
23406	31594	
23407	31578	
23408	31553	
23409	31537	
23410	31538	
23411	31549	
23412	31556	
23413	31556	
23414	31556	
23415	31568	
23416	31600	
23417	31650	
23418	31708	
23419	31770	
23420	31838	
23421	31923	
23422	32030	
23423	32146	
23424	32246	
23425	32307	
23426	32316	
23427	32286	
23428	32243	
23429	32207	
23430	32182	
23431	32161	
23432	32135	
23433	32111	
23434	32106	
23435	32136	
23436	32198	
23437	32270	
23438	32327	
23439	32357	
23440	32373	
23441	32397	
23442	32443	
23443	32501	
23444	32545	
23445	32551	
23446	32517	
23447	32469	
23448	32437	
23449	32434	
23450	32444	
23451	32436	
23452	32391	
23453	32316	
23454	32242	
23455	32204	
23456	32216	
23457	32264	
23458	32323	
23459	32376	
23460	32423	
23461	32476	
23462	32540	
23463	32603	
23464	32640	
23465	32632	
23466	32582	
23467	32516	
23468	32463	
23469	32434	
23470	32419	
23471	32394	
23472	32348	
23473	32287	
23474	32238	
23475	32224	
23476	32248	
23477	32295	
23478	32340	
23479	32368	
23480	32385	
23481	32409	
23482	32452	
23483	32506	
23484	32549	
23485	32561	
23486	32535	
23487	32485	
23488	32436	
23489	32402	
23490	32381	
23491	32359	
23492	32326	
23493	32286	
23494	32253	
23495	32244	
23496	32262	
23497	32294	
23498	32326	
23499	32351	
23500	32379	
23501	32425	
23502	32493	
23503	32566	
23504	32614	
23505	32616	
23506	32572	
23507	32507	
23508	32454	
23509	32429	
23510	32424	
23511	32415	
23512	32385	
23513	32339	
23514	32298	
23515	32289	
23516	32320	
23517	32376	
23518	32434	
23519	32477	
23520	32507	
23521	32539	
23522	32584	
23523	32637	
23524	32680	
23525	32694	
23526	32679	
23527	32652	
23528	32633	
23529	32632	
23530	32640	
23531	32635	
23532	32604	
23533	32554	
23534	32508	
23535	32492	
23536	32514	
23537	32562	
23538	32613	
23539	32650	
23540	32673	
23541	32694	
23542	32723	
23543	32753	
23544	32768	
23545	32750	
23546	32699	
23547	32632	
23548	32578	
23549	32554	
23550	32557	
23551	32566	
23552	32561	
23553	32538	
23554	32513	
23555	32509	
23556	32540	
23557	32600	
23558	32666	
23559	32715	
23560	32741	
23561	32756	
23562	32776	
23563	32811	
23564	32854	
23565	32888	
23566	32896	
23567	32876	
23568	32840	
23569	32801	
23570	32770	
23571	32749	
23572	32733	
23573	32722	
23574	32717	
23575	32720	
23576	32729	
23577	32738	
23578	32746	
23579	32755	
23580	32777	
23581	32819	
23582	32877	
23583	32930	
23584	32958	
23585	32950	
23586	32919	
23587	32891	
23588	32890	
23589	32919	
23590	32955	
23591	32970	
23592	32946	
23593	32895	
23594	32850	
23595	32846	
23596	32890	
23597	32966	
23598	33041	
23599	33091	
23600	33120	
23601	33148	
23602	33196	
23603	33266	
23604	33340	
23605	33396	
23606	33423	
23607	33430	
23608	33437	
23609	33453	
23610	33470	
23611	33468	
23612	33433	
23613	33376	
23614	33330	
23615	33329	
23616	33389	
23617	33493	
23618	33604	
23619	33687	
23620	33731	
23621	33751	
23622	33773	
23623	33812	
23624	33862	
23625	33904	
23626	33916	
23627	33891	
23628	33836	
23629	33763	
23630	33685	
23631	33605	
23632	33532	
23633	33478	
23634	33460	
23635	33483	
23636	33537	
23637	33591	
23638	33615	
23639	33600	
23640	33562	
23641	33536	
23642	33548	
23643	33594	
23644	33642	
23645	33652	
23646	33600	
23647	33499	
23648	33389	
23649	33308	
23650	33275	
23651	33273	
23652	33271	
23653	33243	
23654	33185	
23655	33113	
23656	33049	
23657	33009	
23658	32992	
23659	32991	
23660	33001	
23661	33024	
23662	33063	
23663	33110	
23664	33149	
23665	33163	
23666	33142	
23667	33091	
23668	33029	
23669	32972	
23670	32926	
23671	32884	
23672	32840	
23673	32793	
23674	32756	
23675	32741	
23676	32755	
23677	32788	
23678	32823	
23679	32844	
23680	32851	
23681	32852	
23682	32860	
23683	32876	
23684	32889	
23685	32887	
23686	32863	
23687	32828	
23688	32797	
23689	32783	
23690	32785	
23691	32788	
23692	32780	
23693	32761	
23694	32744	
23695	32748	
23696	32781	
23697	32835	
23698	32889	
23699	32929	
23700	32952	
23701	32969	
23702	32993	
23703	33024	
23704	33050	
23705	33053	
23706	33025	
23707	32976	
23708	32925	
23709	32886	
23710	32860	
23711	32834	
23712	32794	
23713	32740	
23714	32690	
23715	32665	
23716	32676	
23717	32716	
23718	32761	
23719	32793	
23720	32807	
23721	32817	
23722	32840	
23723	32879	
23724	32921	
23725	32943	
23726	32933	
23727	32895	
23728	32848	
23729	32810	
23730	32783	
23731	32756	
23732	32714	
23733	32654	
23734	32593	
23735	32557	
23736	32564	
23737	32609	
23738	32670	
23739	32722	
23740	32750	
23741	32761	
23742	32768	
23743	32782	
23744	32800	
23745	32807	
23746	32793	
23747	32760	
23748	32720	
23749	32687	
23750	32666	
23751	32651	
23752	32630	
23753	32603	
23754	32581	
23755	32578	
23756	32603	
23757	32650	
23758	32699	
23759	32734	
23760	32750	
23761	32757	
23762	32771	
23763	32799	
23764	32832	
23765	32855	
23766	32859	
23767	32842	
23768	32818	
23769	32797	
23770	32783	
23771	32769	
23772	32747	
23773	32718	
23774	32694	
23775	32691	
23776	32716	
23777	32762	
23778	32810	
23779	32845	
23780	32867	
23781	32886	
23782	32917	
23783	32962	
23784	33007	
23785	33031	
23786	33021	
23787	32980	
23788	32924	
23789	32872	
23790	32832	
23791	32800	
23792	32769	
23793	32738	
23794	32713	
23795	32705	
23796	32718	
23797	32742	
23798	32765	
23799	32780	
23800	32794	
23801	32822	
23802	32874	
23803	32946	
23804	33013	
23805	33045	
23806	33027	
23807	32965	
23808	32884	
23809	32810	
23810	32761	
23811	32735	
23812	32719	
23813	32707	
23814	32696	
23815	32694	
23816	32705	
23817	32727	
23818	32752	
23819	32774	
23820	32794	
23821	32819	
23822	32856	
23823	32903	
23824	32949	
23825	32981	
23826	32991	
23827	32982	
23828	32961	
23829	32931	
23830	32892	
23831	32840	
23832	32780	
23833	32725	
23834	32696	
23835	32705	
23836	32745	
23837	32794	
23838	32826	
23839	32829	
23840	32816	
23841	32812	
23842	32838	
23843	32893	
23844	32952	
23845	32987	
23846	32979	
23847	32936	
23848	32883	
23849	32845	
23850	32831	
23851	32834	
23852	32836	
23853	32829	
23854	32815	
23855	32805	
23856	32809	
23857	32825	
23858	32843	
23859	32857	
23860	32874	
23861	32905	
23862	32960	
23863	33032	
23864	33101	
23865	33138	
23866	33127	
23867	33072	
23868	32990	
23869	32909	
23870	32844	
23871	32804	
23872	32786	
23873	32786	
23874	32802	
23875	32829	
23876	32861	
23877	32887	
23878	32901	
23879	32908	
23880	32926	
23881	32970	
23882	33044	
23883	33132	
23884	33206	
23885	33240	
23886	33230	
23887	33189	
23888	33141	
23889	33105	
23890	33081	
23891	33060	
23892	33032	
23893	33001	
23894	32981	
23895	32985	
23896	33013	
23897	33051	
23898	33082	
23899	33100	
23900	33114	
23901	33142	
23902	33193	
23903	33254	
23904	33300	
23905	33304	
23906	33261	
23907	33189	
23908	33119	
23909	33070	
23910	33039	
23911	33010	
23912	32968	
23913	32914	
23914	32871	
23915	32864	
23916	32902	
23917	32972	
23918	33044	
23919	33098	
23920	33129	
23921	33153	
23922	33189	
23923	33238	
23924	33283	
23925	33296	
23926	33260	
23927	33186	
23928	33101	
23929	33036	
23930	33004	
23931	32996	
23932	32990	
23933	32969	
23934	32933	
23935	32895	
23936	32872	
23937	32870	
23938	32886	
23939	32911	
23940	32939	
23941	32969	
23942	33002	
23943	33033	
23944	33055	
23945	33060	
23946	33048	
23947	33027	
23948	33006	
23949	32988	
23950	32964	
23951	32922	
23952	32862	
23953	32796	
23954	32751	
23955	32747	
23956	32784	
23957	32842	
23958	32891	
23959	32914	
23960	32915	
23961	32918	
23962	32944	
23963	32998	
23964	33061	
23965	33101	
23966	33098	
23967	33053	
23968	32986	
23969	32921	
23970	32872	
23971	32841	
23972	32818	
23973	32801	
23974	32792	
23975	32798	
23976	32821	
23977	32853	
23978	32889	
23979	32926	
23980	32970	
23981	33025	
23982	33083	
23983	33125	
23984	33128	
23985	33080	
23986	32997	
23987	32915	
23988	32870	
23989	32871	
23990	32900	
23991	32916	
23992	32890	
23993	32821	
23994	32739	
23995	32683	
23996	32678	
23997	32721	
23998	32786	
23999	32848	
24000	32895	
24001	32933	
24002	32971	
24003	33008	
24004	33031	
24005	33026	
24006	32990	
24007	32939	
24008	32897	
24009	32876	
24010	32872	
24011	32862	
24012	32831	
24013	32781	
24014	32735	
24015	32718	
24016	32739	
24017	32787	
24018	32835	
24019	32864	
24020	32876	
24021	32887	
24022	32915	
24023	32958	
24024	32997	
24025	33011	
24026	32989	
24027	32946	
24028	32909	
24029	32898	
24030	32910	
24031	32923	
24032	32912	
24033	32871	
24034	32818	
24035	32786	
24036	32798	
24037	32856	
24038	32938	
24039	33020	
24040	33088	
24041	33141	
24042	33190	
24043	33236	
24044	33271	
24045	33280	
24046	33260	
24047	33219	
24048	33178	
24049	33152	
24050	33147	
24051	33149	
24052	33146	
24053	33134	
24054	33124	
24055	33128	
24056	33156	
24057	33201	
24058	33248	
24059	33287	
24060	33319	
24061	33352	
24062	33391	
24063	33432	
24064	33456	
24065	33452	
24066	33418	
24067	33369	
24068	33326	
24069	33297	
24070	33273	
24071	33238	
24072	33181	
24073	33114	
24074	33064	
24075	33056	
24076	33095	
24077	33164	
24078	33232	
24079	33275	
24080	33296	
24081	33313	
24082	33343	
24083	33387	
24084	33428	
24085	33441	
24086	33417	
24087	33368	
24088	33319	
24089	33290	
24090	33280	
24091	33270	
24092	33247	
24093	33211	
24094	33184	
24095	33192	
24096	33242	
24097	33316	
24098	33382	
24099	33417	
24100	33424	
24101	33427	
24102	33454	
24103	33509	
24104	33569	
24105	33599	
24106	33577	
24107	33512	
24108	33438	
24109	33390	
24110	33379	
24111	33387	
24112	33385	
24113	33353	
24114	33299	
24115	33248	
24116	33228	
24117	33246	
24118	33288	
24119	33329	
24120	33354	
24121	33369	
24122	33387	
24123	33421	
24124	33469	
24125	33516	
24126	33548	
24127	33561	
24128	33559	
24129	33548	
24130	33527	
24131	33485	
24132	33414	
24133	33325	
24134	33246	
24135	33207	
24136	33228	
24137	33297	
24138	33383	
24139	33453	
24140	33494	
24141	33513	
24142	33527	
24143	33547	
24144	33562	
24145	33554	
24146	33512	
24147	33441	
24148	33369	
24149	33323	
24150	33318	
24151	33339	
24152	33361	
24153	33356	
24154	33320	
24155	33267	
24156	33225	
24157	33214	
24158	33240	
24159	33295	
24160	33362	
24161	33425	
24162	33475	
24163	33510	
24164	33528	
24165	33529	
24166	33513	
24167	33482	
24168	33440	
24169	33386	
24170	33320	
24171	33242	
24172	33158	
24173	33079	
24174	33020	
24175	32988	
24176	32978	
24177	32977	
24178	32970	
24179	32948	
24180	32918	
24181	32894	
24182	32892	
24183	32915	
24184	32962	
24185	33029	
24186	33122	
24187	33256	
24188	33439	
24189	33664	
24190	33901	
24191	34115	
24192	34280	
24193	34402	
24194	34517	
24195	34667	
24196	34878	
24197	35144	
24198	35435	
24199	35719	
24200	35989	
24201	36266	
24202	36584	
24203	36965	
24204	37395	
24205	37827	
24206	38201	
24207	38471	
24208	38625	
24209	38680	
24210	38666	
24211	38607	
24212	38510	
24213	38367	
24214	38170	
24215	37923	
24216	37647	
24217	37372	
24218	37123	
24219	36904	
24220	36695	
24221	36456	
24222	36143	
24223	35726	
24224	35209	
24225	34634	
24226	34071	
24227	33589	
24228	33232	
24229	32997	
24230	32846	
24231	32725	
24232	32597	
24233	32450	
24234	32300	
24235	32175	
24236	32095	
24237	32067	
24238	32080	
24239	32116	
24240	32161	
24241	32206	
24242	32251	
24243	32293	
24244	32330	
24245	32354	
24246	32361	
24247	32355	
24248	32347	
24249	32346	
24250	32356	
24251	32371	
24252	32387	
24253	32397	
24254	32406	
24255	32420	
24256	32444	
24257	32479	
24258	32521	
24259	32567	
24260	32617	
24261	32671	
24262	32724	
24263	32766	
24264	32786	
24265	32781	
24266	32759	
24267	32739	
24268	32739	
24269	32760	
24270	32784	
24271	32787	
24272	32753	
24273	32689	
24274	32624	
24275	32590	
24276	32602	
24277	32650	
24278	32708	
24279	32751	
24280	32773	
24281	32783	
24282	32799	
24283	32825	
24284	32847	
24285	32848	
24286	32815	
24287	32759	
24288	32701	
24289	32665	
24290	32654	
24291	32657	
24292	32654	
24293	32637	
24294	32613	
24295	32602	
24296	32619	
24297	32665	
24298	32722	
24299	32772	
24300	32805	
24301	32828	
24302	32855	
24303	32891	
24304	32926	
24305	32942	
24306	32925	
24307	32878	
24308	32822	
24309	32780	
24310	32764	
24311	32768	
24312	32774	
24313	32768	
24314	32753	
24315	32743	
24316	32757	
24317	32797	
24318	32852	
24319	32903	
24320	32938	
24321	32963	
24322	32991	
24323	33035	
24324	33090	
24325	33139	
24326	33162	
24327	33150	
24328	33114	
24329	33074	
24330	33048	
24331	33041	
24332	33043	
24333	33040	
24334	33026	
24335	33007	
24336	33000	
24337	33015	
24338	33056	
24339	33115	
24340	33180	
24341	33239	
24342	33284	
24343	33312	
24344	33320	
24345	33308	
24346	33285	
24347	33263	
24348	33253	
24349	33259	
24350	33267	
24351	33262	
24352	33227	
24353	33166	
24354	33099	
24355	33054	
24356	33048	
24357	33078	
24358	33123	
24359	33161	
24360	33183	
24361	33197	
24362	33223	
24363	33269	
24364	33327	
24365	33374	
24366	33384	
24367	33349	
24368	33282	
24369	33209	
24370	33153	
24371	33123	
24372	33114	
24373	33113	
24374	33115	
24375	33119	
24376	33129	
24377	33147	
24378	33167	
24379	33183	
24380	33191	
24381	33197	
24382	33204	
24383	33213	
24384	33220	
24385	33214	
24386	33190	
24387	33152	
24388	33110	
24389	33072	
24390	33037	
24391	32994	
24392	32939	
24393	32876	
24394	32826	
24395	32807	
24396	32829	
24397	32876	
24398	32920	
24399	32939	
24400	32930	
24401	32915	
24402	32924	
24403	32971	
24404	33042	
24405	33106	
24406	33128	
24407	33097	
24408	33028	
24409	32952	
24410	32892	
24411	32855	
24412	32831	
24413	32809	
24414	32786	
24415	32774	
24416	32785	
24417	32819	
24418	32865	
24419	32906	
24420	32931	
24421	32944	
24422	32957	
24423	32976	
24424	32999	
24425	33013	
24426	33008	
24427	32984	
24428	32950	
24429	32918	
24430	32893	
24431	32870	
24432	32841	
24433	32805	
24434	32775	
24435	32765	
24436	32781	
24437	32813	
24438	32845	
24439	32862	
24440	32869	
24441	32885	
24442	32931	
24443	33008	
24444	33098	
24445	33167	
24446	33191	
24447	33169	
24448	33121	
24449	33076	
24450	33049	
24451	33035	
24452	33017	
24453	32983	
24454	32942	
24455	32914	
24456	32920	
24457	32965	
24458	33035	
24459	33104	
24460	33159	
24461	33201	
24462	33245	
24463	33300	
24464	33364	
24465	33415	
24466	33433	
24467	33412	
24468	33364	
24469	33315	
24470	33286	
24471	33282	
24472	33294	
24473	33306	
24474	33310	
24475	33311	
24476	33319	
24477	33342	
24478	33383	
24479	33437	
24480	33501	
24481	33572	
24482	33649	
24483	33723	
24484	33782	
24485	33814	
24486	33819	
24487	33807	
24488	33795	
24489	33798	
24490	33812	
24491	33824	
24492	33822	
24493	33803	
24494	33780	
24495	33771	
24496	33788	
24497	33824	
24498	33863	
24499	33891	
24500	33906	
24501	33921	
24502	33954	
24503	34005	
24504	34057	
24505	34082	
24506	34061	
24507	33999	
24508	33919	
24509	33849	
24510	33799	
24511	33761	
24512	33713	
24513	33644	
24514	33563	
24515	33492	
24516	33454	
24517	33454	
24518	33478	
24519	33506	
24520	33521	
24521	33521	
24522	33510	
24523	33495	
24524	33471	
24525	33434	
24526	33381	
24527	33317	
24528	33254	
24529	33201	
24530	33154	
24531	33099	
24532	33025	
24533	32935	
24534	32848	
24535	32790	
24536	32775	
24537	32798	
24538	32833	
24539	32855	
24540	32857	
24541	32851	
24542	32857	
24543	32883	
24544	32916	
24545	32930	
24546	32906	
24547	32848	
24548	32779	
24549	32725	
24550	32695	
24551	32673	
24552	32632	
24553	32560	
24554	32471	
24555	32403	
24556	32389	
24557	32435	
24558	32514	
24559	32584	
24560	32615	
24561	32608	
24562	32590	
24563	32591	
24564	32620	
24565	32659	
24566	32681	
24567	32671	
24568	32637	
24569	32605	
24570	32596	
24571	32612	
24572	32636	
24573	32647	
24574	32639	
24575	32625	
24576	32627	
24577	32654	
24578	32698	
24579	32739	
24580	32762	
24581	32768	
24582	32773	
24583	32795	
24584	32833	
24585	32873	
24586	32893	
24587	32887	
24588	32865	
24589	32848	
24590	32851	
24591	32870	
24592	32887	
24593	32886	
24594	32866	
24595	32846	
24596	32849	
24597	32884	
24598	32942	
24599	33000	
24600	33040	
24601	33064	
24602	33086	
24603	33124	
24604	33179	
24605	33234	
24606	33266	
24607	33261	
24608	33228	
24609	33187	
24610	33156	
24611	33137	
24612	33120	
24613	33093	
24614	33059	
24615	33035	
24616	33045	
24617	33098	
24618	33182	
24619	33272	
24620	33343	
24621	33383	
24622	33402	
24623	33415	
24624	33431	
24625	33450	
24626	33463	
24627	33463	
24628	33452	
24629	33437	
24630	33419	
24631	33392	
24632	33351	
24633	33296	
24634	33245	
24635	33222	
24636	33245	
24637	33309	
24638	33386	
24639	33447	
24640	33476	
24641	33483	
24642	33493	
24643	33527	
24644	33582	
24645	33636	
24646	33660	
24647	33642	
24648	33594	
24649	33544	
24650	33514	
24651	33507	
24652	33506	
24653	33491	
24654	33452	
24655	33401	
24656	33360	
24657	33344	
24658	33354	
24659	33377	
24660	33398	
24661	33414	
24662	33430	
24663	33453	
24664	33481	
24665	33501	
24666	33502	
24667	33482	
24668	33452	
24669	33427	
24670	33415	
24671	33408	
24672	33387	
24673	33342	
24674	33278	
24675	33217	
24676	33186	
24677	33198	
24678	33248	
24679	33313	
24680	33368	
24681	33402	
24682	33420	
24683	33434	
24684	33451	
24685	33467	
24686	33474	
24687	33464	
24688	33438	
24689	33404	
24690	33369	
24691	33335	
24692	33302	
24693	33268	
24694	33239	
24695	33226	
24696	33233	
24697	33253	
24698	33273	
24699	33281	
24700	33279	
24701	33284	
24702	33314	
24703	33370	
24704	33431	
24705	33462	
24706	33441	
24707	33373	
24708	33290	
24709	33232	
24710	33215	
24711	33226	
24712	33228	
24713	33197	
24714	33134	
24715	33072	
24716	33044	
24717	33064	
24718	33116	
24719	33164	
24720	33182	
24721	33174	
24722	33167	
24723	33190	
24724	33245	
24725	33307	
24726	33337	
24727	33313	
24728	33241	
24729	33154	
24730	33084	
24731	33042	
24732	33012	
24733	32975	
24734	32930	
24735	32896	
24736	32905	
24737	32973	
24738	33081	
24739	33186	
24740	33247	
24741	33249	
24742	33210	
24743	33170	
24744	33154	
24745	33166	
24746	33182	
24747	33176	
24748	33134	
24749	33067	
24750	32994	
24751	32932	
24752	32884	
24753	32848	
24754	32821	
24755	32804	
24756	32804	
24757	32821	
24758	32847	
24759	32868	
24760	32881	
24761	32895	
24762	32924	
24763	32972	
24764	33026	
24765	33058	
24766	33045	
24767	32984	
24768	32901	
24769	32831	
24770	32799	
24771	32804	
24772	32822	
24773	32827	
24774	32806	
24775	32773	
24776	32749	
24777	32750	
24778	32772	
24779	32800	
24780	32819	
24781	32830	
24782	32848	
24783	32885	
24784	32939	
24785	32992	
24786	33019	
24787	33007	
24788	32964	
24789	32911	
24790	32869	
24791	32840	
24792	32815	
24793	32783	
24794	32745	
24795	32717	
24796	32717	
24797	32754	
24798	32813	
24799	32870	
24800	32904	
24801	32913	
24802	32912	
24803	32918	
24804	32938	
24805	32958	
24806	32959	
24807	32933	
24808	32887	
24809	32840	
24810	32811	
24811	32800	
24812	32794	
24813	32775	
24814	32740	
24815	32698	
24816	32668	
24817	32663	
24818	32683	
24819	32715	
24820	32750	
24821	32785	
24822	32826	
24823	32873	
24824	32919	
24825	32945	
24826	32937	
24827	32895	
24828	32837	
24829	32789	
24830	32766	
24831	32764	
24832	32764	
24833	32747	
24834	32713	
24835	32678	
24836	32663	
24837	32681	
24838	32722	
24839	32767	
24840	32795	
24841	32805	
24842	32807	
24843	32818	
24844	32842	
24845	32870	
24846	32884	
24847	32875	
24848	32845	
24849	32806	
24850	32771	
24851	32742	
24852	32714	
24853	32684	
24854	32657	
24855	32646	
24856	32661	
24857	32702	
24858	32755	
24859	32805	
24860	32841	
24861	32869	
24862	32905	
24863	32954	
24864	33009	
24865	33047	
24866	33048	
24867	33009	
24868	32948	
24869	32892	
24870	32861	
24871	32851	
24872	32844	
24873	32822	
24874	32783	
24875	32742	
24876	32723	
24877	32737	
24878	32779	
24879	32830	
24880	32874	
24881	32908	
24882	32945	
24883	32994	
24884	33052	
24885	33101	
24886	33120	
24887	33099	
24888	33053	
24889	33007	
24890	32986	
24891	32991	
24892	33006	
24893	33005	
24894	32979	
24895	32937	
24896	32906	
24897	32911	
24898	32959	
24899	33038	
24900	33121	
24901	33190	
24902	33238	
24903	33271	
24904	33298	
24905	33323	
24906	33344	
24907	33355	
24908	33354	
24909	33339	
24910	33313	
24911	33278	
24912	33236	
24913	33195	
24914	33168	
24915	33167	
24916	33196	
24917	33245	
24918	33294	
24919	33325	
24920	33333	
24921	33337	
24922	33362	
24923	33423	
24924	33513	
24925	33602	
24926	33653	
24927	33650	
24928	33602	
24929	33538	
24930	33489	
24931	33463	
24932	33448	
24933	33421	
24934	33370	
24935	33305	
24936	33255	
24937	33245	
24938	33285	
24939	33362	
24940	33449	
24941	33518	
24942	33555	
24943	33560	
24944	33540	
24945	33508	
24946	33470	
24947	33433	
24948	33400	
24949	33372	
24950	33349	
24951	33325	
24952	33294	
24953	33255	
24954	33215	
24955	33184	
24956	33177	
24957	33193	
24958	33225	
24959	33252	
24960	33262	
24961	33256	
24962	33246	
24963	33252	
24964	33284	
24965	33336	
24966	33389	
24967	33422	
24968	33425	
24969	33402	
24970	33368	
24971	33335	
24972	33312	
24973	33298	
24974	33293	
24975	33299	
24976	33315	
24977	33339	
24978	33364	
24979	33386	
24980	33405	
24981	33429	
24982	33469	
24983	33523	
24984	33577	
24985	33610	
24986	33607	
24987	33569	
24988	33519	
24989	33482	
24990	33469	
24991	33474	
24992	33476	
24993	33458	
24994	33421	
24995	33383	
24996	33362	
24997	33361	
24998	33369	
24999	33368	
25000	33353	
25001	33338	
25002	33345	
25003	33384	
25004	33441	
25005	33484	
25006	33484	
25007	33433	
25008	33356	
25009	33292	
25010	33269	
25011	33283	
25012	33302	
25013	33291	
25014	33240	
25015	33167	
25016	33111	
25017	33102	
25018	33140	
25019	33198	
25020	33247	
25021	33267	
25022	33264	
25023	33256	
25024	33252	
25025	33252	
25026	33243	
25027	33218	
25028	33185	
25029	33159	
25030	33148	
25031	33147	
25032	33133	
25033	33090	
25034	33018	
25035	32941	
25036	32893	
25037	32893	
25038	32938	
25039	33001	
25040	33053	
25041	33083	
25042	33100	
25043	33118	
25044	33143	
25045	33161	
25046	33150	
25047	33097	
25048	33009	
25049	32911	
25050	32829	
25051	32774	
25052	32743	
25053	32728	
25054	32735	
25055	32788	
25056	32911	
25057	33117	
25058	33387	
25059	33683	
25060	33967	
25061	34221	
25062	34451	
25063	34677	
25064	34912	
25065	35151	
25066	35377	
25067	35575	
25068	35746	
25069	35913	
25070	36108	
25071	36355	
25072	36664	
25073	37028	
25074	37430	
25075	37845	
25076	38244	
25077	38594	
25078	38863	
25079	39031	
25080	39100	
25081	39087	
25082	39013	
25083	38889	
25084	38711	
25085	38469	
25086	38167	
25087	37831	
25088	37503	
25089	37214	
25090	36955	
25091	36677	
25092	36310	
25093	35809	
25094	35187	
25095	34525	
25096	33931	
25097	33495	
25098	33238	
25099	33118	
25100	33059	
25101	32997	
25102	32911	
25103	32809	
25104	32708	
25105	32612	
25106	32509	
25107	32394	
25108	32281	
25109	32199	
25110	32166	
25111	32171	
25112	32178	
25113	32152	
25114	32089	
25115	32021	
25116	31995	
25117	32036	
25118	32129	
25119	32230	
25120	32302	
25121	32337	
25122	32364	
25123	32416	
25124	32505	
25125	32608	
25126	32682	
25127	32699	
25128	32667	
25129	32620	
25130	32594	
25131	32598	
25132	32612	
25133	32604	
25134	32562	
25135	32505	
25136	32470	
25137	32484	
25138	32544	
25139	32621	
25140	32682	
25141	32711	
25142	32721	
25143	32734	
25144	32762	
25145	32799	
25146	32823	
25147	32820	
25148	32794	
25149	32765	
25150	32754	
25151	32763	
25152	32774	
25153	32763	
25154	32721	
25155	32662	
25156	32617	
25157	32610	
25158	32640	
25159	32688	
25160	32726	
25161	32745	
25162	32753	
25163	32772	
25164	32812	
25165	32864	
25166	32905	
25167	32914	
25168	32889	
25169	32848	
25170	32816	
25171	32807	
25172	32814	
25173	32820	
25174	32811	
25175	32793	
25176	32784	
25177	32799	
25178	32841	
25179	32894	
25180	32939	
25181	32966	
25182	32981	
25183	33001	
25184	33035	
25185	33078	
25186	33113	
25187	33126	
25188	33113	
25189	33087	
25190	33060	
25191	33038	
25192	33012	
25193	32972	
25194	32917	
25195	32860	
25196	32827	
25197	32835	
25198	32883	
25199	32950	
25200	33012	
25201	33056	
25202	33085	
25203	33115	
25204	33154	
25205	33197	
25206	33229	
25207	33234	
25208	33210	
25209	33168	
25210	33127	
25211	33095	
25212	33072	
25213	33048	
25214	33022	
25215	32999	
25216	32992	
25217	33008	
25218	33043	
25219	33087	
25220	33129	
25221	33170	
25222	33217	
25223	33272	
25224	33327	
25225	33359	
25226	33350	
25227	33298	
25228	33222	
25229	33151	
25230	33108	
25231	33090	
25232	33076	
25233	33044	
25234	32994	
25235	32944	
25236	32925	
25237	32954	
25238	33022	
25239	33101	
25240	33162	
25241	33195	
25242	33211	
25243	33232	
25244	33266	
25245	33304	
25246	33326	
25247	33320	
25248	33289	
25249	33254	
25250	33231	
25251	33217	
25252	33197	
25253	33151	
25254	33078	
25255	33002	
25256	32956	
25257	32958	
25258	33002	
25259	33055	
25260	33085	
25261	33080	
25262	33055	
25263	33042	
25264	33062	
25265	33111	
25266	33163	
25267	33187	
25268	33168	
25269	33118	
25270	33060	
25271	33016	
25272	32993	
25273	32979	
25274	32964	
25275	32946	
25276	32935	
25277	32941	
25278	32965	
25279	32993	
25280	33011	
25281	33012	
25282	33007	
25283	33014	
25284	33044	
25285	33090	
25286	33127	
25287	33131	
25288	33094	
25289	33028	
25290	32959	
25291	32907	
25292	32878	
25293	32860	
25294	32844	
25295	32824	
25296	32810	
25297	32813	
25298	32836	
25299	32872	
25300	32911	
25301	32945	
25302	32975	
25303	33007	
25304	33044	
25305	33078	
25306	33095	
25307	33090	
25308	33065	
25309	33038	
25310	33022	
25311	33016	
25312	33009	
25313	32985	
25314	32939	
25315	32884	
25316	32843	
25317	32832	
25318	32854	
25319	32892	
25320	32931	
25321	32964	
25322	32999	
25323	33045	
25324	33103	
25325	33155	
25326	33181	
25327	33170	
25328	33129	
25329	33085	
25330	33060	
25331	33057	
25332	33059	
25333	33044	
25334	33006	
25335	32964	
25336	32952	
25337	32995	
25338	33092	
25339	33213	
25340	33321	
25341	33393	
25342	33435	
25343	33468	
25344	33514	
25345	33574	
25346	33631	
25347	33667	
25348	33676	
25349	33668	
25350	33663	
25351	33667	
25352	33675	
25353	33670	
25354	33648	
25355	33619	
25356	33608	
25357	33637	
25358	33705	
25359	33792	
25360	33868	
25361	33918	
25362	33943	
25363	33963	
25364	33991	
25365	34027	
25366	34060	
25367	34073	
25368	34065	
25369	34047	
25370	34030	
25371	34018	
25372	34005	
25373	33978	
25374	33939	
25375	33898	
25376	33875	
25377	33885	
25378	33924	
25379	33977	
25380	34024	
25381	34056	
25382	34077	
25383	34094	
25384	34113	
25385	34125	
25386	34118	
25387	34079	
25388	34011	
25389	33929	
25390	33852	
25391	33793	
25392	33747	
25393	33705	
25394	33660	
25395	33618	
25396	33593	
25397	33593	
25398	33614	
25399	33637	
25400	33645	
25401	33634	
25402	33622	
25403	33635	
25404	33684	
25405	33751	
25406	33804	
25407	33807	
25408	33750	
25409	33653	
25410	33549	
25411	33468	
25412	33418	
25413	33393	
25414	33379	
25415	33373	
25416	33378	
25417	33397	
25418	33428	
25419	33459	
25420	33483	
25421	33503	
25422	33529	
25423	33569	
25424	33617	
25425	33653	
25426	33657	
25427	33621	
25428	33559	
25429	33497	
25430	33456	
25431	33437	
25432	33421	
25433	33386	
25434	33328	
25435	33269	
25436	33240	
25437	33264	
25438	33337	
25439	33429	
25440	33503	
25441	33534	
25442	33526	
25443	33500	
25444	33481	
25445	33477	
25446	33479	
25447	33468	
25448	33434	
25449	33378	
25450	33317	
25451	33264	
25452	33227	
25453	33205	
25454	33193	
25455	33186	
25456	33184	
25457	33189	
25458	33198	
25459	33210	
25460	33223	
25461	33243	
25462	33279	
25463	33334	
25464	33397	
25465	33446	
25466	33453	
25467	33408	
25468	33321	
25469	33226	
25470	33157	
25471	33130	
25472	33135	
25473	33144	
25474	33132	
25475	33096	
25476	33053	
25477	33026	
25478	33033	
25479	33068	
25480	33115	
25481	33154	
25482	33178	
25483	33193	
25484	33206	
25485	33220	
25486	33225	
25487	33212	
25488	33174	
25489	33119	
25490	33062	
25491	33019	
25492	32995	
25493	32984	
25494	32974	
25495	32956	
25496	32929	
25497	32902	
25498	32887	
25499	32894	
25500	32924	
25501	32971	
25502	33021	
25503	33059	
25504	33078	
25505	33078	
25506	33072	
25507	33072	
25508	33086	
25509	33108	
25510	33118	
25511	33096	
25512	33035	
25513	32949	
25514	32868	
25515	32819	
25516	32814	
25517	32840	
25518	32871	
25519	32887	
25520	32886	
25521	32885	
25522	32905	
25523	32952	
25524	33009	
25525	33049	
25526	33052	
25527	33021	
25528	32976	
25529	32939	
25530	32918	
25531	32899	
25532	32863	
25533	32801	
25534	32727	
25535	32671	
25536	32659	
25537	32691	
25538	32742	
25539	32780	
25540	32785	
25541	32770	
25542	32763	
25543	32793	
25544	32859	
25545	32936	
25546	32987	
25547	32988	
25548	32947	
25549	32890	
25550	32845	
25551	32821	
25552	32803	
25553	32771	
25554	32714	
25555	32646	
25556	32592	
25557	32574	
25558	32593	
25559	32631	
25560	32668	
25561	32695	
25562	32719	
25563	32752	
25564	32798	
25565	32844	
25566	32869	
25567	32860	
25568	32825	
25569	32786	
25570	32767	
25571	32772	
25572	32787	
25573	32788	
25574	32763	
25575	32722	
25576	32690	
25577	32687	
25578	32719	
25579	32771	
25580	32821	
25581	32862	
25582	32899	
25583	32949	
25584	33016	
25585	33086	
25586	33135	
25587	33143	
25588	33111	
25589	33059	
25590	33012	
25591	32983	
25592	32965	
25593	32941	
25594	32905	
25595	32867	
25596	32849	
25597	32869	
25598	32923	
25599	32987	
25600	33033	
25601	33046	
25602	33042	
25603	33046	
25604	33082	
25605	33147	
25606	33215	
25607	33256	
25608	33255	
25609	33223	
25610	33184	
25611	33160	
25612	33152	
25613	33147	
25614	33128	
25615	33094	
25616	33057	
25617	33041	
25618	33055	
25619	33091	
25620	33133	
25621	33165	
25622	33186	
25623	33207	
25624	33238	
25625	33275	
25626	33302	
25627	33302	
25628	33268	
25629	33216	
25630	33166	
25631	33136	
25632	33123	
25633	33109	
25634	33079	
25635	33035	
25636	32997	
25637	32993	
25638	33038	
25639	33120	
25640	33208	
25641	33271	
25642	33297	
25643	33299	
25644	33302	
25645	33321	
25646	33355	
25647	33385	
25648	33388	
25649	33356	
25650	33297	
25651	33230	
25652	33172	
25653	33126	
25654	33092	
25655	33065	
25656	33048	
25657	33046	
25658	33062	
25659	33091	
25660	33123	
25661	33151	
25662	33173	
25663	33196	
25664	33224	
25665	33252	
25666	33267	
25667	33253	
25668	33207	
25669	33141	
25670	33076	
25671	33033	
25672	33016	
25673	33014	
25674	33009	
25675	32991	
25676	32967	
25677	32953	
25678	32965	
25679	33007	
25680	33071	
25681	33142	
25682	33206	
25683	33256	
25684	33289	
25685	33304	
25686	33299	
25687	33276	
25688	33242	
25689	33209	
25690	33185	
25691	33171	
25692	33158	
25693	33134	
25694	33097	
25695	33055	
25696	33024	
25697	33018	
25698	33038	
25699	33073	
25700	33107	
25701	33130	
25702	33145	
25703	33164	
25704	33192	
25705	33225	
25706	33248	
25707	33245	
25708	33211	
25709	33157	
25710	33100	
25711	33056	
25712	33029	
25713	33011	
25714	32995	
25715	32981	
25716	32975	
25717	32984	
25718	33011	
25719	33047	
25720	33082	
25721	33109	
25722	33133	
25723	33164	
25724	33207	
25725	33255	
25726	33293	
25727	33308	
25728	33295	
25729	33264	
25730	33227	
25731	33191	
25732	33154	
25733	33108	
25734	33054	
25735	33004	
25736	32974	
25737	32977	
25738	33011	
25739	33058	
25740	33098	
25741	33123	
25742	33137	
25743	33154	
25744	33181	
25745	33216	
25746	33244	
25747	33255	
25748	33247	
25749	33226	
25750	33201	
25751	33172	
25752	33133	
25753	33076	
25754	33008	
25755	32947	
25756	32914	
25757	32919	
25758	32955	
25759	33000	
25760	33034	
25761	33056	
25762	33081	
25763	33124	
25764	33186	
25765	33246	
25766	33275	
25767	33255	
25768	33198	
25769	33138	
25770	33111	
25771	33128	
25772	33166	
25773	33187	
25774	33167	
25775	33111	
25776	33056	
25777	33041	
25778	33080	
25779	33154	
25780	33224	
25781	33260	
25782	33262	
25783	33252	
25784	33260	
25785	33292	
25786	33329	
25787	33344	
25788	33321	
25789	33269	
25790	33214	
25791	33179	
25792	33167	
25793	33160	
25794	33139	
25795	33098	
25796	33053	
25797	33026	
25798	33029	
25799	33051	
25800	33071	
25801	33067	
25802	33040	
25803	33009	
25804	32995	
25805	33007	
25806	33031	
25807	33046	
25808	33037	
25809	33007	
25810	32973	
25811	32950	
25812	32939	
25813	32926	
25814	32896	
25815	32848	
25816	32800	
25817	32774	
25818	32784	
25819	32822	
25820	32866	
25821	32898	
25822	32916	
25823	32935	
25824	32970	
25825	33024	
25826	33077	
25827	33104	
25828	33088	
25829	33035	
25830	32971	
25831	32923	
25832	32898	
25833	32888	
25834	32875	
25835	32854	
25836	32834	
25837	32833	
25838	32864	
25839	32918	
25840	32975	
25841	33020	
25842	33048	
25843	33074	
25844	33114	
25845	33170	
25846	33229	
25847	33267	
25848	33274	
25849	33255	
25850	33231	
25851	33216	
25852	33208	
25853	33189	
25854	33144	
25855	33074	
25856	33006	
25857	32975	
25858	33002	
25859	33080	
25860	33178	
25861	33261	
25862	33314	
25863	33344	
25864	33372	
25865	33411	
25866	33454	
25867	33485	
25868	33487	
25869	33460	
25870	33421	
25871	33383	
25872	33352	
25873	33317	
25874	33267	
25875	33202	
25876	33143	
25877	33118	
25878	33142	
25879	33207	
25880	33286	
25881	33349	
25882	33386	
25883	33406	
25884	33432	
25885	33476	
25886	33531	
25887	33572	
25888	33578	
25889	33546	
25890	33495	
25891	33449	
25892	33422	
25893	33409	
25894	33396	
25895	33371	
25896	33342	
25897	33327	
25898	33347	
25899	33404	
25900	33484	
25901	33561	
25902	33616	
25903	33643	
25904	33649	
25905	33642	
25906	33626	
25907	33598	
25908	33556	
25909	33500	
25910	33439	
25911	33380	
25912	33325	
25913	33270	
25914	33211	
25915	33147	
25916	33087	
25917	33048	
25918	33045	
25919	33092	
25920	33198	
25921	33369	
25922	33602	
25923	33885	
25924	34191	
25925	34483	
25926	34729	
25927	34919	
25928	35069	
25929	35215	
25930	35390	
25931	35603	
25932	35836	
25933	36061	
25934	36265	
25935	36465	
25936	36704	
25937	37026	
25938	37441	
25939	37912	
25940	38371	
25941	38744	
25942	38994	
25943	39121	
25944	39158	
25945	39134	
25946	39058	
25947	38914	
25948	38681	
25949	38355	
25950	37964	
25951	37557	
25952	37180	
25953	36857	
25954	36578	
25955	36307	
25956	35997	
25957	35615	
25958	35153	
25959	34635	
25960	34113	
25961	33652	
25962	33313	
25963	33119	
25964	33054	
25965	33057	
25966	33056	
25967	32994	
25968	32855	
25969	32668	
25970	32482	
25971	32338	
25972	32253	
25973	32216	
25974	32208	
25975	32214	
25976	32229	
25977	32253	
25978	32284	
25979	32316	
25980	32350	
25981	32393	
25982	32457	
25983	32545	
25984	32643	
25985	32727	
25986	32777	
25987	32788	
25988	32778	
25989	32767	
25990	32766	
25991	32770	
25992	32764	
25993	32745	
25994	32725	
25995	32725	
25996	32757	
25997	32813	
25998	32869	
25999	32899	
26000	32900	
26001	32893	
26002	32910	
26003	32967	
26004	33057	
26005	33148	
26006	33209	
26007	33226	
26008	33209	
26009	33178	
26010	33147	
26011	33116	
26012	33075	
26013	33023	
26014	32970	
26015	32937	
26016	32939	
26017	32970	
26018	33009	
26019	33033	
26020	33040	
26021	33050	
26022	33091	
26023	33174	
26024	33282	
26025	33373	
26026	33412	
26027	33388	
26028	33325	
26029	33259	
26030	33217	
26031	33196	
26032	33174	
26033	33130	
26034	33064	
26035	32998	
26036	32962	
26037	32966	
26038	32995	
26039	33024	
26040	33036	
26041	33040	
26042	33064	
26043	33128	
26044	33227	
26045	33323	
26046	33371	
26047	33347	
26048	33267	
26049	33174	
26050	33111	
26051	33093	
26052	33100	
26053	33097	
26054	33062	
26055	33006	
26056	32964	
26057	32968	
26058	33024	
26059	33111	
26060	33191	
26061	33242	
26062	33264	
26063	33277	
26064	33301	
26065	33336	
26066	33361	
26067	33358	
26068	33320	
26069	33265	
26070	33218	
26071	33194	
26072	33185	
26073	33170	
26074	33131	
26075	33076	
26076	33030	
26077	33023	
26078	33065	
26079	33135	
26080	33197	
26081	33225	
26082	33218	
26083	33199	
26084	33201	
26085	33237	
26086	33293	
26087	33338	
26088	33345	
26089	33311	
26090	33253	
26091	33196	
26092	33156	
26093	33129	
26094	33103	
26095	33070	
26096	33036	
26097	33016	
26098	33025	
26099	33061	
26100	33108	
26101	33148	
26102	33173	
26103	33191	
26104	33213	
26105	33249	
26106	33290	
26107	33319	
26108	33322	
26109	33295	
26110	33253	
26111	33213	
26112	33185	
26113	33168	
26114	33152	
26115	33132	
26116	33111	
26117	33105	
26118	33122	
26119	33159	
26120	33200	
26121	33231	
26122	33246	
26123	33255	
26124	33272	
26125	33307	
26126	33354	
26127	33395	
26128	33412	
26129	33399	
26130	33358	
26131	33302	
26132	33240	
26133	33177	
26134	33118	
26135	33074	
26136	33057	
26137	33076	
26138	33126	
26139	33185	
26140	33230	
26141	33248	
26142	33247	
26143	33252	
26144	33285	
26145	33345	
26146	33410	
26147	33448	
26148	33436	
26149	33381	
26150	33310	
26151	33253	
26152	33222	
26153	33205	
26154	33180	
26155	33135	
26156	33079	
26157	33036	
26158	33031	
26159	33072	
26160	33143	
26161	33222	
26162	33287	
26163	33333	
26164	33365	
26165	33389	
26166	33406	
26167	33409	
26168	33395	
26169	33366	
26170	33331	
26171	33299	
26172	33269	
26173	33238	
26174	33197	
26175	33150	
26176	33110	
26177	33091	
26178	33101	
26179	33136	
26180	33181	
26181	33228	
26182	33273	
26183	33325	
26184	33388	
26185	33451	
26186	33498	
26187	33507	
26188	33475	
26189	33419	
26190	33367	
26191	33340	
26192	33340	
26193	33347	
26194	33342	
26195	33317	
26196	33288	
26197	33281	
26198	33314	
26199	33383	
26200	33461	
26201	33521	
26202	33549	
26203	33555	
26204	33566	
26205	33603	
26206	33665	
26207	33734	
26208	33783	
26209	33794	
26210	33769	
26211	33720	
26212	33666	
26213	33619	
26214	33584	
26215	33568	
26216	33579	
26217	33624	
26218	33701	
26219	33794	
26220	33882	
26221	33947	
26222	33988	
26223	34018	
26224	34052	
26225	34096	
26226	34137	
26227	34159	
26228	34150	
26229	34118	
26230	34081	
26231	34060	
26232	34058	
26233	34064	
26234	34059	
26235	34033	
26236	33996	
26237	33967	
26238	33963	
26239	33990	
26240	34036	
26241	34089	
26242	34139	
26243	34187	
26244	34236	
26245	34279	
26246	34301	
26247	34288	
26248	34231	
26249	34143	
26250	34044	
26251	33956	
26252	33885	
26253	33830	
26254	33779	
26255	33731	
26256	33691	
26257	33670	
26258	33671	
26259	33688	
26260	33705	
26261	33710	
26262	33704	
26263	33698	
26264	33702	
26265	33717	
26266	33728	
26267	33716	
26268	33672	
26269	33607	
26270	33543	
26271	33497	
26272	33468	
26273	33439	
26274	33391	
26275	33325	
26276	33262	
26277	33226	
26278	33231	
26279	33264	
26280	33297	
26281	33312	
26282	33311	
26283	33317	
26284	33348	
26285	33405	
26286	33460	
26287	33484	
26288	33461	
26289	33405	
26290	33349	
26291	33315	
26292	33305	
26293	33297	
26294	33266	
26295	33208	
26296	33142	
26297	33098	
26298	33098	
26299	33137	
26300	33193	
26301	33242	
26302	33275	
26303	33297	
26304	33324	
26305	33358	
26306	33393	
26307	33412	
26308	33404	
26309	33369	
26310	33322	
26311	33278	
26312	33245	
26313	33221	
26314	33202	
26315	33183	
26316	33168	
26317	33160	
26318	33160	
26319	33164	
26320	33164	
26321	33164	
26322	33175	
26323	33214	
26324	33289	
26325	33388	
26326	33485	
26327	33548	
26328	33557	
26329	33516	
26330	33444	
26331	33366	
26332	33298	
26333	33242	
26334	33194	
26335	33156	
26336	33137	
26337	33150	
26338	33198	
26339	33271	
26340	33346	
26341	33401	
26342	33432	
26343	33449	
26344	33468	
26345	33499	
26346	33531	
26347	33546	
26348	33530	
26349	33483	
26350	33420	
26351	33359	
26352	33309	
26353	33267	
26354	33225	
26355	33182	
26356	33147	
26357	33132	
26358	33144	
26359	33180	
26360	33225	
26361	33267	
26362	33302	
26363	33338	
26364	33377	
26365	33416	
26366	33441	
26367	33442	
26368	33418	
26369	33386	
26370	33366	
26371	33367	
26372	33381	
26373	33380	
26374	33343	
26375	33271	
26376	33187	
26377	33129	
26378	33124	
26379	33168	
26380	33236	
26381	33294	
26382	33325	
26383	33341	
26384	33367	
26385	33421	
26386	33495	
26387	33559	
26388	33578	
26389	33534	
26390	33440	
26391	33335	
26392	33253	
26393	33214	
26394	33209	
26395	33216	
26396	33218	
26397	33209	
26398	33203	
26399	33213	
26400	33248	
26401	33308	
26402	33383	
26403	33464	
26404	33544	
26405	33614	
26406	33665	
26407	33690	
26408	33685	
26409	33658	
26410	33621	
26411	33587	
26412	33560	
26413	33537	
26414	33511	
26415	33480	
26416	33449	
26417	33428	
26418	33424	
26419	33435	
26420	33452	
26421	33468	
26422	33485	
26423	33508	
26424	33541	
26425	33576	
26426	33600	
26427	33600	
26428	33574	
26429	33535	
26430	33500	
26431	33479	
26432	33467	
26433	33452	
26434	33419	
26435	33373	
26436	33329	
26437	33311	
26438	33327	
26439	33369	
26440	33415	
26441	33445	
26442	33456	
26443	33458	
26444	33466	
26445	33487	
26446	33511	
26447	33520	
26448	33505	
26449	33470	
26450	33432	
26451	33408	
26452	33401	
26453	33399	
26454	33388	
26455	33360	
26456	33325	
26457	33304	
26458	33312	
26459	33346	
26460	33391	
26461	33427	
26462	33446	
26463	33457	
26464	33476	
26465	33512	
26466	33558	
26467	33595	
26468	33604	
26469	33581	
26470	33536	
26471	33486	
26472	33439	
26473	33393	
26474	33338	
26475	33273	
26476	33211	
26477	33173	
26478	33173	
26479	33208	
26480	33263	
26481	33316	
26482	33358	
26483	33390	
26484	33420	
26485	33447	
26486	33458	
26487	33443	
26488	33401	
26489	33349	
26490	33311	
26491	33304	
26492	33324	
26493	33348	
26494	33347	
26495	33312	
26496	33254	
26497	33202	
26498	33178	
26499	33191	
26500	33230	
26501	33277	
26502	33321	
26503	33364	
26504	33413	
26505	33465	
26506	33508	
26507	33525	
26508	33505	
26509	33456	
26510	33398	
26511	33347	
26512	33309	
26513	33273	
26514	33226	
26515	33166	
26516	33113	
26517	33091	
26518	33114	
26519	33168	
26520	33223	
26521	33253	
26522	33255	
26523	33252	
26524	33275	
26525	33336	
26526	33413	
26527	33466	
26528	33462	
26529	33400	
26530	33315	
26531	33252	
26532	33233	
26533	33247	
26534	33254	
26535	33224	
26536	33160	
26537	33097	
26538	33078	
26539	33124	
26540	33215	
26541	33309	
26542	33367	
26543	33380	
26544	33371	
26545	33371	
26546	33398	
26547	33444	
26548	33482	
26549	33490	
26550	33465	
26551	33426	
26552	33394	
26553	33379	
26554	33374	
26555	33366	
26556	33347	
26557	33326	
26558	33316	
26559	33326	
26560	33355	
26561	33390	
26562	33423	
26563	33451	
26564	33481	
26565	33518	
26566	33559	
26567	33594	
26568	33614	
26569	33619	
26570	33615	
26571	33607	
26572	33594	
26573	33565	
26574	33513	
26575	33444	
26576	33380	
26577	33345	
26578	33354	
26579	33397	
26580	33447	
26581	33482	
26582	33494	
26583	33496	
26584	33508	
26585	33537	
26586	33570	
26587	33586	
26588	33568	
26589	33521	
26590	33469	
26591	33434	
26592	33423	
26593	33421	
26594	33401	
26595	33349	
26596	33280	
26597	33225	
26598	33217	
26599	33263	
26600	33340	
26601	33412	
26602	33454	
26603	33464	
26604	33466	
26605	33481	
26606	33511	
26607	33538	
26608	33535	
26609	33494	
26610	33429	
26611	33368	
26612	33331	
26613	33316	
26614	33306	
26615	33283	
26616	33247	
26617	33215	
26618	33206	
26619	33225	
26620	33258	
26621	33285	
26622	33295	
26623	33298	
26624	33315	
26625	33357	
26626	33415	
26627	33463	
26628	33473	
26629	33434	
26630	33360	
26631	33283	
26632	33228	
26633	33204	
26634	33201	
26635	33203	
26636	33200	
26637	33194	
26638	33194	
26639	33208	
26640	33236	
26641	33272	
26642	33315	
26643	33367	
26644	33430	
26645	33501	
26646	33562	
26647	33595	
26648	33589	
26649	33552	
26650	33509	
26651	33483	
26652	33485	
26653	33507	
26654	33527	
26655	33530	
26656	33515	
26657	33496	
26658	33488	
26659	33500	
26660	33525	
26661	33553	
26662	33578	
26663	33604	
26664	33638	
26665	33682	
26666	33726	
26667	33752	
26668	33745	
26669	33700	
26670	33632	
26671	33561	
26672	33504	
26673	33463	
26674	33434	
26675	33406	
26676	33377	
26677	33356	
26678	33350	
26679	33362	
26680	33384	
26681	33403	
26682	33412	
26683	33413	
26684	33417	
26685	33429	
26686	33446	
26687	33452	
26688	33435	
26689	33390	
26690	33327	
26691	33262	
26692	33207	
26693	33166	
26694	33137	
26695	33119	
26696	33114	
26697	33130	
26698	33165	
26699	33208	
26700	33243	
26701	33260	
26702	33263	
26703	33268	
26704	33295	
26705	33349	
26706	33415	
26707	33467	
26708	33482	
26709	33452	
26710	33392	
26711	33323	
26712	33262	
26713	33212	
26714	33168	
26715	33123	
26716	33080	
26717	33049	
26718	33035	
26719	33039	
26720	33051	
26721	33067	
26722	33091	
26723	33132	
26724	33198	
26725	33278	
26726	33342	
26727	33361	
26728	33322	
26729	33246	
26730	33170	
26731	33131	
26732	33136	
26733	33162	
26734	33174	
26735	33148	
26736	33093	
26737	33039	
26738	33018	
26739	33038	
26740	33084	
26741	33129	
26742	33156	
26743	33170	
26744	33191	
26745	33230	
26746	33279	
26747	33315	
26748	33313	
26749	33271	
26750	33207	
26751	33150	
26752	33116	
26753	33102	
26754	33091	
26755	33066	
26756	33029	
26757	32994	
26758	32976	
26759	32979	
26760	32992	
26761	33003	
26762	33013	
26763	33039	
26764	33099	
26765	33195	
26766	33300	
26767	33370	
26768	33372	
26769	33306	
26770	33202	
26771	33106	
26772	33047	
26773	33026	
26774	33020	
26775	33006	
26776	32982	
26777	32965	
26778	32975	
26779	33015	
26780	33061	
26781	33082	
26782	33062	
26783	33013	
26784	32966	
26785	32949	
26786	32966	
26787	32991	
26788	32993	
26789	32960	
26790	32907	
26791	32873	
26792	32897	
26793	32990	
26794	33143	
26795	33331	
26796	33537	
26797	33753	
26798	33981	
26799	34220	
26800	34463	
26801	34701	
26802	34937	
26803	35182	
26804	35450	
26805	35742	
26806	36043	
26807	36332	
26808	36597	
26809	36854	
26810	37132	
26811	37451	
26812	37799	
26813	38131	
26814	38384	
26815	38522	
26816	38552	
26817	38519	
26818	38469	
26819	38417	
26820	38340	
26821	38196	
26822	37960	
26823	37651	
26824	37319	
26825	37014	
26826	36758	
26827	36525	
26828	36257	
26829	35902	
26830	35441	
26831	34902	
26832	34345	
26833	33834	
26834	33405	
26835	33065	
26836	32802	
26837	32599	
26838	32445	
26839	32336	
26840	32257	
26841	32192	
26842	32129	
26843	32069	
26844	32030	
26845	32032	
26846	32077	
26847	32143	
26848	32191	
26849	32191	
26850	32145	
26851	32083	
26852	32045	
26853	32055	
26854	32104	
26855	32164	
26856	32206	
26857	32223	
26858	32232	
26859	32262	
26860	32326	
26861	32418	
26862	32513	
26863	32586	
26864	32629	
26865	32650	
26866	32667	
26867	32689	
26868	32711	
26869	32719	
26870	32704	
26871	32668	
26872	32624	
26873	32587	
26874	32560	
26875	32539	
26876	32517	
26877	32496	
26878	32486	
26879	32499	
26880	32541	
26881	32604	
26882	32673	
26883	32732	
26884	32776	
26885	32806	
26886	32826	
26887	32839	
26888	32842	
26889	32833	
26890	32815	
26891	32796	
26892	32780	
26893	32767	
26894	32747	
26895	32713	
26896	32666	
26897	32624	
26898	32609	
26899	32633	
26900	32692	
26901	32762	
26902	32819	
26903	32849	
26904	32858	
26905	32864	
26906	32881	
26907	32908	
26908	32930	
26909	32931	
26910	32903	
26911	32852	
26912	32796	
26913	32751	
26914	32723	
26915	32711	
26916	32713	
26917	32726	
26918	32751	
26919	32786	
26920	32827	
26921	32869	
26922	32911	
26923	32958	
26924	33016	
26925	33084	
26926	33147	
26927	33184	
26928	33181	
26929	33142	
26930	33089	
26931	33050	
26932	33038	
26933	33045	
26934	33048	
26935	33025	
26936	32979	
26937	32933	
26938	32916	
26939	32944	
26940	33006	
26941	33074	
26942	33124	
26943	33152	
26944	33172	
26945	33206	
26946	33258	
26947	33314	
26948	33347	
26949	33339	
26950	33291	
26951	33224	
26952	33161	
26953	33116	
26954	33086	
26955	33063	
26956	33044	
26957	33037	
26958	33055	
26959	33103	
26960	33170	
26961	33239	
26962	33294	
26963	33333	
26964	33366	
26965	33401	
26966	33435	
26967	33453	
26968	33439	
26969	33392	
26970	33332	
26971	33286	
26972	33270	
26973	33277	
26974	33281	
26975	33255	
26976	33194	
26977	33118	
26978	33064	
26979	33058	
26980	33100	
26981	33167	
26982	33231	
26983	33275	
26984	33304	
26985	33333	
26986	33367	
26987	33398	
26988	33402	
26989	33364	
26990	33283	
26991	33183	
26992	33091	
26993	33029	
26994	33002	
26995	33000	
26996	33010	
26997	33024	
26998	33038	
26999	33054	
27000	33073	
27001	33093	
27002	33116	
27003	33147	
27004	33189	
27005	33236	
27006	33278	
27007	33296	
27008	33283	
27009	33245	
27010	33200	
27011	33169	
27012	33158	
27013	33157	
27014	33148	
27015	33120	
27016	33078	
27017	33041	
27018	33030	
27019	33052	
27020	33096	
27021	33143	
27022	33180	
27023	33211	
27024	33246	
27025	33293	
27026	33343	
27027	33378	
27028	33378	
27029	33341	
27030	33286	
27031	33239	
27032	33218	
27033	33216	
27034	33213	
27035	33185	
27036	33130	
27037	33069	
27038	33032	
27039	33037	
27040	33079	
27041	33134	
27042	33174	
27043	33190	
27044	33190	
27045	33193	
27046	33208	
27047	33228	
27048	33237	
27049	33222	
27050	33185	
27051	33142	
27052	33110	
27053	33096	
27054	33091	
27055	33086	
27056	33076	
27057	33069	
27058	33078	
27059	33107	
27060	33147	
27061	33181	
27062	33199	
27063	33206	
27064	33219	
27065	33253	
27066	33307	
27067	33364	
27068	33399	
27069	33398	
27070	33367	
27071	33328	
27072	33299	
27073	33289	
27074	33290	
27075	33289	
27076	33281	
27077	33276	
27078	33286	
27079	33321	
27080	33377	
27081	33442	
27082	33507	
27083	33570	
27084	33638	
27085	33712	
27086	33786	
27087	33843	
27088	33873	
27089	33874	
27090	33863	
27091	33860	
27092	33871	
27093	33888	
27094	33889	
27095	33860	
27096	33812	
27097	33773	
27098	33775	
27099	33831	
27100	33926	
27101	34025	
27102	34095	
27103	34123	
27104	34123	
27105	34120	
27106	34130	
27107	34149	
27108	34159	
27109	34145	
27110	34104	
27111	34050	
27112	34003	
27113	33969	
27114	33941	
27115	33904	
27116	33851	
27117	33788	
27118	33737	
27119	33714	
27120	33724	
27121	33755	
27122	33792	
27123	33827	
27124	33859	
27125	33893	
27126	33929	
27127	33955	
27128	33954	
27129	33918	
27130	33849	
27131	33768	
27132	33693	
27133	33635	
27134	33594	
27135	33556	
27136	33513	
27137	33468	
27138	33432	
27139	33420	
27140	33437	
27141	33475	
27142	33520	
27143	33557	
27144	33578	
27145	33580	
27146	33564	
27147	33533	
27148	33491	
27149	33442	
27150	33394	
27151	33351	
27152	33310	
27153	33263	
27154	33203	
27155	33131	
27156	33061	
27157	33013	
27158	32998	
27159	33008	
27160	33022	
27161	33022	
27162	33006	
27163	32992	
27164	33007	
27165	33061	
27166	33140	
27167	33209	
27168	33236	
27169	33210	
27170	33151	
27171	33091	
27172	33053	
27173	33039	
27174	33032	
27175	33013	
27176	32977	
27177	32938	
27178	32916	
27179	32920	
27180	32943	
27181	32968	
27182	32982	
27183	32988	
27184	32999	
27185	33029	
27186	33075	
27187	33123	
27188	33150	
27189	33141	
27190	33099	
27191	33039	
27192	32976	
27193	32922	
27194	32879	
27195	32847	
27196	32826	
27197	32818	
27198	32822	
27199	32835	
27200	32849	
27201	32859	
27202	32869	
27203	32890	
27204	32930	
27205	32987	
27206	33047	
27207	33089	
27208	33096	
27209	33066	
27210	33014	
27211	32958	
27212	32911	
27213	32876	
27214	32844	
27215	32812	
27216	32782	
27217	32764	
27218	32769	
27219	32798	
27220	32843	
27221	32889	
27222	32926	
27223	32952	
27224	32974	
27225	32997	
27226	33019	
27227	33035	
27228	33036	
27229	33021	
27230	32996	
27231	32965	
27232	32930	
27233	32885	
27234	32825	
27235	32756	
27236	32693	
27237	32657	
27238	32659	
27239	32695	
27240	32742	
27241	32779	
27242	32794	
27243	32798	
27244	32809	
27245	32845	
27246	32904	
27247	32968	
27248	33012	
27249	33021	
27250	32997	
27251	32952	
27252	32902	
27253	32852	
27254	32804	
27255	32759	
27256	32724	
27257	32711	
27258	32725	
27259	32760	
27260	32795	
27261	32811	
27262	32803	
27263	32784	
27264	32778	
27265	32805	
27266	32865	
27267	32934	
27268	32985	
27269	32997	
27270	32972	
27271	32925	
27272	32875	
27273	32831	
27274	32787	
27275	32739	
27276	32687	
27277	32643	
27278	32620	
27279	32623	
27280	32646	
27281	32674	
27282	32699	
27283	32722	
27284	32754	
27285	32800	
27286	32854	
27287	32897	
27288	32909	
27289	32887	
27290	32845	
27291	32808	
27292	32792	
27293	32795	
27294	32799	
27295	32784	
27296	32749	
27297	32708	
27298	32688	
27299	32704	
27300	32751	
27301	32808	
27302	32856	
27303	32887	
27304	32912	
27305	32945	
27306	32992	
27307	33037	
27308	33058	
27309	33038	
27310	32979	
27311	32902	
27312	32835	
27313	32793	
27314	32778	
27315	32775	
27316	32774	
27317	32770	
27318	32769	
27319	32776	
27320	32793	
27321	32815	
27322	32839	
27323	32868	
27324	32910	
27325	32968	
27326	33035	
27327	33090	
27328	33112	
27329	33089	
27330	33030	
27331	32955	
27332	32888	
27333	32840	
27334	32808	
27335	32783	
27336	32760	
27337	32743	
27338	32742	
27339	32763	
27340	32800	
27341	32844	
27342	32886	
27343	32924	
27344	32964	
27345	33006	
27346	33041	
27347	33055	
27348	33033	
27349	32977	
27350	32906	
27351	32847	
27352	32815	
27353	32809	
27354	32809	
27355	32794	
27356	32758	
27357	32715	
27358	32687	
27359	32693	
27360	32731	
27361	32782	
27362	32823	
27363	32844	
27364	32849	
27365	32854	
27366	32867	
27367	32885	
27368	32895	
27369	32885	
27370	32853	
27371	32809	
27372	32768	
27373	32740	
27374	32721	
27375	32705	
27376	32686	
27377	32669	
27378	32664	
27379	32678	
27380	32710	
27381	32749	
27382	32782	
27383	32802	
27384	32812	
27385	32821	
27386	32833	
27387	32847	
27388	32853	
27389	32844	
27390	32819	
27391	32785	
27392	32749	
27393	32713	
27394	32673	
27395	32627	
27396	32576	
27397	32531	
27398	32505	
27399	32507	
27400	32533	
27401	32572	
27402	32608	
27403	32632	
27404	32645	
27405	32651	
27406	32654	
27407	32654	
27408	32649	
27409	32637	
27410	32622	
27411	32609	
27412	32600	
27413	32588	
27414	32564	
27415	32522	
27416	32470	
27417	32424	
27418	32401	
27419	32412	
27420	32454	
27421	32514	
27422	32581	
27423	32647	
27424	32710	
27425	32769	
27426	32814	
27427	32834	
27428	32826	
27429	32795	
27430	32759	
27431	32738	
27432	32737	
27433	32748	
27434	32751	
27435	32734	
27436	32699	
27437	32666	
27438	32656	
27439	32676	
27440	32713	
27441	32748	
27442	32766	
27443	32773	
27444	32786	
27445	32824	
27446	32882	
27447	32941	
27448	32971	
27449	32960	
27450	32916	
27451	32867	
27452	32838	
27453	32834	
27454	32840	
27455	32835	
27456	32809	
27457	32776	
27458	32759	
27459	32779	
27460	32831	
27461	32897	
27462	32951	
27463	32988	
27464	33016	
27465	33056	
27466	33114	
27467	33178	
27468	33220	
27469	33220	
27470	33177	
27471	33111	
27472	33054	
27473	33021	
27474	33007	
27475	32993	
27476	32964	
27477	32919	
27478	32880	
27479	32872	
27480	32907	
27481	32976	
27482	33053	
27483	33113	
27484	33142	
27485	33145	
27486	33136	
27487	33129	
27488	33130	
27489	33136	
27490	33139	
27491	33136	
27492	33122	
27493	33095	
27494	33056	
27495	33006	
27496	32956	
27497	32919	
27498	32905	
27499	32917	
27500	32944	
27501	32971	
27502	32990	
27503	33002	
27504	33018	
27505	33048	
27506	33091	
27507	33134	
27508	33160	
27509	33157	
27510	33128	
27511	33085	
27512	33039	
27513	32994	
27514	32950	
27515	32906	
27516	32869	
27517	32854	
27518	32868	
27519	32904	
27520	32946	
27521	32976	
27522	32992	
27523	33008	
27524	33044	
27525	33109	
27526	33188	
27527	33251	
27528	33275	
27529	33256	
27530	33219	
27531	33198	
27532	33212	
27533	33249	
27534	33281	
27535	33278	
27536	33240	
27537	33189	
27538	33161	
27539	33175	
27540	33220	
27541	33269	
27542	33295	
27543	33294	
27544	33280	
27545	33275	
27546	33288	
27547	33306	
27548	33306	
27549	33275	
27550	33216	
27551	33147	
27552	33083	
27553	33024	
27554	32960	
27555	32879	
27556	32792	
27557	32722	
27558	32695	
27559	32719	
27560	32775	
27561	32829	
27562	32854	
27563	32849	
27564	32835	
27565	32839	
27566	32870	
27567	32912	
27568	32937	
27569	32925	
27570	32881	
27571	32834	
27572	32811	
27573	32818	
27574	32832	
27575	32823	
27576	32775	
27577	32707	
27578	32657	
27579	32662	
27580	32722	
27581	32808	
27582	32876	
27583	32901	
27584	32892	
27585	32887	
27586	32917	
27587	32983	
27588	33054	
27589	33087	
27590	33056	
27591	32974	
27592	32878	
27593	32807	
27594	32778	
27595	32774	
27596	32771	
27597	32749	
27598	32717	
27599	32696	
27600	32706	
27601	32751	
27602	32815	
27603	32875	
27604	32916	
27605	32938	
27606	32949	
27607	32955	
27608	32954	
27609	32942	
27610	32917	
27611	32884	
27612	32851	
27613	32824	
27614	32801	
27615	32777	
27616	32749	
27617	32724	
27618	32715	
27619	32732	
27620	32774	
27621	32825	
27622	32871	
27623	32903	
27624	32927	
27625	32952	
27626	32986	
27627	33020	
27628	33041	
27629	33036	
27630	33005	
27631	32962	
27632	32923	
27633	32896	
27634	32876	
27635	32852	
27636	32818	
27637	32783	
27638	32763	
27639	32770	
27640	32803	
27641	32845	
27642	32877	
27643	32894	
27644	32904	
27645	32925	
27646	32964	
27647	33014	
27648	33056	
27649	33069	
27650	33049	
27651	33005	
27652	32958	
27653	32917	
27654	32882	
27655	32842	
27656	32790	
27657	32733	
27658	32686	
27659	32659	
27660	32656	
27661	32665	
27662	32674	
27663	32685	
27664	32715	
27665	32789	
27666	32923	
27667	33113	
27668	33336	
27669	33561	
27670	33767	
27671	33943	
27672	34095	
27673	34231	
27674	34363	
27675	34502	
27676	34660	
27677	34850	
27678	35080	
27679	35345	
27680	35635	
27681	35941	
27682	36268	
27683	36636	
27684	37059	
27685	37527	
27686	37996	
27687	38394	
27688	38660	
27689	38772	
27690	38759	
27691	38679	
27692	38575	
27693	38450	
27694	38273	
27695	38008	
27696	37659	
27697	37276	
27698	36932	
27699	36671	
27700	36481	
27701	36293	
27702	36023	
27703	35623	
27704	35111	
27705	34560	
27706	34062	
27707	33680	
27708	33418	
27709	33233	
27710	33067	
27711	32882	
27712	32678	
27713	32473	
27714	32290	
27715	32130	
27716	31988	
27717	31864	
27718	31777	
27719	31749	
27720	31791	
27721	31878	
27722	31965	
27723	32009	
27724	32002	
27725	31969	
27726	31953	
27727	31980	
27728	32044	
27729	32117	
27730	32169	
27731	32189	
27732	32187	
27733	32176	
27734	32162	
27735	32139	
27736	32102	
27737	32059	
27738	32031	
27739	32036	
27740	32075	
27741	32128	
27742	32171	
27743	32196	
27744	32220	
27745	32272	
27746	32365	
27747	32478	
27748	32562	
27749	32574	
27750	32505	
27751	32389	
27752	32284	
27753	32233	
27754	32236	
27755	32259	
27756	32260	
27757	32228	
27758	32187	
27759	32177	
27760	32222	
27761	32308	
27762	32397	
27763	32453	
27764	32470	
27765	32470	
27766	32486	
27767	32526	
27768	32572	
27769	32590	
27770	32558	
27771	32486	
27772	32405	
27773	32349	
27774	32329	
27775	32330	
27776	32328	
27777	32308	
27778	32281	
27779	32265	
27780	32275	
27781	32306	
27782	32342	
27783	32373	
27784	32404	
27785	32452	
27786	32526	
27787	32613	
27788	32681	
27789	32698	
27790	32655	
27791	32574	
27792	32493	
27793	32438	
27794	32411	
27795	32392	
27796	32358	
27797	32308	
27798	32263	
27799	32251	
27800	32284	
27801	32348	
27802	32414	
27803	32463	
27804	32493	
27805	32521	
27806	32566	
27807	32626	
27808	32680	
27809	32701	
27810	32677	
27811	32618	
27812	32550	
27813	32498	
27814	32469	
27815	32450	
27816	32426	
27817	32394	
27818	32367	
27819	32363	
27820	32394	
27821	32454	
27822	32523	
27823	32583	
27824	32629	
27825	32665	
27826	32700	
27827	32736	
27828	32763	
27829	32771	
27830	32756	
27831	32726	
27832	32694	
27833	32666	
27834	32637	
27835	32601	
27836	32554	
27837	32507	
27838	32479	
27839	32487	
27840	32533	
27841	32602	
27842	32674	
27843	32734	
27844	32780	
27845	32821	
27846	32862	
27847	32902	
27848	32928	
27849	32931	
27850	32910	
27851	32874	
27852	32834	
27853	32796	
27854	32756	
27855	32710	
27856	32660	
27857	32623	
27858	32617	
27859	32648	
27860	32703	
27861	32753	
27862	32774	
27863	32763	
27864	32742	
27865	32743	
27866	32781	
27867	32848	
27868	32910	
27869	32932	
27870	32904	
27871	32841	
27872	32776	
27873	32736	
27874	32725	
27875	32726	
27876	32717	
27877	32689	
27878	32651	
27879	32621	
27880	32617	
27881	32641	
27882	32682	
27883	32726	
27884	32763	
27885	32789	
27886	32803	
27887	32803	
27888	32789	
27889	32764	
27890	32735	
27891	32711	
27892	32697	
27893	32686	
27894	32664	
27895	32624	
27896	32567	
27897	32514	
27898	32486	
27899	32497	
27900	32537	
27901	32586	
27902	32621	
27903	32634	
27904	32635	
27905	32643	
27906	32668	
27907	32702	
27908	32727	
27909	32725	
27910	32690	
27911	32635	
27912	32578	
27913	32533	
27914	32499	
27915	32469	
27916	32436	
27917	32403	
27918	32381	
27919	32380	
27920	32401	
27921	32434	
27922	32468	
27923	32499	
27924	32531	
27925	32571	
27926	32619	
27927	32667	
27928	32699	
27929	32706	
27930	32693	
27931	32671	
27932	32650	
27933	32632	
27934	32608	
27935	32570	
27936	32521	
27937	32479	
27938	32463	
27939	32486	
27940	32539	
27941	32604	
27942	32659	
27943	32700	
27944	32737	
27945	32783	
27946	32844	
27947	32905	
27948	32945	
27949	32950	
27950	32923	
27951	32884	
27952	32855	
27953	32843	
27954	32840	
27955	32831	
27956	32809	
27957	32784	
27958	32780	
27959	32816	
27960	32893	
27961	32993	
27962	33092	
27963	33171	
27964	33229	
27965	33274	
27966	33315	
27967	33353	
27968	33383	
27969	33400	
27970	33409	
27971	33419	
27972	33435	
27973	33454	
27974	33459	
27975	33443	
27976	33410	
27977	33386	
27978	33398	
27979	33460	
27980	33555	
27981	33646	
27982	33698	
27983	33699	
27984	33669	
27985	33646	
27986	33658	
27987	33705	
27988	33761	
27989	33790	
27990	33768	
27991	33700	
27992	33610	
27993	33522	
27994	33447	
27995	33379	
27996	33312	
27997	33246	
27998	33192	
27999	33162	
28000	33158	
28001	33165	
28002	33165	
28003	33148	
28004	33121	
28005	33101	
28006	33103	
28007	33124	
28008	33145	
28009	33144	
28010	33114	
28011	33061	
28012	33005	
28013	32959	
28014	32921	
28015	32880	
28016	32827	
28017	32767	
28018	32714	
28019	32687	
28020	32690	
28021	32715	
28022	32742	
28023	32756	
28024	32756	
28025	32749	
28026	32747	
28027	32756	
28028	32769	
28029	32778	
28030	32775	
28031	32759	
28032	32731	
28033	32691	
28034	32637	
28035	32570	
28036	32501	
28037	32448	
28038	32429	
28039	32449	
28040	32497	
28041	32551	
28042	32590	
28043	32611	
28044	32626	
28045	32651	
28046	32690	
28047	32729	
28048	32745	
28049	32723	
28050	32669	
28051	32609	
28052	32571	
28053	32565	
28054	32577	
28055	32579	
28056	32552	
28057	32500	
28058	32449	
28059	32428	
28060	32450	
28061	32500	
28062	32549	
28063	32576	
28064	32579	
28065	32575	
28066	32581	
28067	32601	
28068	32619	
28069	32614	
28070	32576	
28071	32516	
28072	32460	
28073	32429	
28074	32426	
28075	32433	
28076	32427	
28077	32398	
28078	32358	
28079	32330	
28080	32335	
28081	32374	
28082	32436	
28083	32502	
28084	32562	
28085	32619	
28086	32677	
28087	32735	
28088	32780	
28089	32799	
28090	32787	
28091	32754	
28092	32719	
28093	32697	
28094	32692	
28095	32692	
28096	32683	
28097	32660	
28098	32628	
28099	32602	
28100	32590	
28101	32594	
28102	32609	
28103	32632	
28104	32665	
28105	32713	
28106	32770	
28107	32822	
28108	32846	
28109	32830	
28110	32779	
28111	32723	
28112	32690	
28113	32699	
28114	32735	
28115	32767	
28116	32762	
28117	32713	
28118	32639	
28119	32581	
28120	32568	
28121	32608	
28122	32682	
28123	32759	
28124	32820	
28125	32863	
28126	32899	
28127	32937	
28128	32972	
28129	32988	
28130	32973	
28131	32926	
28132	32863	
28133	32806	
28134	32771	
28135	32756	
28136	32752	
28137	32747	
28138	32738	
28139	32731	
28140	32735	
28141	32751	
28142	32775	
28143	32799	
28144	32818	
28145	32838	
28146	32863	
28147	32896	
28148	32927	
28149	32942	
28150	32930	
28151	32891	
28152	32839	
28153	32790	
28154	32756	
28155	32735	
28156	32719	
28157	32697	
28158	32665	
28159	32632	
28160	32611	
28161	32612	
28162	32639	
28163	32687	
28164	32740	
28165	32785	
28166	32810	
28167	32810	
28168	32792	
28169	32768	
28170	32748	
28171	32741	
28172	32741	
28173	32732	
28174	32696	
28175	32629	
28176	32539	
28177	32455	
28178	32402	
28179	32394	
28180	32423	
28181	32467	
28182	32500	
28183	32513	
28184	32511	
28185	32512	
28186	32528	
28187	32558	
28188	32589	
28189	32607	
28190	32605	
28191	32589	
28192	32565	
28193	32536	
28194	32496	
28195	32440	
28196	32370	
28197	32300	
28198	32251	
28199	32238	
28200	32259	
28201	32299	
28202	32338	
28203	32369	
28204	32395	
28205	32429	
28206	32474	
28207	32519	
28208	32543	
28209	32531	
28210	32487	
28211	32429	
28212	32382	
28213	32359	
28214	32353	
28215	32346	
28216	32323	
28217	32283	
28218	32242	
28219	32218	
28220	32222	
28221	32251	
28222	32292	
28223	32336	
28224	32381	
28225	32431	
28226	32484	
28227	32530	
28228	32552	
28229	32538	
28230	32492	
28231	32431	
28232	32378	
28233	32344	
28234	32321	
28235	32295	
28236	32251	
28237	32192	
28238	32134	
28239	32094	
28240	32081	
28241	32087	
28242	32102	
28243	32119	
28244	32141	
28245	32177	
28246	32227	
28247	32278	
28248	32313	
28249	32319	
28250	32304	
28251	32287	
28252	32288	
28253	32303	
28254	32309	
28255	32279	
28256	32206	
28257	32112	
28258	32041	
28259	32027	
28260	32073	
28261	32146	
28262	32205	
28263	32226	
28264	32222	
28265	32227	
28266	32270	
28267	32350	
28268	32433	
28269	32478	
28270	32468	
28271	32419	
28272	32372	
28273	32360	
28274	32383	
28275	32411	
28276	32405	
28277	32350	
28278	32265	
28279	32191	
28280	32167	
28281	32200	
28282	32267	
28283	32333	
28284	32376	
28285	32400	
28286	32424	
28287	32461	
28288	32504	
28289	32531	
28290	32520	
28291	32470	
28292	32400	
28293	32340	
28294	32309	
28295	32308	
28296	32321	
28297	32332	
28298	32333	
28299	32327	
28300	32325	
28301	32330	
28302	32344	
28303	32371	
28304	32415	
28305	32484	
28306	32577	
28307	32676	
28308	32753	
28309	32785	
28310	32765	
28311	32712	
28312	32655	
28313	32619	
28314	32607	
28315	32600	
28316	32580	
28317	32542	
28318	32500	
28319	32483	
28320	32508	
28321	32573	
28322	32654	
28323	32725	
28324	32771	
28325	32795	
28326	32811	
28327	32829	
28328	32848	
28329	32860	
28330	32857	
28331	32843	
28332	32828	
28333	32821	
28334	32820	
28335	32812	
28336	32785	
28337	32740	
28338	32690	
28339	32658	
28340	32659	
28341	32692	
28342	32742	
28343	32793	
28344	32836	
28345	32875	
28346	32914	
28347	32950	
28348	32968	
28349	32954	
28350	32903	
28351	32829	
28352	32756	
28353	32705	
28354	32683	
28355	32675	
28356	32661	
28357	32629	
28358	32583	
28359	32540	
28360	32517	
28361	32520	
28362	32544	
28363	32577	
28364	32611	
28365	32645	
28366	32681	
28367	32714	
28368	32737	
28369	32742	
28370	32727	
28371	32704	
28372	32683	
28373	32669	
28374	32656	
28375	32631	
28376	32590	
28377	32546	
28378	32524	
28379	32547	
28380	32615	
28381	32706	
28382	32787	
28383	32833	
28384	32845	
28385	32846	
28386	32864	
28387	32909	
28388	32969	
28389	33014	
28390	33020	
28391	32983	
28392	32922	
28393	32862	
28394	32822	
28395	32804	
28396	32801	
28397	32806	
28398	32820	
28399	32847	
28400	32888	
28401	32936	
28402	32981	
28403	33012	
28404	33033	
28405	33052	
28406	33077	
28407	33107	
28408	33128	
28409	33125	
28410	33092	
28411	33038	
28412	32983	
28413	32940	
28414	32911	
28415	32884	
28416	32848	
28417	32803	
28418	32758	
28419	32729	
28420	32722	
28421	32731	
28422	32738	
28423	32735	
28424	32724	
28425	32719	
28426	32734	
28427	32767	
28428	32800	
28429	32809	
28430	32778	
28431	32713	
28432	32631	
28433	32553	
28434	32488	
28435	32432	
28436	32378	
28437	32330	
28438	32296	
28439	32288	
28440	32308	
28441	32343	
28442	32372	
28443	32388	
28444	32397	
28445	32420	
28446	32471	
28447	32540	
28448	32602	
28449	32623	
28450	32592	
28451	32521	
28452	32442	
28453	32382	
28454	32347	
28455	32320	
28456	32281	
28457	32223	
28458	32164	
28459	32129	
28460	32138	
28461	32181	
28462	32231	
28463	32258	
28464	32246	
28465	32202	
28466	32152	
28467	32120	
28468	32120	
28469	32157	
28470	32227	
28471	32319	
28472	32411	
28473	32471	
28474	32462	
28475	32367	
28476	32203	
28477	32030	
28478	31919	
28479	31922	
28480	32028	
28481	32177	
28482	32288	
28483	32313	
28484	32266	
28485	32207	
28486	32201	
28487	32267	
28488	32363	
28489	32421	
28490	32394	
28491	32291	
28492	32176	
28493	32118	
28494	32145	
28495	32223	
28496	32283	
28497	32272	
28498	32191	
28499	32090	
28500	32034	
28501	32052	
28502	32125	
28503	32200	
28504	32234	
28505	32221	
28506	32190	
28507	32176	
28508	32194	
28509	32227	
28510	32245	
28511	32229	
28512	32189	
28513	32147	
28514	32121	
28515	32106	
28516	32077	
28517	32015	
28518	31924	
28519	31831	
28520	31771	
28521	31759	
28522	31784	
28523	31817	
28524	31835	
28525	31837	
28526	31843	
28527	31877	
28528	31953	
28529	32065	
28530	32200	
28531	32348	
28532	32511	
28533	32693	
28534	32894	
28535	33103	
28536	33304	
28537	33492	
28538	33681	
28539	33891	
28540	34141	
28541	34429	
28542	34735	
28543	35036	
28544	35328	
28545	35629	
28546	35970	
28547	36365	
28548	36799	
28549	37224	
28550	37584	
28551	37837	
28552	37976	
28553	38015	
28554	37979	
28555	37881	
28556	37718	
28557	37487	
28558	37196	
28559	36871	
28560	36551	
28561	36268	
28562	36032	
28563	35830	
28564	35628	
28565	35384	
28566	35064	
28567	34654	
28568	34166	
28569	33642	
28570	33147	
28571	32741	
28572	32462	
28573	32302	
28574	32211	
28575	32125	
28576	31997	
28577	31818	
28578	31623	
28579	31464	
28580	31377	
28581	31365	
28582	31403	
28583	31455	
28584	31503	
28585	31547	
28586	31598	
28587	31656	
28588	31707	
28589	31734	
28590	31733	
28591	31721	
28592	31727	
28593	31765	
28594	31819	
28595	31854	
28596	31839	
28597	31778	
28598	31713	
28599	31697	
28600	31757	
28601	31879	
28602	32012	
28603	32111	
28604	32161	
28605	32186	
28606	32222	
28607	32288	
28608	32367	
28609	32427	
28610	32437	
28611	32399	
28612	32338	
28613	32285	
28614	32251	
28615	32225	
28616	32189	
28617	32138	
28618	32092	
28619	32080	
28620	32119	
28621	32200	
28622	32291	
28623	32358	
28624	32387	
28625	32391	
28626	32397	
28627	32421	
28628	32459	
28629	32489	
28630	32495	
28631	32472	
28632	32434	
28633	32396	
28634	32367	
28635	32339	
28636	32306	
28637	32270	
28638	32247	
28639	32253	
28640	32293	
28641	32349	
28642	32395	
28643	32412	
28644	32405	
28645	32398	
28646	32418	
28647	32471	
28648	32539	
28649	32590	
28650	32600	
28651	32567	
28652	32508	
28653	32445	
28654	32391	
28655	32341	
28656	32285	
28657	32223	
28658	32167	
28659	32138	
28660	32146	
28661	32187	
28662	32242	
28663	32292	
28664	32334	
28665	32373	
28666	32419	
28667	32470	
28668	32510	
28669	32517	
28670	32480	
28671	32409	
28672	32329	
28673	32264	
28674	32221	
28675	32192	
28676	32160	
28677	32119	
28678	32079	
28679	32060	
28680	32076	
28681	32128	
28682	32196	
28683	32262	
28684	32312	
28685	32351	
28686	32387	
28687	32420	
28688	32443	
28689	32441	
28690	32408	
28691	32358	
28692	32314	
28693	32294	
28694	32296	
28695	32300	
28696	32280	
28697	32231	
28698	32171	
28699	32137	
28700	32154	
28701	32220	
28702	32305	
28703	32370	
28704	32396	
28705	32391	
28706	32386	
28707	32404	
28708	32448	
28709	32495	
28710	32516	
28711	32494	
28712	32437	
28713	32368	
28714	32310	
28715	32273	
28716	32250	
28717	32232	
28718	32217	
28719	32210	
28720	32220	
28721	32248	
28722	32286	
28723	32321	
28724	32344	
28725	32358	
28726	32371	
28727	32393	
28728	32426	
28729	32459	
28730	32480	
28731	32477	
28732	32450	
28733	32408	
28734	32359	
28735	32311	
28736	32267	
28737	32232	
28738	32212	
28739	32215	
28740	32241	
28741	32281	
28742	32321	
28743	32351	
28744	32373	
28745	32396	
28746	32428	
28747	32469	
28748	32503	
28749	32515	
28750	32499	
28751	32463	
28752	32427	
28753	32406	
28754	32399	
28755	32390	
28756	32362	
28757	32309	
28758	32246	
28759	32199	
28760	32185	
28761	32210	
28762	32258	
28763	32309	
28764	32350	
28765	32381	
28766	32407	
28767	32433	
28768	32450	
28769	32450	
28770	32428	
28771	32392	
28772	32359	
28773	32342	
28774	32342	
28775	32342	
28776	32327	
28777	32292	
28778	32252	
28779	32230	
28780	32242	
28781	32285	
28782	32339	
28783	32383	
28784	32407	
28785	32419	
28786	32438	
28787	32471	
28788	32510	
28789	32536	
28790	32537	
28791	32513	
28792	32481	
28793	32461	
28794	32457	
28795	32460	
28796	32454	
28797	32432	
28798	32402	
28799	32383	
28800	32389	
28801	32421	
28802	32467	
28803	32515	
28804	32562	
28805	32615	
28806	32682	
28807	32759	
28808	32827	
28809	32868	
28810	32870	
28811	32843	
28812	32807	
28813	32777	
28814	32759	
28815	32743	
28816	32719	
28817	32690	
28818	32669	
28819	32676	
28820	32714	
28821	32774	
28822	32831	
28823	32871	
28824	32901	
28825	32940	
28826	33008	
28827	33103	
28828	33200	
28829	33264	
28830	33276	
28831	33248	
28832	33213	
28833	33201	
28834	33219	
28835	33242	
28836	33240	
28837	33200	
28838	33141	
28839	33102	
28840	33113	
28841	33177	
28842	33265	
28843	33341	
28844	33385	
28845	33409	
28846	33440	
28847	33495	
28848	33565	
28849	33618	
28850	33624	
28851	33579	
28852	33502	
28853	33429	
28854	33378	
28855	33340	
28856	33291	
28857	33209	
28858	33098	
28859	32985	
28860	32898	
28861	32855	
28862	32845	
28863	32847	
28864	32843	
28865	32834	
28866	32834	
28867	32852	
28868	32880	
28869	32894	
28870	32871	
28871	32807	
28872	32720	
28873	32638	
28874	32579	
28875	32539	
28876	32499	
28877	32440	
28878	32364	
28879	32289	
28880	32240	
28881	32231	
28882	32256	
28883	32298	
28884	32339	
28885	32373	
28886	32402	
28887	32425	
28888	32439	
28889	32436	
28890	32414	
28891	32382	
28892	32357	
28893	32347	
28894	32345	
28895	32329	
28896	32280	
28897	32200	
28898	32113	
28899	32057	
28900	32053	
28901	32095	
28902	32151	
28903	32191	
28904	32203	
28905	32202	
28906	32218	
28907	32269	
28908	32341	
28909	32402	
28910	32421	
28911	32390	
28912	32330	
28913	32273	
28914	32238	
28915	32223	
28916	32208	
28917	32178	
28918	32139	
28919	32116	
28920	32134	
28921	32197	
28922	32291	
28923	32388	
28924	32469	
28925	32536	
28926	32598	
28927	32661	
28928	32715	
28929	32737	
28930	32714	
28931	32653	
28932	32585	
28933	32541	
28934	32535	
28935	32554	
28936	32566	
28937	32548	
28938	32501	
28939	32451	
28940	32427	
28941	32442	
28942	32486	
28943	32538	
28944	32582	
28945	32622	
28946	32671	
28947	32735	
28948	32800	
28949	32838	
28950	32825	
28951	32763	
28952	32677	
28953	32601	
28954	32556	
28955	32536	
28956	32515	
28957	32475	
28958	32416	
28959	32360	
28960	32330	
28961	32337	
28962	32371	
28963	32413	
28964	32451	
28965	32489	
28966	32537	
28967	32599	
28968	32662	
28969	32703	
28970	32708	
28971	32684	
28972	32655	
28973	32649	
28974	32669	
28975	32695	
28976	32695	
28977	32653	
28978	32580	
28979	32511	
28980	32480	
28981	32497	
28982	32541	
28983	32580	
28984	32595	
28985	32592	
28986	32596	
28987	32627	
28988	32682	
28989	32737	
28990	32764	
28991	32752	
28992	32716	
28993	32681	
28994	32664	
28995	32660	
28996	32649	
28997	32611	
28998	32548	
28999	32479	
29000	32432	
29001	32421	
29002	32444	
29003	32484	
29004	32529	
29005	32575	
29006	32626	
29007	32680	
29008	32726	
29009	32747	
29010	32731	
29011	32685	
29012	32631	
29013	32587	
29014	32558	
29015	32532	
29016	32491	
29017	32434	
29018	32380	
29019	32360	
29020	32392	
29021	32468	
29022	32553	
29023	32612	
29024	32631	
29025	32627	
29026	32631	
29027	32666	
29028	32727	
29029	32781	
29030	32794	
29031	32751	
29032	32670	
29033	32585	
29034	32524	
29035	32490	
29036	32468	
29037	32438	
29038	32394	
29039	32353	
29040	32338	
29041	32358	
29042	32406	
29043	32455	
29044	32484	
29045	32489	
29046	32483	
29047	32483	
29048	32500	
29049	32525	
29050	32544	
29051	32542	
29052	32519	
29053	32482	
29054	32441	
29055	32399	
29056	32355	
29057	32309	
29058	32269	
29059	32249	
29060	32259	
29061	32294	
29062	32338	
29063	32375	
29064	32402	
29065	32430	
29066	32474	
29067	32540	
29068	32608	
29069	32649	
29070	32639	
29071	32580	
29072	32495	
29073	32420	
29074	32374	
29075	32354	
29076	32340	
29077	32315	
29078	32280	
29079	32254	
29080	32256	
29081	32292	
29082	32347	
29083	32396	
29084	32423	
29085	32430	
29086	32435	
29087	32454	
29088	32489	
29089	32526	
29090	32545	
29091	32536	
29092	32503	
29093	32459	
29094	32414	
29095	32367	
29096	32315	
29097	32261	
29098	32219	
29099	32208	
29100	32237	
29101	32297	
29102	32362	
29103	32406	
29104	32419	
29105	32420	
29106	32434	
29107	32478	
29108	32545	
29109	32606	
29110	32633	
29111	32617	
29112	32574	
29113	32531	
29114	32506	
29115	32495	
29116	32480	
29117	32443	
29118	32387	
29119	32335	
29120	32317	
29121	32349	
29122	32423	
29123	32514	
29124	32598	
29125	32661	
29126	32702	
29127	32729	
29128	32744	
29129	32742	
29130	32722	
29131	32687	
29132	32649	
29133	32618	
29134	32594	
29135	32567	
29136	32525	
29137	32472	
29138	32426	
29139	32411	
29140	32435	
29141	32486	
29142	32530	
29143	32541	
29144	32520	
29145	32498	
29146	32514	
29147	32585	
29148	32691	
29149	32784	
29150	32816	
29151	32772	
29152	32680	
29153	32589	
29154	32537	
29155	32530	
29156	32539	
29157	32530	
29158	32488	
29159	32432	
29160	32398	
29161	32414	
29162	32480	
29163	32569	
29164	32647	
29165	32694	
29166	32715	
29167	32727	
29168	32744	
29169	32766	
29170	32780	
29171	32776	
29172	32751	
29173	32715	
29174	32679	
29175	32644	
29176	32605	
29177	32557	
29178	32504	
29179	32460	
29180	32445	
29181	32467	
29182	32517	
29183	32577	
29184	32630	
29185	32669	
29186	32698	
29187	32721	
29188	32735	
29189	32732	
29190	32703	
29191	32651	
29192	32591	
29193	32543	
29194	32514	
29195	32498	
29196	32475	
29197	32432	
29198	32373	
29199	32319	
29200	32292	
29201	32305	
29202	32351	
29203	32408	
29204	32458	
29205	32498	
29206	32533	
29207	32574	
29208	32620	
29209	32656	
29210	32671	
29211	32659	
29212	32629	
29213	32597	
29214	32570	
29215	32546	
29216	32511	
29217	32460	
29218	32403	
29219	32363	
29220	32362	
29221	32402	
29222	32467	
29223	32527	
29224	32566	
29225	32583	
29226	32596	
29227	32620	
29228	32657	
29229	32688	
29230	32693	
29231	32659	
29232	32595	
29233	32524	
29234	32469	
29235	32436	
29236	32418	
29237	32402	
29238	32384	
29239	32371	
29240	32371	
29241	32388	
29242	32413	
29243	32435	
29244	32448	
29245	32460	
29246	32483	
29247	32525	
29248	32576	
29249	32616	
29250	32625	
29251	32598	
29252	32552	
29253	32511	
29254	32492	
29255	32492	
29256	32496	
29257	32490	
29258	32474	
29259	32463	
29260	32470	
29261	32495	
29262	32525	
29263	32537	
29264	32528	
29265	32512	
29266	32519	
29267	32566	
29268	32647	
29269	32730	
29270	32780	
29271	32781	
29272	32749	
29273	32715	
29274	32708	
29275	32727	
29276	32746	
29277	32736	
29278	32689	
29279	32626	
29280	32584	
29281	32592	
29282	32647	
29283	32721	
29284	32779	
29285	32801	
29286	32794	
29287	32782	
29288	32786	
29289	32810	
29290	32836	
29291	32845	
29292	32825	
29293	32781	
29294	32727	
29295	32672	
29296	32614	
29297	32549	
29298	32475	
29299	32402	
29300	32346	
29301	32320	
29302	32325	
29303	32349	
29304	32375	
29305	32393	
29306	32407	
29307	32422	
29308	32442	
29309	32461	
29310	32467	
29311	32452	
29312	32420	
29313	32379	
29314	32340	
29315	32304	
29316	32264	
29317	32215	
29318	32158	
29319	32107	
29320	32079	
29321	32083	
29322	32114	
29323	32158	
29324	32199	
29325	32234	
29326	32267	
29327	32305	
29328	32346	
29329	32379	
29330	32387	
29331	32364	
29332	32317	
29333	32265	
29334	32221	
29335	32192	
29336	32168	
29337	32137	
29338	32096	
29339	32056	
29340	32034	
29341	32044	
29342	32085	
29343	32145	
29344	32203	
29345	32248	
29346	32275	
29347	32288	
29348	32291	
29349	32284	
29350	32268	
29351	32247	
29352	32227	
29353	32214	
29354	32207	
29355	32195	
29356	32168	
29357	32121	
29358	32067	
29359	32026	
29360	32019	
29361	32049	
29362	32103	
29363	32159	
29364	32200	
29365	32226	
29366	32245	
29367	32268	
29368	32295	
29369	32315	
29370	32316	
29371	32295	
29372	32262	
29373	32232	
29374	32214	
29375	32203	
29376	32185	
29377	32150	
29378	32101	
29379	32056	
29380	32031	
29381	32038	
29382	32070	
29383	32111	
29384	32147	
29385	32174	
29386	32197	
29387	32224	
29388	32257	
29389	32287	
29390	32305	
29391	32300	
29392	32271	
29393	32224	
29394	32163	
29395	32094	
29396	32022	
29397	31952	
29398	31890	
29399	31845	
29400	31817	
29401	31801	
29402	31793	
29403	31797	
29404	31831	
29405	31919	
29406	32078	
29407	32304	
29408	32568	
29409	32829	
29410	33056	
29411	33242	
29412	33404	
29413	33566	
29414	33745	
29415	33938	
29416	34129	
29417	34305	
29418	34470	
29419	34642	
29420	34846	
29421	35105	
29422	35427	
29423	35814	
29424	36255	
29425	36733	
29426	37213	
29427	37643	
29428	37969	
29429	38151	
29430	38187	
29431	38111	
29432	37974	
29433	37813	
29434	37632	
29435	37404	
29436	37105	
29437	36741	
29438	36358	
29439	36016	
29440	35746	
29441	35529	
29442	35299	
29443	34986	
29444	34563	
29445	34060	
29446	33552	
29447	33120	
29448	32803	
29449	32589	
29450	32433	
29451	32289	
29452	32141	
29453	31993	
29454	31857	
29455	31731	
29456	31602	
29457	31466	
29458	31344	
29459	31271	
29460	31277	
29461	31353	
29462	31456	
29463	31533	
29464	31557	
29465	31547	
29466	31552	
29467	31609	
29468	31718	
29469	31835	
29470	31907	
29471	31908	
29472	31857	
29473	31804	
29474	31786	
29475	31805	
29476	31830	
29477	31824	
29478	31781	
29479	31728	
29480	31708	
29481	31748	
29482	31834	
29483	31929	
29484	32000	
29485	32037	
29486	32061	
29487	32100	
29488	32160	
29489	32219	
29490	32242	
29491	32207	
29492	32127	
29493	32037	
29494	31973	
29495	31946	
29496	31937	
29497	31921	
29498	31883	
29499	31839	
29500	31815	
29501	31834	
29502	31892	
29503	31966	
29504	32032	
29505	32078	
29506	32114	
29507	32153	
29508	32197	
29509	32231	
29510	32233	
29511	32194	
29512	32129	
29513	32064	
29514	32024	
29515	32010	
29516	32006	
29517	31994	
29518	31969	
29519	31945	
29520	31946	
29521	31984	
29522	32048	
29523	32116	
29524	32168	
29525	32201	
29526	32229	
29527	32265	
29528	32312	
29529	32351	
29530	32361	
29531	32328	
29532	32262	
29533	32188	
29534	32129	
29535	32095	
29536	32078	
29537	32066	
29538	32052	
29539	32042	
29540	32049	
29541	32079	
29542	32120	
29543	32157	
29544	32176	
29545	32180	
29546	32187	
29547	32212	
29548	32258	
29549	32307	
29550	32332	
29551	32319	
29552	32272	
29553	32211	
29554	32159	
29555	32126	
29556	32107	
29557	32089	
29558	32066	
29559	32043	
29560	32033	
29561	32041	
29562	32063	
29563	32091	
29564	32115	
29565	32139	
29566	32172	
29567	32220	
29568	32278	
29569	32328	
29570	32352	
29571	32343	
29572	32308	
29573	32266	
29574	32229	
29575	32199	
29576	32167	
29577	32125	
29578	32078	
29579	32044	
29580	32040	
29581	32069	
29582	32118	
29583	32162	
29584	32188	
29585	32198	
29586	32208	
29587	32232	
29588	32270	
29589	32303	
29590	32311	
29591	32286	
29592	32243	
29593	32204	
29594	32184	
29595	32175	
29596	32155	
29597	32106	
29598	32030	
29599	31953	
29600	31909	
29601	31917	
29602	31970	
29603	32037	
29604	32087	
29605	32107	
29606	32109	
29607	32112	
29608	32132	
29609	32166	
29610	32200	
29611	32214	
29612	32200	
29613	32162	
29614	32108	
29615	32050	
29616	31990	
29617	31932	
29618	31879	
29619	31838	
29620	31820	
29621	31832	
29622	31871	
29623	31927	
29624	31986	
29625	32035	
29626	32069	
29627	32086	
29628	32088	
29629	32079	
29630	32061	
29631	32038	
29632	32010	
29633	31979	
29634	31939	
29635	31886	
29636	31818	
29637	31741	
29638	31669	
29639	31620	
29640	31605	
29641	31623	
29642	31660	
29643	31700	
29644	31731	
29645	31755	
29646	31779	
29647	31808	
29648	31837	
29649	31854	
29650	31844	
29651	31808	
29652	31755	
29653	31703	
29654	31663	
29655	31633	
29656	31598	
29657	31551	
29658	31493	
29659	31443	
29660	31421	
29661	31438	
29662	31488	
29663	31552	
29664	31614	
29665	31669	
29666	31724	
29667	31784	
29668	31843	
29669	31884	
29670	31893	
29671	31873	
29672	31843	
29673	31830	
29674	31845	
29675	31876	
29676	31892	
29677	31873	
29678	31819	
29679	31763	
29680	31740	
29681	31774	
29682	31855	
29683	31951	
29684	32033	
29685	32092	
29686	32143	
29687	32207	
29688	32293	
29689	32387	
29690	32461	
29691	32492	
29692	32483	
29693	32455	
29694	32439	
29695	32450	
29696	32480	
29697	32511	
29698	32525	
29699	32525	
29700	32529	
29701	32558	
29702	32620	
29703	32702	
29704	32784	
29705	32853	
29706	32908	
29707	32963	
29708	33030	
29709	33105	
29710	33169	
29711	33203	
29712	33195	
29713	33155	
29714	33102	
29715	33056	
29716	33023	
29717	33001	
29718	32989	
29719	32988	
29720	33008	
29721	33051	
29722	33110	
29723	33164	
29724	33199	
29725	33209	
29726	33209	
29727	33216	
29728	33239	
29729	33268	
29730	33282	
29731	33261	
29732	33203	
29733	33120	
29734	33036	
29735	32964	
29736	32907	
29737	32856	
29738	32808	
29739	32765	
29740	32737	
29741	32731	
29742	32741	
29743	32755	
29744	32761	
29745	32758	
29746	32755	
29747	32763	
29748	32780	
29749	32792	
29750	32780	
29751	32735	
29752	32664	
29753	32590	
29754	32534	
29755	32502	
29756	32478	
29757	32441	
29758	32380	
29759	32305	
29760	32240	
29761	32213	
29762	32231	
29763	32282	
29764	32341	
29765	32390	
29766	32420	
29767	32439	
29768	32454	
29769	32467	
29770	32469	
29771	32453	
29772	32415	
29773	32362	
29774	32304	
29775	32247	
29776	32193	
29777	32140	
29778	32091	
29779	32058	
29780	32053	
29781	32080	
29782	32130	
29783	32186	
29784	32229	
29785	32253	
29786	32267	
29787	32281	
29788	32301	
29789	32320	
29790	32323	
29791	32299	
29792	32253	
29793	32201	
29794	32162	
29795	32141	
29796	32132	
29797	32117	
29798	32087	
29799	32049	
29800	32023	
29801	32028	
29802	32068	
29803	32132	
29804	32195	
29805	32241	
29806	32267	
29807	32284	
29808	32310	
29809	32352	
29810	32405	
29811	32453	
29812	32479	
29813	32475	
29814	32443	
29815	32395	
29816	32344	
29817	32302	
29818	32274	
29819	32263	
29820	32266	
29821	32285	
29822	32316	
29823	32359	
29824	32412	
29825	32473	
29826	32539	
29827	32604	
29828	32660	
29829	32700	
29830	32719	
29831	32717	
29832	32699	
29833	32671	
29834	32631	
29835	32576	
29836	32501	
29837	32411	
29838	32322	
29839	32257	
29840	32236	
29841	32261	
29842	32320	
29843	32388	
29844	32446	
29845	32488	
29846	32519	
29847	32548	
29848	32579	
29849	32600	
29850	32601	
29851	32574	
29852	32526	
29853	32473	
29854	32428	
29855	32392	
29856	32357	
29857	32315	
29858	32265	
29859	32222	
29860	32206	
29861	32226	
29862	32275	
29863	32331	
29864	32374	
29865	32394	
29866	32401	
29867	32410	
29868	32432	
29869	32464	
29870	32492	
29871	32500	
29872	32484	
29873	32449	
29874	32408	
29875	32367	
29876	32328	
29877	32284	
29878	32235	
29879	32189	
29880	32159	
29881	32153	
29882	32168	
29883	32195	
29884	32221	
29885	32242	
29886	32265	
29887	32294	
29888	32329	
29889	32358	
29890	32368	
29891	32355	
29892	32326	
29893	32299	
29894	32283	
29895	32276	
29896	32258	
29897	32216	
29898	32148	
29899	32080	
29900	32040	
29901	32047	
29902	32095	
29903	32155	
29904	32199	
29905	32214	
29906	32216	
29907	32230	
29908	32272	
29909	32331	
29910	32378	
29911	32383	
29912	32336	
29913	32254	
29914	32169	
29915	32105	
29916	32066	
29917	32041	
29918	32013	
29919	31981	
29920	31956	
29921	31952	
29922	31976	
29923	32013	
29924	32047	
29925	32065	
29926	32072	
29927	32080	
29928	32099	
29929	32120	
29930	32126	
29931	32101	
29932	32048	
29933	31989	
29934	31954	
29935	31956	
29936	31984	
29937	32009	
29938	32005	
29939	31965	
29940	31910	
29941	31872	
29942	31875	
29943	31916	
29944	31975	
29945	32024	
29946	32054	
29947	32070	
29948	32088	
29949	32118	
29950	32154	
29951	32179	
29952	32179	
29953	32150	
29954	32105	
29955	32060	
29956	32026	
29957	32004	
29958	31987	
29959	31970	
29960	31954	
29961	31946	
29962	31952	
29963	31975	
29964	32014	
29965	32068	
29966	32133	
29967	32204	
29968	32270	
29969	32314	
29970	32324	
29971	32298	
29972	32248	
29973	32192	
29974	32148	
29975	32116	
29976	32087	
29977	32049	
29978	32000	
29979	31954	
29980	31931	
29981	31942	
29982	31981	
29983	32025	
29984	32056	
29985	32068	
29986	32077	
29987	32105	
29988	32159	
29989	32226	
29990	32280	
29991	32295	
29992	32269	
29993	32220	
29994	32172	
29995	32136	
29996	32107	
29997	32071	
29998	32022	
29999	31972	
30000	31942	
30001	31947	
30002	31983	
30003	32026	
30004	32054	
30005	32063	
30006	32070	
30007	32098	
30008	32153	
30009	32217	
30010	32257	
30011	32249	
30012	32193	
30013	32119	
30014	32062	
30015	32041	
30016	32048	
30017	32056	
30018	32047	
30019	32021	
30020	32000	
30021	32009	
30022	32057	
30023	32131	
30024	32206	
30025	32261	
30026	32295	
30027	32319	
30028	32344	
30029	32366	
30030	32371	
30031	32344	
30032	32286	
30033	32218	
30034	32167	
30035	32148	
30036	32156	
30037	32170	
30038	32168	
30039	32145	
30040	32115	
30041	32100	
30042	32113	
30043	32152	
30044	32203	
30045	32251	
30046	32289	
30047	32323	
30048	32357	
30049	32388	
30050	32407	
30051	32402	
30052	32371	
30053	32323	
30054	32270	
30055	32222	
30056	32179	
30057	32136	
30058	32094	
30059	32061	
30060	32045	
30061	32054	
30062	32081	
30063	32113	
30064	32141	
30065	32166	
30066	32200	
30067	32251	
30068	32315	
30069	32369	
30070	32391	
30071	32367	
30072	32310	
30073	32246	
30074	32200	
30075	32175	
30076	32155	
30077	32117	
30078	32053	
30079	31979	
30080	31929	
30081	31926	
30082	31971	
30083	32036	
30084	32092	
30085	32123	
30086	32140	
30087	32168	
30088	32224	
30089	32296	
30090	32353	
30091	32367	
30092	32331	
30093	32267	
30094	32208	
30095	32175	
30096	32160	
30097	32139	
30098	32090	
30099	32018	
30100	31949	
30101	31911	
30102	31913	
30103	31942	
30104	31973	
30105	31989	
30106	31993	
30107	32002	
30108	32025	
30109	32051	
30110	32059	
30111	32034	
30112	31977	
30113	31913	
30114	31870	
30115	31858	
30116	31864	
30117	31863	
30118	31839	
30119	31801	
30120	31775	
30121	31788	
30122	31847	
30123	31928	
30124	32000	
30125	32041	
30126	32053	
30127	32060	
30128	32081	
30129	32119	
30130	32152	
30131	32154	
30132	32113	
30133	32046	
30134	31980	
30135	31939	
30136	31921	
30137	31905	
30138	31874	
30139	31830	
30140	31798	
30141	31807	
30142	31868	
30143	31965	
30144	32062	
30145	32131	
30146	32164	
30147	32177	
30148	32192	
30149	32218	
30150	32247	
30151	32261	
30152	32250	
30153	32214	
30154	32166	
30155	32115	
30156	32066	
30157	32016	
30158	31963	
30159	31914	
30160	31881	
30161	31876	
30162	31897	
30163	31930	
30164	31963	
30165	31989	
30166	32011	
30167	32040	
30168	32079	
30169	32119	
30170	32145	
30171	32145	
30172	32120	
30173	32083	
30174	32051	
30175	32031	
30176	32016	
30177	31990	
30178	31947	
30179	31894	
30180	31855	
30181	31849	
30182	31882	
30183	31940	
30184	32003	
30185	32053	
30186	32090	
30187	32125	
30188	32164	
30189	32206	
30190	32235	
30191	32237	
30192	32210	
30193	32165	
30194	32122	
30195	32093	
30196	32074	
30197	32052	
30198	32018	
30199	31976	
30200	31943	
30201	31936	
30202	31961	
30203	32011	
30204	32070	
30205	32127	
30206	32179	
30207	32231	
30208	32281	
30209	32321	
30210	32337	
30211	32322	
30212	32283	
30213	32238	
30214	32201	
30215	32176	
30216	32151	
30217	32111	
30218	32050	
30219	31982	
30220	31932	
30221	31919	
30222	31944	
30223	31989	
30224	32031	
30225	32059	
30226	32076	
30227	32098	
30228	32135	
30229	32182	
30230	32222	
30231	32238	
30232	32230	
30233	32210	
30234	32195	
30235	32194	
30236	32195	
30237	32181	
30238	32144	
30239	32094	
30240	32054	
30241	32043	
30242	32067	
30243	32110	
30244	32152	
30245	32181	
30246	32205	
30247	32239	
30248	32294	
30249	32361	
30250	32419	
30251	32442	
30252	32423	
30253	32372	
30254	32312	
30255	32262	
30256	32228	
30257	32202	
30258	32173	
30259	32140	
30260	32109	
30261	32090	
30262	32087	
30263	32093	
30264	32101	
30265	32104	
30266	32109	
30267	32119	
30268	32137	
30269	32149	
30270	32142	
30271	32108	
30272	32061	
30273	32030	
30274	32047	
30275	32130	
30276	32271	
30277	32446	
30278	32629	
30279	32808	
30280	32988	
30281	33182	
30282	33402	
30283	33644	
30284	33899	
30285	34154	
30286	34402	
30287	34644	
30288	34885	
30289	35129	
30290	35383	
30291	35662	
30292	35983	
30293	36356	
30294	36766	
30295	37170	
30296	37508	
30297	37729	
30298	37819	
30299	37807	
30300	37745	
30301	37672	
30302	37589	
30303	37460	
30304	37244	
30305	36935	
30306	36571	
30307	36222	
30308	35936	
30309	35712	
30310	35490	
30311	35189	
30312	34754	
30313	34194	
30314	33577	
30315	32996	
30316	32521	
30317	32175	
30318	31937	
30319	31770	
30320	31642	
30321	31533	
30322	31433	
30323	31330	
30324	31216	
30325	31099	
30326	31008	
30327	30975	
30328	31016	
30329	31109	
30330	31202	
30331	31240	
30332	31200	
30333	31101	
30334	30989	
30335	30908	
30336	30874	
30337	30875	
30338	30887	
30339	30896	
30340	30910	
30341	30943	
30342	31007	
30343	31093	
30344	31182	
30345	31252	
30346	31297	
30347	31323	
30348	31342	
30349	31363	
30350	31387	
30351	31410	
30352	31427	
30353	31434	
30354	31429	
30355	31408	
30356	31370	
30357	31317	
30358	31256	
30359	31202	
30360	31167	
30361	31158	
30362	31178	
30363	31221	
30364	31279	
30365	31342	
30366	31404	
30367	31461	
30368	31511	
30369	31550	
30370	31578	
30371	31595	
30372	31604	
30373	31608	
30374	31608	
30375	31597	
30376	31571	
30377	31529	
30378	31478	
30379	31436	
30380	31418	
30381	31432	
30382	31474	
30383	31528	
30384	31579	
30385	31618	
30386	31649	
30387	31686	
30388	31741	
30389	31817	
30390	31901	
30391	31974	
30392	32013	
30393	32008	
30394	31962	
30395	31897	
30396	31837	
30397	31801	
30398	31791	
30399	31797	
30400	31804	
30401	31802	
30402	31794	
30403	31792	
30404	31813	
30405	31860	
30406	31928	
30407	32002	
30408	32063	
30409	32103	
30410	32119	
30411	32119	
30412	32110	
30413	32098	
30414	32081	
30415	32052	
30416	32005	
30417	31940	
30418	31866	
30419	31798	
30420	31750	
30421	31729	
30422	31730	
30423	31742	
30424	31757	
30425	31777	
30426	31805	
30427	31846	
30428	31893	
30429	31929	
30430	31937	
30431	31913	
30432	31866	
30433	31819	
30434	31787	
30435	31770	
30436	31755	
30437	31724	
30438	31671	
30439	31610	
30440	31564	
30441	31555	
30442	31584	
30443	31637	
30444	31690	
30445	31726	
30446	31741	
30447	31747	
30448	31756	
30449	31774	
30450	31793	
30451	31804	
30452	31799	
30453	31779	
30454	31753	
30455	31731	
30456	31714	
30457	31700	
30458	31684	
30459	31666	
30460	31654	
30461	31652	
30462	31663	
30463	31680	
30464	31692	
30465	31696	
30466	31697	
30467	31708	
30468	31738	
30469	31786	
30470	31835	
30471	31867	
30472	31871	
30473	31852	
30474	31828	
30475	31810	
30476	31800	
30477	31789	
30478	31764	
30479	31728	
30480	31699	
30481	31699	
30482	31740	
30483	31811	
30484	31880	
30485	31920	
30486	31920	
30487	31895	
30488	31874	
30489	31876	
30490	31901	
30491	31928	
30492	31938	
30493	31923	
30494	31897	
30495	31879	
30496	31878	
30497	31888	
30498	31893	
30499	31885	
30500	31868	
30501	31859	
30502	31870	
30503	31898	
30504	31929	
30505	31947	
30506	31955	
30507	31966	
30508	31995	
30509	32044	
30510	32097	
30511	32128	
30512	32123	
30513	32085	
30514	32036	
30515	31995	
30516	31969	
30517	31953	
30518	31936	
30519	31916	
30520	31903	
30521	31908	
30522	31937	
30523	31983	
30524	32029	
30525	32063	
30526	32083	
30527	32102	
30528	32128	
30529	32164	
30530	32195	
30531	32208	
30532	32198	
30533	32176	
30534	32160	
30535	32159	
30536	32167	
30537	32166	
30538	32143	
30539	32103	
30540	32069	
30541	32066	
30542	32104	
30543	32172	
30544	32244	
30545	32298	
30546	32331	
30547	32353	
30548	32382	
30549	32424	
30550	32471	
30551	32506	
30552	32519	
30553	32513	
30554	32501	
30555	32499	
30556	32511	
30557	32530	
30558	32544	
30559	32548	
30560	32546	
30561	32551	
30562	32573	
30563	32611	
30564	32659	
30565	32705	
30566	32750	
30567	32798	
30568	32856	
30569	32920	
30570	32980	
30571	33019	
30572	33032	
30573	33026	
30574	33017	
30575	33017	
30576	33025	
30577	33028	
30578	33010	
30579	32967	
30580	32913	
30581	32872	
30582	32863	
30583	32888	
30584	32932	
30585	32974	
30586	33001	
30587	33012	
30588	33015	
30589	33018	
30590	33021	
30591	33018	
30592	33004	
30593	32980	
30594	32952	
30595	32926	
30596	32898	
30597	32859	
30598	32802	
30599	32732	
30600	32669	
30601	32633	
30602	32633	
30603	32658	
30604	32684	
30605	32690	
30606	32672	
30607	32644	
30608	32629	
30609	32636	
30610	32656	
30611	32662	
30612	32634	
30613	32568	
30614	32484	
30615	32410	
30616	32362	
30617	32341	
30618	32331	
30619	32312	
30620	32280	
30621	32239	
30622	32204	
30623	32180	
30624	32168	
30625	32159	
30626	32151	
30627	32145	
30628	32148	
30629	32157	
30630	32165	
30631	32157	
30632	32127	
30633	32080	
30634	32033	
30635	32000	
30636	31985	
30637	31977	
30638	31956	
30639	31914	
30640	31861	
30641	31819	
30642	31811	
30643	31842	
30644	31898	
30645	31954	
30646	31994	
30647	32018	
30648	32034	
30649	32055	
30650	32077	
30651	32090	
30652	32081	
30653	32048	
30654	32001	
30655	31955	
30656	31918	
30657	31889	
30658	31861	
30659	31832	
30660	31806	
30661	31796	
30662	31809	
30663	31843	
30664	31885	
30665	31920	
30666	31941	
30667	31956	
30668	31975	
30669	32004	
30670	32035	
30671	32049	
30672	32033	
30673	31986	
30674	31926	
30675	31874	
30676	31842	
30677	31824	
30678	31803	
30679	31766	
30680	31717	
30681	31676	
30682	31663	
30683	31683	
30684	31724	
30685	31763	
30686	31782	
30687	31779	
30688	31767	
30689	31764	
30690	31779	
30691	31805	
30692	31826	
30693	31827	
30694	31805	
30695	31767	
30696	31727	
30697	31701	
30698	31693	
30699	31702	
30700	31721	
30701	31738	
30702	31743	
30703	31734	
30704	31715	
30705	31701	
30706	31704	
30707	31735	
30708	31788	
30709	31845	
30710	31885	
30711	31892	
30712	31866	
30713	31820	
30714	31775	
30715	31746	
30716	31737	
30717	31738	
30718	31736	
30719	31725	
30720	31707	
30721	31696	
30722	31704	
30723	31733	
30724	31777	
30725	31822	
30726	31860	
30727	31890	
30728	31915	
30729	31937	
30730	31952	
30731	31955	
30732	31943	
30733	31917	
30734	31887	
30735	31859	
30736	31833	
30737	31804	
30738	31769	
30739	31731	
30740	31705	
30741	31700	
30742	31720	
30743	31751	
30744	31777	
30745	31787	
30746	31784	
30747	31786	
30748	31808	
30749	31852	
30750	31904	
30751	31941	
30752	31948	
30753	31928	
30754	31899	
30755	31879	
30756	31876	
30757	31883	
30758	31887	
30759	31880	
30760	31866	
30761	31859	
30762	31869	
30763	31898	
30764	31937	
30765	31975	
30766	32006	
30767	32029	
30768	32048	
30769	32063	
30770	32069	
30771	32062	
30772	32042	
30773	32013	
30774	31983	
30775	31958	
30776	31936	
30777	31910	
30778	31878	
30779	31847	
30780	31827	
30781	31828	
30782	31848	
30783	31875	
30784	31895	
30785	31907	
30786	31919	
30787	31948	
30788	31998	
30789	32058	
30790	32101	
30791	32106	
30792	32072	
30793	32019	
30794	31977	
30795	31966	
30796	31978	
30797	31989	
30798	31974	
30799	31927	
30800	31867	
30801	31823	
30802	31817	
30803	31844	
30804	31884	
30805	31909	
30806	31911	
30807	31901	
30808	31902	
30809	31928	
30810	31977	
30811	32024	
30812	32047	
30813	32033	
30814	31994	
30815	31948	
30816	31912	
30817	31888	
30818	31869	
30819	31847	
30820	31822	
30821	31804	
30822	31799	
30823	31803	
30824	31807	
30825	31805	
30826	31801	
30827	31809	
30828	31844	
30829	31903	
30830	31965	
30831	31999	
30832	31987	
30833	31935	
30834	31869	
30835	31820	
30836	31799	
30837	31795	
30838	31781	
30839	31740	
30840	31680	
30841	31628	
30842	31614	
30843	31646	
30844	31708	
30845	31768	
30846	31804	
30847	31820	
30848	31834	
30849	31863	
30850	31906	
30851	31939	
30852	31939	
30853	31898	
30854	31834	
30855	31776	
30856	31742	
30857	31727	
30858	31713	
30859	31681	
30860	31639	
30861	31610	
30862	31616	
30863	31662	
30864	31725	
30865	31776	
30866	31799	
30867	31803	
30868	31811	
30869	31842	
30870	31890	
30871	31930	
30872	31936	
30873	31904	
30874	31850	
30875	31803	
30876	31777	
30877	31768	
30878	31758	
30879	31731	
30880	31691	
30881	31657	
30882	31650	
30883	31675	
30884	31722	
30885	31772	
30886	31812	
30887	31843	
30888	31878	
30889	31924	
30890	31977	
30891	32023	
30892	32045	
30893	32038	
30894	32009	
30895	31971	
30896	31938	
30897	31913	
30898	31893	
30899	31872	
30900	31849	
30901	31828	
30902	31814	
30903	31813	
30904	31828	
30905	31858	
30906	31902	
30907	31953	
30908	32005	
30909	32048	
30910	32075	
30911	32081	
30912	32071	
30913	32052	
30914	32027	
30915	31997	
30916	31958	
30917	31908	
30918	31854	
30919	31808	
30920	31786	
30921	31793	
30922	31822	
30923	31856	
30924	31880	
30925	31890	
30926	31896	
30927	31914	
30928	31950	
30929	31995	
30930	32026	
30931	32024	
30932	31982	
30933	31916	
30934	31854	
30935	31818	
30936	31814	
30937	31827	
30938	31834	
30939	31820	
30940	31789	
30941	31756	
30942	31740	
30943	31747	
30944	31773	
30945	31810	
30946	31853	
30947	31903	
30948	31959	
30949	32016	
30950	32057	
30951	32068	
30952	32048	
30953	32009	
30954	31975	
30955	31960	
30956	31960	
30957	31955	
30958	31927	
30959	31872	
30960	31810	
30961	31769	
30962	31775	
30963	31826	
30964	31901	
30965	31970	
30966	32016	
30967	32038	
30968	32049	
30969	32060	
30970	32070	
30971	32073	
30972	32060	
30973	32035	
30974	32009	
30975	31993	
30976	31985	
30977	31976	
30978	31957	
30979	31930	
30980	31907	
30981	31905	
30982	31927	
30983	31961	
30984	31987	
30985	31994	
30986	31990	
30987	31998	
30988	32035	
30989	32103	
30990	32179	
30991	32233	
30992	32246	
30993	32218	
30994	32170	
30995	32128	
30996	32103	
30997	32096	
30998	32094	
30999	32090	
31000	32088	
31001	32093	
31002	32111	
31003	32141	
31004	32176	
31005	32212	
31006	32252	
31007	32302	
31008	32364	
31009	32429	
31010	32479	
31011	32496	
31012	32472	
31013	32417	
31014	32345	
31015	32271	
31016	32198	
31017	32127	
31018	32055	
31019	31993	
31020	31956	
31021	31956	
31022	31991	
31023	32041	
31024	32081	
31025	32097	
31026	32093	
31027	32088	
31028	32100	
31029	32132	
31030	32167	
31031	32182	
31032	32164	
31033	32123	
31034	32076	
31035	32041	
31036	32018	
31037	31991	
31038	31950	
31039	31895	
31040	31847	
31041	31829	
31042	31851	
31043	31900	
31044	31949	
31045	31977	
31046	31983	
31047	31983	
31048	32000	
31049	32041	
31050	32091	
31051	32125	
31052	32125	
31053	32095	
31054	32056	
31055	32030	
31056	32023	
31057	32025	
31058	32015	
31059	31982	
31060	31932	
31061	31885	
31062	31860	
31063	31864	
31064	31889	
31065	31916	
31066	31937	
31067	31953	
31068	31975	
31069	32010	
31070	32055	
31071	32090	
31072	32098	
31073	32071	
31074	32019	
31075	31963	
31076	31922	
31077	31898	
31078	31884	
31079	31867	
31080	31841	
31081	31815	
31082	31803	
31083	31813	
31084	31840	
31085	31873	
31086	31900	
31087	31920	
31088	31937	
31089	31959	
31090	31982	
31091	31996	
31092	31989	
31093	31957	
31094	31909	
31095	31863	
31096	31828	
31097	31806	
31098	31787	
31099	31760	
31100	31727	
31101	31695	
31102	31678	
31103	31683	
31104	31707	
31105	31743	
31106	31781	
31107	31819	
31108	31855	
31109	31891	
31110	31920	
31111	31938	
31112	31939	
31113	31927	
31114	31909	
31115	31889	
31116	31866	
31117	31833	
31118	31786	
31119	31732	
31120	31688	
31121	31671	
31122	31687	
31123	31724	
31124	31760	
31125	31776	
31126	31768	
31127	31748	
31128	31735	
31129	31740	
31130	31755	
31131	31765	
31132	31755	
31133	31725	
31134	31694	
31135	31690	
31136	31737	
31137	31846	
31138	32010	
31139	32213	
31140	32436	
31141	32663	
31142	32884	
31143	33097	
31144	33307	
31145	33527	
31146	33773	
31147	34050	
31148	34353	
31149	34662	
31150	34952	
31151	35215	
31152	35465	
31153	35735	
31154	36052	
31155	36414	
31156	36779	
31157	37084	
31158	37276	
31159	37341	
31160	37309	
31161	37227	
31162	37130	
31163	37020	
31164	36871	
31165	36659	
31166	36390	
31167	36099	
31168	35829	
31169	35603	
31170	35402	
31171	35175	
31172	34866	
31173	34450	
31174	33944	
31175	33404	
31176	32894	
31177	32459	
31178	32117	
31179	31860	
31180	31673	
31181	31541	
31182	31453	
31183	31394	
31184	31350	
31185	31305	
31186	31256	
31187	31211	
31188	31192	
31189	31213	
31190	31273	
31191	31351	
31192	31414	
31193	31434	
31194	31408	
31195	31355	
31196	31308	
31197	31295	
31198	31320	
31199	31366	
31200	31412	
31201	31442	
31202	31464	
31203	31495	
31204	31551	
31205	31632	
31206	31726	
31207	31813	
31208	31886	
31209	31946	
31210	31997	
31211	32038	
31212	32059	
31213	32051	
31214	32016	
31215	31971	
31216	31934	
31217	31918	
31218	31917	
31219	31916	
31220	31906	
31221	31892	
31222	31889	
31223	31906	
31224	31942	
31225	31982	
31226	32013	
31227	32031	
31228	32047	
31229	32074	
31230	32116	
31231	32158	
31232	32179	
31233	32164	
31234	32117	
31235	32056	
31236	32001	
31237	31963	
31238	31937	
31239	31909	
31240	31876	
31241	31848	
31242	31842	
31243	31873	
31244	31934	
31245	32007	
31246	32066	
31247	32101	
31248	32114	
31249	32121	
31250	32133	
31251	32149	
31252	32160	
31253	32156	
31254	32138	
31255	32114	
31256	32095	
31257	32084	
31258	32074	
31259	32057	
31260	32031	
31261	32007	
31262	31997	
31263	32010	
31264	32044	
31265	32090	
31266	32136	
31267	32179	
31268	32217	
31269	32248	
31270	32263	
31271	32252	
31272	32211	
31273	32151	
31274	32093	
31275	32058	
31276	32052	
31277	32061	
31278	32062	
31279	32039	
31280	31998	
31281	31959	
31282	31949	
31283	31972	
31284	32012	
31285	32042	
31286	32041	
31287	32013	
31288	31982	
31289	31979	
31290	32017	
31291	32087	
31292	32158	
31293	32197	
31294	32188	
31295	32136	
31296	32066	
31297	32005	
31298	31971	
31299	31966	
31300	31980	
31301	31998	
31302	32007	
31303	32004	
31304	31994	
31305	31986	
31306	31989	
31307	32008	
31308	32042	
31309	32085	
31310	32126	
31311	32158	
31312	32178	
31313	32185	
31314	32183	
31315	32171	
31316	32143	
31317	32092	
31318	32019	
31319	31936	
31320	31865	
31321	31832	
31322	31847	
31323	31900	
31324	31966	
31325	32015	
31326	32034	
31327	32030	
31328	32022	
31329	32031	
31330	32063	
31331	32107	
31332	32145	
31333	32158	
31334	32141	
31335	32094	
31336	32028	
31337	31955	
31338	31888	
31339	31844	
31340	31836	
31341	31866	
31342	31925	
31343	31986	
31344	32026	
31345	32032	
31346	32015	
31347	32001	
31348	32013	
31349	32056	
31350	32110	
31351	32145	
31352	32139	
31353	32093	
31354	32027	
31355	31965	
31356	31916	
31357	31873	
31358	31820	
31359	31752	
31360	31681	
31361	31633	
31362	31623	
31363	31652	
31364	31700	
31365	31742	
31366	31766	
31367	31778	
31368	31791	
31369	31811	
31370	31830	
31371	31834	
31372	31814	
31373	31777	
31374	31740	
31375	31721	
31376	31723	
31377	31730	
31378	31725	
31379	31694	
31380	31646	
31381	31599	
31382	31571	
31383	31568	
31384	31580	
31385	31595	
31386	31608	
31387	31628	
31388	31666	
31389	31724	
31390	31786	
31391	31825	
31392	31820	
31393	31772	
31394	31706	
31395	31653	
31396	31632	
31397	31644	
31398	31670	
31399	31691	
31400	31703	
31401	31710	
31402	31724	
31403	31745	
31404	31768	
31405	31784	
31406	31794	
31407	31809	
31408	31845	
31409	31907	
31410	31984	
31411	32054	
31412	32098	
31413	32111	
31414	32100	
31415	32081	
31416	32062	
31417	32043	
31418	32019	
31419	31992	
31420	31972	
31421	31978	
31422	32020	
31423	32094	
31424	32180	
31425	32260	
31426	32322	
31427	32372	
31428	32425	
31429	32492	
31430	32568	
31431	32637	
31432	32682	
31433	32695	
31434	32682	
31435	32657	
31436	32633	
31437	32614	
31438	32602	
31439	32601	
31440	32615	
31441	32649	
31442	32696	
31443	32746	
31444	32783	
31445	32805	
31446	32824	
31447	32858	
31448	32919	
31449	32998	
31450	33066	
31451	33096	
31452	33075	
31453	33017	
31454	32952	
31455	32907	
31456	32888	
31457	32879	
31458	32860	
31459	32819	
31460	32767	
31461	32726	
31462	32713	
31463	32728	
31464	32754	
31465	32769	
31466	32765	
31467	32749	
31468	32737	
31469	32738	
31470	32746	
31471	32745	
31472	32721	
31473	32674	
31474	32620	
31475	32573	
31476	32536	
31477	32496	
31478	32436	
31479	32349	
31480	32251	
31481	32171	
31482	32138	
31483	32157	
31484	32211	
31485	32269	
31486	32306	
31487	32318	
31488	32319	
31489	32328	
31490	32353	
31491	32387	
31492	32411	
31493	32410	
31494	32381	
31495	32329	
31496	32263	
31497	32189	
31498	32108	
31499	32025	
31500	31951	
31501	31899	
31502	31881	
31503	31897	
31504	31935	
31505	31977	
31506	32014	
31507	32043	
31508	32073	
31509	32110	
31510	32154	
31511	32192	
31512	32213	
31513	32209	
31514	32180	
31515	32134	
31516	32083	
31517	32033	
31518	31989	
31519	31955	
31520	31934	
31521	31929	
31522	31940	
31523	31961	
31524	31988	
31525	32020	
31526	32058	
31527	32105	
31528	32160	
31529	32214	
31530	32252	
31531	32262	
31532	32241	
31533	32199	
31534	32155	
31535	32124	
31536	32107	
31537	32094	
31538	32071	
31539	32029	
31540	31978	
31541	31937	
31542	31924	
31543	31943	
31544	31984	
31545	32025	
31546	32052	
31547	32066	
31548	32076	
31549	32092	
31550	32110	
31551	32121	
31552	32112	
31553	32083	
31554	32045	
31555	32014	
31556	31995	
31557	31983	
31558	31964	
31559	31929	
31560	31887	
31561	31857	
31562	31853	
31563	31878	
31564	31919	
31565	31956	
31566	31978	
31567	31988	
31568	32001	
31569	32027	
31570	32058	
31571	32078	
31572	32065	
31573	32013	
31574	31940	
31575	31873	
31576	31838	
31577	31841	
31578	31865	
31579	31886	
31580	31884	
31581	31860	
31582	31829	
31583	31809	
31584	31810	
31585	31831	
31586	31863	
31587	31902	
31588	31949	
31589	32003	
31590	32057	
31591	32096	
31592	32104	
31593	32077	
31594	32030	
31595	31986	
31596	31960	
31597	31951	
31598	31936	
31599	31897	
31600	31829	
31601	31751	
31602	31697	
31603	31690	
31604	31730	
31605	31797	
31606	31861	
31607	31901	
31608	31915	
31609	31912	
31610	31903	
31611	31891	
31612	31871	
31613	31843	
31614	31809	
31615	31775	
31616	31746	
31617	31717	
31618	31681	
31619	31634	
31620	31583	
31621	31544	
31622	31534	
31623	31558	
31624	31608	
31625	31664	
31626	31712	
31627	31746	
31628	31771	
31629	31795	
31630	31818	
31631	31831	
31632	31825	
31633	31799	
31634	31764	
31635	31737	
31636	31729	
31637	31735	
31638	31739	
31639	31721	
31640	31678	
31641	31626	
31642	31595	
31643	31605	
31644	31660	
31645	31737	
31646	31806	
31647	31842	
31648	31845	
31649	31834	
31650	31833	
31651	31856	
31652	31899	
31653	31941	
31654	31962	
31655	31949	
31656	31902	
31657	31835	
31658	31761	
31659	31695	
31660	31648	
31661	31627	
31662	31634	
31663	31670	
31664	31725	
31665	31785	
31666	31837	
31667	31876	
31668	31904	
31669	31931	
31670	31966	
31671	32004	
31672	32033	
31673	32037	
31674	32010	
31675	31960	
31676	31909	
31677	31875	
31678	31862	
31679	31857	
31680	31844	
31681	31814	
31682	31779	
31683	31757	
31684	31767	
31685	31807	
31686	31856	
31687	31892	
31688	31902	
31689	31894	
31690	31887	
31691	31897	
31692	31920	
31693	31940	
31694	31936	
31695	31899	
31696	31840	
31697	31780	
31698	31735	
31699	31706	
31700	31684	
31701	31658	
31702	31628	
31703	31608	
31704	31613	
31705	31654	
31706	31722	
31707	31799	
31708	31862	
31709	31898	
31710	31904	
31711	31893	
31712	31876	
31713	31864	
31714	31861	
31715	31861	
31716	31858	
31717	31841	
31718	31807	
31719	31755	
31720	31693	
31721	31637	
31722	31599	
31723	31590	
31724	31609	
31725	31649	
31726	31698	
31727	31748	
31728	31793	
31729	31831	
31730	31857	
31731	31865	
31732	31852	
31733	31820	
31734	31779	
31735	31744	
31736	31725	
31737	31726	
31738	31734	
31739	31736	
31740	31722	
31741	31696	
31742	31670	
31743	31658	
31744	31664	
31745	31685	
31746	31714	
31747	31751	
31748	31799	
31749	31860	
31750	31928	
31751	31984	
31752	32009	
31753	31995	
31754	31951	
31755	31898	
31756	31856	
31757	31832	
31758	31821	
31759	31811	
31760	31798	
31761	31787	
31762	31788	
31763	31809	
31764	31845	
31765	31888	
31766	31929	
31767	31965	
31768	31996	
31769	32021	
31770	32038	
31771	32042	
31772	32030	
31773	32006	
31774	31982	
31775	31965	
31776	31961	
31777	31964	
31778	31965	
31779	31960	
31780	31949	
31781	31939	
31782	31938	
31783	31949	
31784	31968	
31785	31989	
31786	32013	
31787	32044	
31788	32091	
31789	32155	
31790	32224	
31791	32278	
31792	32297	
31793	32275	
31794	32226	
31795	32176	
31796	32147	
31797	32147	
31798	32164	
31799	32176	
31800	32166	
31801	32134	
31802	32094	
31803	32068	
31804	32069	
31805	32093	
31806	32128	
31807	32160	
31808	32184	
31809	32202	
31810	32217	
31811	32232	
31812	32240	
31813	32235	
31814	32215	
31815	32184	
31816	32151	
31817	32122	
31818	32099	
31819	32081	
31820	32069	
31821	32067	
31822	32084	
31823	32120	
31824	32167	
31825	32209	
31826	32232	
31827	32234	
31828	32226	
31829	32228	
31830	32250	
31831	32287	
31832	32321	
31833	32334	
31834	32315	
31835	32270	
31836	32215	
31837	32168	
31838	32140	
31839	32131	
31840	32138	
31841	32157	
31842	32186	
31843	32223	
31844	32263	
31845	32297	
31846	32319	
31847	32331	
31848	32341	
31849	32361	
31850	32395	
31851	32437	
31852	32473	
31853	32493	
31854	32496	
31855	32493	
31856	32496	
31857	32512	
31858	32532	
31859	32544	
31860	32537	
31861	32515	
31862	32495	
31863	32493	
31864	32519	
31865	32566	
31866	32618	
31867	32661	
31868	32691	
31869	32713	
31870	32734	
31871	32752	
31872	32758	
31873	32739	
31874	32693	
31875	32633	
31876	32578	
31877	32544	
31878	32533	
31879	32535	
31880	32532	
31881	32515	
31882	32485	
31883	32452	
31884	32427	
31885	32414	
31886	32411	
31887	32414	
31888	32419	
31889	32427	
31890	32434	
31891	32436	
31892	32426	
31893	32398	
31894	32356	
31895	32313	
31896	32280	
31897	32260	
31898	32247	
31899	32230	
31900	32203	
31901	32171	
31902	32151	
31903	32157	
31904	32191	
31905	32241	
31906	32290	
31907	32323	
31908	32339	
31909	32348	
31910	32359	
31911	32373	
31912	32381	
31913	32373	
31914	32346	
31915	32308	
31916	32272	
31917	32248	
31918	32230	
31919	32211	
31920	32181	
31921	32146	
31922	32121	
31923	32120	
31924	32147	
31925	32190	
31926	32231	
31927	32257	
31928	32269	
31929	32281	
31930	32305	
31931	32339	
31932	32370	
31933	32379	
31934	32358	
31935	32317	
31936	32275	
31937	32249	
31938	32241	
31939	32237	
31940	32224	
31941	32197	
31942	32164	
31943	32142	
31944	32139	
31945	32150	
31946	32162	
31947	32164	
31948	32157	
31949	32153	
31950	32165	
31951	32194	
31952	32225	
31953	32239	
31954	32224	
31955	32185	
31956	32139	
31957	32105	
31958	32087	
31959	32081	
31960	32074	
31961	32063	
31962	32051	
31963	32047	
31964	32059	
31965	32084	
31966	32113	
31967	32142	
31968	32169	
31969	32199	
31970	32228	
31971	32248	
31972	32249	
31973	32226	
31974	32191	
31975	32164	
31976	32166	
31977	32199	
31978	32244	
31979	32271	
31980	32259	
31981	32205	
31982	32133	
31983	32073	
31984	32047	
31985	32056	
31986	32081	
31987	32102	
31988	32106	
31989	32095	
31990	32079	
31991	32066	
31992	32060	
31993	32062	
31994	32078	
31995	32125	
31996	32221	
31997	32373	
31998	32572	
31999	32788	
32000	32994	
32001	33174	
32002	33339	
32003	33516	
32004	33732	
32005	33999	
32006	34304	
32007	34616	
32008	34907	
32009	35163	
32010	35396	
32011	35630	
32012	35888	
32013	36178	
32014	36485	
32015	36773	
32016	37000	
32017	37130	
32018	37147	
32019	37058	
32020	36883	
32021	36650	
32022	36375	
32023	36067	
32024	35722	
32025	35345	
32026	34953	
32027	34574	
32028	34241	
32029	33966	
32030	33729	
32031	33485	
32032	33181	
32033	32790	
32034	32331	
32035	31863	
32036	31461	
32037	31177	
32038	31021	
32039	30957	
32040	30928	
32041	30886	
32042	30814	
32043	30722	
32044	30633	
32045	30569	
32046	30539	
32047	30542	
32048	30573	
32049	30627	
32050	30699	
32051	30781	
32052	30862	
32053	30926	
32054	30963	
32055	30975	
32056	30979	
32057	30993	
32058	31033	
32059	31097	
32060	31175	
32061	31253	
32062	31327	
32063	31404	
32064	31489	
32065	31581	
32066	31664	
32067	31720	
32068	31743	
32069	31750	
32070	31769	
32071	31820	
32072	31901	
32073	31984	
32074	32034	
32075	32029	
32076	31975	
32077	31901	
32078	31838	
32079	31804	
32080	31800	
32081	31813	
32082	31835	
32083	31861	
32084	31895	
32085	31933	
32086	31969	
32087	31990	
32088	31995	
32089	31989	
32090	31988	
32091	32002	
32092	32029	
32093	32056	
32094	32072	
32095	32071	
32096	32061	
32097	32054	
32098	32054	
32099	32057	
32100	32051	
32101	32027	
32102	31993	
32103	31964	
32104	31954	
32105	31969	
32106	31998	
32107	32026	
32108	32044	
32109	32056	
32110	32073	
32111	32100	
32112	32133	
32113	32155	
32114	32152	
32115	32120	
32116	32073	
32117	32035	
32118	32021	
32119	32029	
32120	32044	
32121	32048	
32122	32038	
32123	32024	
32124	32030	
32125	32066	
32126	32129	
32127	32197	
32128	32249	
32129	32276	
32130	32285	
32131	32295	
32132	32315	
32133	32342	
32134	32363	
32135	32364	
32136	32345	
32137	32318	
32138	32303	
32139	32309	
32140	32334	
32141	32363	
32142	32379	
32143	32374	
32144	32352	
32145	32330	
32146	32324	
32147	32342	
32148	32382	
32149	32428	
32150	32465	
32151	32480	
32152	32473	
32153	32453	
32154	32434	
32155	32424	
32156	32426	
32157	32430	
32158	32429	
32159	32419	
32160	32404	
32161	32396	
32162	32406	
32163	32437	
32164	32484	
32165	32536	
32166	32584	
32167	32624	
32168	32659	
32169	32689	
32170	32715	
32171	32731	
32172	32734	
32173	32728	
32174	32722	
32175	32726	
32176	32741	
32177	32760	
32178	32768	
32179	32755	
32180	32722	
32181	32684	
32182	32658	
32183	32653	
32184	32665	
32185	32683	
32186	32697	
32187	32705	
32188	32715	
32189	32734	
32190	32758	
32191	32777	
32192	32777	
32193	32754	
32194	32718	
32195	32686	
32196	32670	
32197	32668	
32198	32665	
32199	32648	
32200	32615	
32201	32581	
32202	32565	
32203	32583	
32204	32627	
32205	32678	
32206	32713	
32207	32720	
32208	32708	
32209	32693	
32210	32694	
32211	32710	
32212	32735	
32213	32754	
32214	32760	
32215	32757	
32216	32750	
32217	32743	
32218	32732	
32219	32712	
32220	32682	
32221	32651	
32222	32633	
32223	32638	
32224	32664	
32225	32700	
32226	32733	
32227	32759	
32228	32782	
32229	32811	
32230	32849	
32231	32889	
32232	32917	
32233	32922	
32234	32903	
32235	32873	
32236	32845	
32237	32829	
32238	32822	
32239	32819	
32240	32818	
32241	32824	
32242	32845	
32243	32881	
32244	32922	
32245	32949	
32246	32952	
32247	32936	
32248	32922	
32249	32934	
32250	32981	
32251	33049	
32252	33109	
32253	33136	
32254	33123	
32255	33086	
32256	33053	
32257	33039	
32258	33045	
32259	33053	
32260	33048	
32261	33029	
32262	33009	
32263	33009	
32264	33038	
32265	33091	
32266	33153	
32267	33207	
32268	33253	
32269	33293	
32270	33335	
32271	33375	
32272	33401	
32273	33403	
32274	33382	
32275	33352	
32276	33332	
32277	33331	
32278	33343	
32279	33352	
32280	33349	
32281	33336	
32282	33333	
32283	33359	
32284	33416	
32285	33489	
32286	33550	
32287	33583	
32288	33591	
32289	33598	
32290	33627	
32291	33685	
32292	33754	
32293	33805	
32294	33816	
32295	33786	
32296	33740	
32297	33705	
32298	33697	
32299	33709	
32300	33721	
32301	33717	
32302	33693	
32303	33667	
32304	33656	
32305	33670	
32306	33703	
32307	33736	
32308	33752	
32309	33746	
32310	33724	
32311	33701	
32312	33683	
32313	33667	
32314	33646	
32315	33611	
32316	33558	
32317	33489	
32318	33409	
32319	33322	
32320	33236	
32321	33162	
32322	33112	
32323	33091	
32324	33091	
32325	33095	
32326	33082	
32327	33044	
32328	32990	
32329	32938	
32330	32907	
32331	32897	
32332	32895	
32333	32883	
32334	32848	
32335	32794	
32336	32733	
32337	32674	
32338	32619	
32339	32563	
32340	32500	
32341	32434	
32342	32378	
32343	32342	
32344	32329	
32345	32328	
32346	32325	
32347	32311	
32348	32292	
32349	32281	
32350	32291	
32351	32320	
32352	32352	
32353	32368	
32354	32356	
32355	32318	
32356	32266	
32357	32215	
32358	32171	
32359	32135	
32360	32101	
32361	32070	
32362	32044	
32363	32029	
32364	32024	
32365	32023	
32366	32021	
32367	32018	
32368	32020	
32369	32038	
32370	32074	
32371	32121	
32372	32165	
32373	32189	
32374	32189	
32375	32167	
32376	32135	
32377	32098	
32378	32059	
32379	32020	
32380	31985	
32381	31965	
32382	31968	
32383	31989	
32384	32016	
32385	32027	
32386	32015	
32387	31991	
32388	31984	
32389	32018	
32390	32093	
32391	32184	
32392	32248	
32393	32255	
32394	32204	
32395	32128	
32396	32068	
32397	32049	
32398	32065	
32399	32086	
32400	32080	
32401	32041	
32402	31986	
32403	31950	
32404	31952	
32405	31993	
32406	32051	
32407	32099	
32408	32126	
32409	32138	
32410	32149	
32411	32166	
32412	32182	
32413	32183	
32414	32161	
32415	32120	
32416	32078	
32417	32053	
32418	32047	
32419	32050	
32420	32045	
32421	32025	
32422	31997	
32423	31982	
32424	31996	
32425	32039	
32426	32093	
32427	32135	
32428	32151	
32429	32146	
32430	32139	
32431	32148	
32432	32174	
32433	32204	
32434	32218	
32435	32206	
32436	32172	
32437	32132	
32438	32098	
32439	32073	
32440	32049	
32441	32019	
32442	31983	
32443	31955	
32444	31950	
32445	31976	
32446	32026	
32447	32084	
32448	32134	
32449	32168	
32450	32188	
32451	32196	
32452	32195	
32453	32186	
32454	32170	
32455	32149	
32456	32129	
32457	32110	
32458	32087	
32459	32052	
32460	32005	
32461	31955	
32462	31922	
32463	31917	
32464	31940	
32465	31976	
32466	32001	
32467	32005	
32468	31993	
32469	31983	
32470	31992	
32471	32021	
32472	32054	
32473	32066	
32474	32044	
32475	31991	
32476	31929	
32477	31878	
32478	31846	
32479	31825	
32480	31803	
32481	31776	
32482	31755	
32483	31759	
32484	31797	
32485	31857	
32486	31912	
32487	31940	
32488	31936	
32489	31921	
32490	31924	
32491	31961	
32492	32021	
32493	32072	
32494	32085	
32495	32050	
32496	31984	
32497	31923	
32498	31891	
32499	31895	
32500	31916	
32501	31931	
32502	31926	
32503	31906	
32504	31888	
32505	31888	
32506	31911	
32507	31950	
32508	31994	
32509	32036	
32510	32074	
32511	32106	
32512	32128	
32513	32128	
32514	32103	
32515	32060	
32516	32020	
32517	32004	
32518	32018	
32519	32055	
32520	32093	
32521	32110	
32522	32103	
32523	32080	
32524	32059	
32525	32051	
32526	32061	
32527	32083	
32528	32115	
32529	32158	
32530	32214	
32531	32279	
32532	32338	
32533	32372	
32534	32371	
32535	32338	
32536	32293	
32537	32255	
32538	32238	
32539	32240	
32540	32249	
32541	32252	
32542	32245	
32543	32231	
32544	32220	
32545	32219	
32546	32232	
32547	32256	
32548	32291	
32549	32333	
32550	32379	
32551	32419	
32552	32444	
32553	32446	
32554	32425	
32555	32391	
32556	32357	
32557	32333	
32558	32318	
32559	32300	
32560	32269	
32561	32221	
32562	32167	
32563	32129	
32564	32126	
32565	32161	
32566	32222	
32567	32288	
32568	32337	
32569	32363	
32570	32372	
32571	32377	
32572	32387	
32573	32400	
32574	32406	
32575	32395	
32576	32362	
32577	32314	
32578	32263	
32579	32220	
32580	32191	
32581	32177	
32582	32173	
32583	32177	
32584	32187	
32585	32202	
32586	32222	
32587	32249	
32588	32280	
32589	32316	
32590	32356	
32591	32391	
32592	32414	
32593	32414	
32594	32392	
32595	32355	
32596	32316	
32597	32285	
32598	32262	
32599	32237	
32600	32199	
32601	32147	
32602	32093	
32603	32059	
32604	32060	
32605	32097	
32606	32154	
32607	32208	
32608	32243	
32609	32256	
32610	32262	
32611	32274	
32612	32298	
32613	32327	
32614	32343	
32615	32337	
32616	32308	
32617	32265	
32618	32222	
32619	32181	
32620	32142	
32621	32100	
32622	32058	
32623	32024	
32624	32014	
32625	32033	
32626	32079	
32627	32140	
32628	32198	
32629	32243	
32630	32267	
32631	32272	
32632	32265	
32633	32254	
32634	32246	
32635	32242	
32636	32236	
32637	32220	
32638	32182	
32639	32124	
32640	32056	
32641	32001	
32642	31980	
32643	32000	
32644	32051	
32645	32104	
32646	32137	
32647	32142	
32648	32131	
32649	32130	
32650	32157	
32651	32209	
32652	32267	
32653	32308	
32654	32318	
32655	32306	
32656	32285	
32657	32269	
32658	32254	
32659	32228	
32660	32182	
32661	32123	
32662	32070	
32663	32046	
32664	32061	
32665	32103	
32666	32148	
32667	32178	
32668	32194	
32669	32210	
32670	32244	
32671	32297	
32672	32351	
32673	32379	
32674	32366	
32675	32318	
32676	32260	
32677	32218	
32678	32203	
32679	32203	
32680	32196	
32681	32171	
32682	32140	
32683	32126	
32684	32153	
32685	32219	
32686	32305	
32687	32380	
32688	32427	
32689	32451	
32690	32469	
32691	32499	
32692	32544	
32693	32588	
32694	32613	
32695	32609	
32696	32579	
32697	32540	
32698	32504	
32699	32476	
32700	32454	
32701	32435	
32702	32423	
32703	32422	
32704	32435	
32705	32459	
32706	32485	
32707	32508	
32708	32528	
32709	32552	
32710	32580	
32711	32608	
32712	32623	
32713	32614	
32714	32585	
32715	32546	
32716	32511	
32717	32487	
32718	32466	
32719	32442	
32720	32411	
32721	32387	
32722	32390	
32723	32433	
32724	32506	
32725	32582	
32726	32630	
32727	32638	
32728	32621	
32729	32612	
32730	32638	
32731	32702	
32732	32777	
32733	32827	
32734	32830	
32735	32791	
32736	32740	
32737	32706	
32738	32699	
32739	32706	
32740	32703	
32741	32677	
32742	32633	
32743	32595	
32744	32582	
32745	32602	
32746	32641	
32747	32681	
32748	32711	
32749	32731	
32750	32748	
32751	32767	
32752	32781	
32753	32776	
32754	32743	
32755	32687	
32756	32622	
32757	32563	
32758	32520	
32759	32488	
32760	32462	
32761	32437	
32762	32414	
32763	32397	
32764	32386	
32765	32376	
32766	32363	
32767	32351	
32768	32356	
32769	32393	
32770	32465	
32771	32550	
32772	32612	
32773	32618	
32774	32562	
32775	32468	
32776	32379	
32777	32327	
32778	32320	
32779	32336	
32780	32341	
32781	32317	
32782	32270	
32783	32226	
32784	32208	
32785	32225	
32786	32263	
32787	32303	
32788	32331	
32789	32350	
32790	32373	
32791	32407	
32792	32446	
32793	32475	
32794	32481	
32795	32463	
32796	32432	
32797	32405	
32798	32388	
32799	32375	
32800	32357	
32801	32330	
32802	32300	
32803	32281	
32804	32278	
32805	32288	
32806	32296	
32807	32296	
32808	32291	
32809	32296	
32810	32325	
32811	32374	
32812	32421	
32813	32439	
32814	32416	
32815	32359	
32816	32292	
32817	32238	
32818	32203	
32819	32175	
32820	32142	
32821	32101	
32822	32066	
32823	32058	
32824	32087	
32825	32142	
32826	32203	
32827	32252	
32828	32290	
32829	32332	
32830	32392	
32831	32466	
32832	32530	
32833	32554	
32834	32524	
32835	32456	
32836	32385	
32837	32346	
32838	32345	
32839	32362	
32840	32363	
32841	32332	
32842	32280	
32843	32240	
32844	32242	
32845	32293	
32846	32370	
32847	32439	
32848	32478	
32849	32486	
32850	32487	
32851	32499	
32852	32527	
32853	32552	
32854	32552	
32855	32517	
32856	32457	
32857	32399	
32858	32366	
32859	32361	
32860	32372	
32861	32382	
32862	32381	
32863	32376	
32864	32381	
32865	32407	
32866	32448	
32867	32492	
32868	32520	
32869	32527	
32870	32517	
32871	32499	
32872	32476	
32873	32446	
32874	32402	
32875	32342	
32876	32279	
32877	32234	
32878	32235	
32879	32301	
32880	32441	
32881	32650	
32882	32909	
32883	33194	
32884	33479	
32885	33748	
32886	34001	
32887	34257	
32888	34544	
32889	34885	
32890	35283	
32891	35709	
32892	36120	
32893	36471	
32894	36744	
32895	36945	
32896	37102	
32897	37232	
32898	37334	
32899	37388	
32900	37371	
32901	37282	
32902	37146	
32903	37000	
32904	36871	
32905	36752	
32906	36606	
32907	36399	
32908	36120	
32909	35799	
32910	35487	
32911	35219	
32912	34990	
32913	34753	
32914	34447	
32915	34034	
32916	33519	
32917	32950	
32918	32393	
32919	31904	
32920	31514	
32921	31227	
32922	31032	
32923	30918	
32924	30874	
32925	30891	
32926	30953	
32927	31031	
32928	31096	
32929	31131	
32930	31140	
32931	31145	
32932	31167	
32933	31215	
32934	31278	
32935	31334	
32936	31367	
32937	31379	
32938	31386	
32939	31407	
32940	31448	
32941	31501	
32942	31552	
32943	31595	
32944	31640	
32945	31702	
32946	31791	
32947	31900	
32948	32009	
32949	32096	
32950	32154	
32951	32190	
32952	32221	
32953	32257	
32954	32293	
32955	32315	
32956	32308	
32957	32267	
32958	32201	
32959	32130	
32960	32072	
32961	32036	
32962	32023	
32963	32026	
32964	32039	
32965	32056	
32966	32075	
32967	32097	
32968	32123	
32969	32152	
32970	32184	
32971	32213	
32972	32232	
32973	32235	
32974	32219	
32975	32187	
32976	32146	
32977	32104	
32978	32065	
32979	32030	
32980	31995	
32981	31961	
32982	31931	
32983	31912	
32984	31910	
32985	31922	
32986	31944	
32987	31969	
32988	31993	
32989	32019	
32990	32045	
32991	32069	
32992	32083	
32993	32083	
32994	32071	
32995	32052	
32996	32034	
32997	32016	
32998	31991	
32999	31948	
33000	31888	
33001	31823	
33002	31775	
33003	31762	
33004	31788	
33005	31839	
33006	31893	
33007	31936	
33008	31967	
33009	31999	
33010	32042	
33011	32094	
33012	32141	
33013	32160	
33014	32142	
33015	32093	
33016	32037	
33017	31999	
33018	31991	
33019	32011	
33020	32041	
33021	32067	
33022	32080	
33023	32083	
33024	32083	
33025	32087	
33026	32097	
33027	32115	
33028	32147	
33029	32195	
33030	32260	
33031	32330	
33032	32387	
33033	32418	
33034	32423	
33035	32413	
33036	32402	
33037	32399	
33038	32396	
33039	32378	
33040	32337	
33041	32281	
33042	32234	
33043	32220	
33044	32247	
33045	32301	
33046	32353	
33047	32381	
33048	32383	
33049	32380	
33050	32397	
33051	32443	
33052	32501	
33053	32540	
33054	32539	
33055	32497	
33056	32442	
33057	32404	
33058	32398	
33059	32415	
33060	32431	
33061	32427	
33062	32407	
33063	32389	
33064	32397	
33065	32436	
33066	32495	
33067	32552	
33068	32593	
33069	32619	
33070	32642	
33071	32674	
33072	32711	
33073	32742	
33074	32752	
33075	32735	
33076	32700	
33077	32661	
33078	32627	
33079	32599	
33080	32574	
33081	32551	
33082	32536	
33083	32542	
33084	32575	
33085	32629	
33086	32687	
33087	32732	
33088	32756	
33089	32765	
33090	32774	
33091	32792	
33092	32822	
33093	32850	
33094	32862	
33095	32852	
33096	32823	
33097	32789	
33098	32762	
33099	32747	
33100	32738	
33101	32727	
33102	32707	
33103	32680	
33104	32658	
33105	32652	
33106	32672	
33107	32717	
33108	32781	
33109	32849	
33110	32906	
33111	32940	
33112	32948	
33113	32931	
33114	32904	
33115	32879	
33116	32863	
33117	32856	
33118	32847	
33119	32823	
33120	32781	
33121	32729	
33122	32683	
33123	32660	
33124	32663	
33125	32686	
33126	32715	
33127	32740	
33128	32760	
33129	32786	
33130	32825	
33131	32878	
33132	32933	
33133	32973	
33134	32988	
33135	32982	
33136	32966	
33137	32952	
33138	32943	
33139	32934	
33140	32916	
33141	32889	
33142	32862	
33143	32850	
33144	32863	
33145	32900	
33146	32947	
33147	32992	
33148	33033	
33149	33075	
33150	33127	
33151	33190	
33152	33248	
33153	33282	
33154	33277	
33155	33237	
33156	33184	
33157	33144	
33158	33133	
33159	33150	
33160	33180	
33161	33205	
33162	33222	
33163	33233	
33164	33249	
33165	33273	
33166	33305	
33167	33338	
33168	33370	
33169	33407	
33170	33453	
33171	33509	
33172	33566	
33173	33612	
33174	33640	
33175	33651	
33176	33659	
33177	33674	
33178	33696	
33179	33716	
33180	33721	
33181	33706	
33182	33680	
33183	33663	
33184	33670	
33185	33701	
33186	33742	
33187	33774	
33188	33790	
33189	33796	
33190	33809	
33191	33837	
33192	33874	
33193	33899	
33194	33895	
33195	33858	
33196	33802	
33197	33742	
33198	33689	
33199	33638	
33200	33577	
33201	33506	
33202	33437	
33203	33391	
33204	33383	
33205	33405	
33206	33431	
33207	33434	
33208	33403	
33209	33352	
33210	33310	
33211	33296	
33212	33306	
33213	33316	
33214	33295	
33215	33233	
33216	33143	
33217	33052	
33218	32983	
33219	32940	
33220	32904	
33221	32855	
33222	32786	
33223	32707	
33224	32639	
33225	32599	
33226	32590	
33227	32598	
33228	32610	
33229	32617	
33230	32621	
33231	32625	
33232	32628	
33233	32619	
33234	32587	
33235	32532	
33236	32464	
33237	32401	
33238	32356	
33239	32330	
33240	32311	
33241	32288	
33242	32255	
33243	32221	
33244	32197	
33245	32191	
33246	32198	
33247	32205	
33248	32203	
33249	32191	
33250	32179	
33251	32179	
33252	32196	
33253	32224	
33254	32249	
33255	32256	
33256	32238	
33257	32199	
33258	32145	
33259	32087	
33260	32034	
33261	31995	
33262	31972	
33263	31968	
33264	31975	
33265	31986	
33266	31993	
33267	31996	
33268	32005	
33269	32029	
33270	32071	
33271	32122	
33272	32162	
33273	32173	
33274	32149	
33275	32099	
33276	32045	
33277	32004	
33278	31979	
33279	31959	
33280	31930	
33281	31885	
33282	31836	
33283	31804	
33284	31805	
33285	31834	
33286	31870	
33287	31892	
33288	31891	
33289	31881	
33290	31883	
33291	31910	
33292	31956	
33293	31997	
33294	32008	
33295	31985	
33296	31940	
33297	31894	
33298	31859	
33299	31832	
33300	31802	
33301	31764	
33302	31728	
33303	31713	
33304	31733	
33305	31787	
33306	31854	
33307	31909	
33308	31937	
33309	31945	
33310	31955	
33311	31987	
33312	32037	
33313	32083	
33314	32095	
33315	32058	
33316	31985	
33317	31908	
33318	31857	
33319	31839	
33320	31839	
33321	31831	
33322	31804	
33323	31769	
33324	31754	
33325	31782	
33326	31853	
33327	31944	
33328	32022	
33329	32065	
33330	32071	
33331	32056	
33332	32042	
33333	32040	
33334	32050	
33335	32063	
33336	32068	
33337	32058	
33338	32032	
33339	31994	
33340	31952	
33341	31917	
33342	31900	
33343	31907	
33344	31934	
33345	31971	
33346	32007	
33347	32033	
33348	32051	
33349	32069	
33350	32094	
33351	32125	
33352	32153	
33353	32169	
33354	32168	
33355	32155	
33356	32137	
33357	32119	
33358	32098	
33359	32066	
33360	32018	
33361	31958	
33362	31904	
33363	31874	
33364	31878	
33365	31912	
33366	31957	
33367	31995	
33368	32021	
33369	32041	
33370	32065	
33371	32099	
33372	32135	
33373	32155	
33374	32149	
33375	32116	
33376	32072	
33377	32031	
33378	32000	
33379	31973	
33380	31937	
33381	31890	
33382	31842	
33383	31812	
33384	31813	
33385	31843	
33386	31883	
33387	31915	
33388	31934	
33389	31951	
33390	31984	
33391	32038	
33392	32099	
33393	32137	
33394	32129	
33395	32076	
33396	32006	
33397	31955	
33398	31943	
33399	31959	
33400	31971	
33401	31953	
33402	31902	
33403	31844	
33404	31813	
33405	31823	
33406	31860	
33407	31894	
33408	31903	
33409	31890	
33410	31881	
33411	31899	
33412	31946	
33413	31996	
33414	32013	
33415	31982	
33416	31916	
33417	31848	
33418	31811	
33419	31810	
33420	31823	
33421	31819	
33422	31784	
33423	31728	
33424	31683	
33425	31678	
33426	31720	
33427	31789	
33428	31855	
33429	31896	
33430	31914	
33431	31924	
33432	31946	
33433	31983	
33434	32022	
33435	32042	
33436	32030	
33437	31986	
33438	31923	
33439	31853	
33440	31787	
33441	31731	
33442	31693	
33443	31680	
33444	31693	
33445	31726	
33446	31762	
33447	31785	
33448	31791	
33449	31792	
33450	31809	
33451	31856	
33452	31926	
33453	31995	
33454	32030	
33455	32012	
33456	31946	
33457	31856	
33458	31773	
33459	31716	
33460	31688	
33461	31677	
33462	31669	
33463	31656	
33464	31641	
33465	31629	
33466	31626	
33467	31635	
33468	31654	
33469	31683	
33470	31721	
33471	31765	
33472	31804	
33473	31830	
33474	31836	
33475	31823	
33476	31804	
33477	31789	
33478	31783	
33479	31778	
33480	31761	
33481	31724	
33482	31671	
33483	31622	
33484	31597	
33485	31603	
33486	31633	
33487	31669	
33488	31697	
33489	31717	
33490	31741	
33491	31779	
33492	31827	
33493	31868	
33494	31882	
33495	31860	
33496	31815	
33497	31769	
33498	31741	
33499	31734	
33500	31734	
33501	31725	
33502	31702	
33503	31675	
33504	31665	
33505	31681	
33506	31723	
33507	31772	
33508	31813	
33509	31840	
33510	31858	
33511	31879	
33512	31906	
33513	31935	
33514	31953	
33515	31952	
33516	31936	
33517	31916	
33518	31901	
33519	31889	
33520	31870	
33521	31835	
33522	31790	
33523	31754	
33524	31749	
33525	31782	
33526	31842	
33527	31907	
33528	31959	
33529	31993	
33530	32014	
33531	32032	
33532	32045	
33533	32047	
33534	32033	
33535	32006	
33536	31982	
33537	31973	
33538	31977	
33539	31981	
33540	31965	
33541	31924	
33542	31873	
33543	31836	
33544	31833	
33545	31864	
33546	31907	
33547	31935	
33548	31934	
33549	31909	
33550	31883	
33551	31873	
33552	31883	
33553	31896	
33554	31891	
33555	31862	
33556	31817	
33557	31779	
33558	31763	
33559	31766	
33560	31773	
33561	31768	
33562	31747	
33563	31727	
33564	31729	
33565	31762	
33566	31812	
33567	31858	
33568	31880	
33569	31881	
33570	31877	
33571	31886	
33572	31913	
33573	31944	
33574	31959	
33575	31950	
33576	31923	
33577	31892	
33578	31867	
33579	31844	
33580	31811	
33581	31764	
33582	31711	
33583	31676	
33584	31677	
33585	31718	
33586	31780	
33587	31839	
33588	31877	
33589	31890	
33590	31892	
33591	31896	
33592	31903	
33593	31905	
33594	31889	
33595	31850	
33596	31798	
33597	31750	
33598	31723	
33599	31717	
33600	31724	
33601	31733	
33602	31740	
33603	31753	
33604	31779	
33605	31818	
33606	31863	
33607	31902	
33608	31931	
33609	31956	
33610	31988	
33611	32035	
33612	32089	
33613	32135	
33614	32157	
33615	32151	
33616	32125	
33617	32098	
33618	32078	
33619	32064	
33620	32046	
33621	32020	
33622	31997	
33623	31997	
33624	32036	
33625	32109	
33626	32192	
33627	32251	
33628	32268	
33629	32248	
33630	32219	
33631	32210	
33632	32227	
33633	32250	
33634	32249	
33635	32203	
33636	32116	
33637	32017	
33638	31935	
33639	31884	
33640	31854	
33641	31825	
33642	31782	
33643	31729	
33644	31682	
33645	31659	
33646	31664	
33647	31683	
33648	31700	
33649	31702	
33650	31692	
33651	31680	
33652	31674	
33653	31674	
33654	31671	
33655	31658	
33656	31634	
33657	31602	
33658	31571	
33659	31541	
33660	31509	
33661	31475	
33662	31446	
33663	31435	
33664	31454	
33665	31501	
33666	31561	
33667	31610	
33668	31636	
33669	31641	
33670	31643	
33671	31659	
33672	31694	
33673	31733	
33674	31757	
33675	31751	
33676	31720	
33677	31680	
33678	31646	
33679	31624	
33680	31607	
33681	31590	
33682	31570	
33683	31558	
33684	31564	
33685	31592	
33686	31631	
33687	31666	
33688	31685	
33689	31688	
33690	31688	
33691	31702	
33692	31732	
33693	31770	
33694	31796	
33695	31797	
33696	31771	
33697	31731	
33698	31689	
33699	31653	
33700	31622	
33701	31589	
33702	31556	
33703	31531	
33704	31526	
33705	31545	
33706	31580	
33707	31616	
33708	31644	
33709	31665	
33710	31693	
33711	31741	
33712	31807	
33713	31874	
33714	31916	
33715	31916	
33716	31876	
33717	31820	
33718	31775	
33719	31755	
33720	31755	
33721	31754	
33722	31739	
33723	31711	
33724	31689	
33725	31693	
33726	31728	
33727	31782	
33728	31832	
33729	31861	
33730	31873	
33731	31884	
33732	31906	
33733	31937	
33734	31960	
33735	31955	
33736	31917	
33737	31857	
33738	31797	
33739	31752	
33740	31724	
33741	31700	
33742	31670	
33743	31635	
33744	31606	
33745	31592	
33746	31596	
33747	31607	
33748	31610	
33749	31598	
33750	31575	
33751	31550	
33752	31532	
33753	31520	
33754	31513	
33755	31515	
33756	31544	
33757	31627	
33758	31779	
33759	31995	
33760	32242	
33761	32481	
33762	32687	
33763	32866	
33764	33047	
33765	33263	
33766	33529	
33767	33835	
33768	34156	
33769	34469	
33770	34771	
33771	35076	
33772	35393	
33773	35718	
33774	36028	
33775	36288	
33776	36475	
33777	36584	
33778	36628	
33779	36627	
33780	36596	
33781	36540	
33782	36456	
33783	36335	
33784	36163	
33785	35934	
33786	35646	
33787	35318	
33788	34979	
33789	34664	
33790	34392	
33791	34151	
33792	33898	
33793	33579	
33794	33154	
33795	32630	
33796	32059	
33797	31516	
33798	31068	
33799	30743	
33800	30525	
33801	30373	
33802	30252	
33803	30151	
33804	30081	
33805	30055	
33806	30069	
33807	30098	
33808	30114	
33809	30109	
33810	30099	
33811	30116	
33812	30172	
33813	30252	
33814	30320	
33815	30347	
33816	30334	
33817	30312	
33818	30317	
33819	30361	
33820	30423	
33821	30468	
33822	30479	
33823	30471	
33824	30478	
33825	30527	
33826	30611	
33827	30699	
33828	30756	
33829	30778	
33830	30788	
33831	30821	
33832	30886	
33833	30960	
33834	31000	
33835	30976	
33836	30897	
33837	30804	
33838	30742	
33839	30729	
33840	30742	
33841	30745	
33842	30719	
33843	30682	
33844	30668	
33845	30702	
33846	30773	
33847	30838	
33848	30862	
33849	30842	
33850	30814	
33851	30820	
33852	30874	
33853	30948	
33854	30990	
33855	30965	
33856	30885	
33857	30802	
33858	30767	
33859	30798	
33860	30863	
33861	30911	
33862	30910	
33863	30867	
33864	30826	
33865	30828	
33866	30881	
33867	30962	
33868	31031	
33869	31068	
33870	31085	
33871	31109	
33872	31158	
33873	31222	
33874	31269	
33875	31271	
33876	31223	
33877	31154	
33878	31100	
33879	31078	
33880	31080	
33881	31082	
33882	31071	
33883	31056	
33884	31065	
33885	31114	
33886	31194	
33887	31271	
33888	31312	
33889	31308	
33890	31284	
33891	31273	
33892	31299	
33893	31354	
33894	31411	
33895	31442	
33896	31439	
33897	31419	
33898	31406	
33899	31413	
33900	31436	
33901	31456	
33902	31464	
33903	31462	
33904	31465	
33905	31485	
33906	31517	
33907	31546	
33908	31558	
33909	31560	
33910	31570	
33911	31608	
33912	31674	
33913	31743	
33914	31780	
33915	31765	
33916	31710	
33917	31651	
33918	31623	
33919	31632	
33920	31658	
33921	31667	
33922	31641	
33923	31592	
33924	31549	
33925	31538	
33926	31562	
33927	31599	
33928	31624	
33929	31629	
33930	31627	
33931	31645	
33932	31692	
33933	31757	
33934	31811	
33935	31831	
33936	31813	
33937	31776	
33938	31743	
33939	31725	
33940	31712	
33941	31691	
33942	31658	
33943	31627	
33944	31621	
33945	31653	
33946	31711	
33947	31764	
33948	31788	
33949	31780	
33950	31763	
33951	31764	
33952	31795	
33953	31841	
33954	31869	
33955	31860	
33956	31816	
33957	31767	
33958	31740	
33959	31746	
33960	31765	
33961	31770	
33962	31741	
33963	31685	
33964	31632	
33965	31610	
33966	31631	
33967	31685	
33968	31751	
33969	31814	
33970	31870	
33971	31922	
33972	31968	
33973	31997	
33974	31999	
33975	31970	
33976	31926	
33977	31889	
33978	31876	
33979	31882	
33980	31886	
33981	31866	
33982	31820	
33983	31769	
33984	31742	
33985	31758	
33986	31808	
33987	31863	
33988	31893	
33989	31889	
33990	31871	
33991	31870	
33992	31904	
33993	31962	
33994	32009	
33995	32013	
33996	31965	
33997	31884	
33998	31807	
33999	31758	
34000	31741	
34001	31738	
34002	31733	
34003	31719	
34004	31706	
34005	31705	
34006	31720	
34007	31743	
34008	31760	
34009	31771	
34010	31784	
34011	31810	
34012	31851	
34013	31895	
34014	31920	
34015	31914	
34016	31878	
34017	31832	
34018	31793	
34019	31768	
34020	31749	
34021	31724	
34022	31690	
34023	31663	
34024	31662	
34025	31702	
34026	31776	
34027	31861	
34028	31931	
34029	31975	
34030	32000	
34031	32024	
34032	32058	
34033	32100	
34034	32136	
34035	32156	
34036	32163	
34037	32167	
34038	32180	
34039	32199	
34040	32213	
34041	32210	
34042	32195	
34043	32189	
34044	32217	
34045	32289	
34046	32391	
34047	32489	
34048	32554	
34049	32579	
34050	32586	
34051	32608	
34052	32662	
34053	32738	
34054	32805	
34055	32833	
34056	32817	
34057	32782	
34058	32764	
34059	32784	
34060	32833	
34061	32881	
34062	32896	
34063	32873	
34064	32834	
34065	32813	
34066	32829	
34067	32876	
34068	32928	
34069	32960	
34070	32967	
34071	32967	
34072	32981	
34073	33017	
34074	33062	
34075	33091	
34076	33081	
34077	33031	
34078	32958	
34079	32883	
34080	32822	
34081	32778	
34082	32746	
34083	32722	
34084	32706	
34085	32696	
34086	32688	
34087	32673	
34088	32644	
34089	32605	
34090	32570	
34091	32551	
34092	32551	
34093	32558	
34094	32552	
34095	32521	
34096	32469	
34097	32413	
34098	32371	
34099	32346	
34100	32326	
34101	32294	
34102	32245	
34103	32191	
34104	32153	
34105	32142	
34106	32152	
34107	32160	
34108	32148	
34109	32117	
34110	32090	
34111	32092	
34112	32130	
34113	32186	
34114	32223	
34115	32215	
34116	32161	
34117	32089	
34118	32034	
34119	32011	
34120	32011	
34121	32003	
34122	31967	
34123	31904	
34124	31842	
34125	31813	
34126	31829	
34127	31878	
34128	31929	
34129	31958	
34130	31962	
34131	31958	
34132	31962	
34133	31980	
34134	31996	
34135	31993	
34136	31962	
34137	31913	
34138	31868	
34139	31840	
34140	31828	
34141	31817	
34142	31790	
34143	31749	
34144	31711	
34145	31695	
34146	31713	
34147	31754	
34148	31797	
34149	31826	
34150	31840	
34151	31850	
34152	31872	
34153	31904	
34154	31935	
34155	31947	
34156	31933	
34157	31899	
34158	31860	
34159	31825	
34160	31791	
34161	31751	
34162	31703	
34163	31659	
34164	31635	
34165	31642	
34166	31675	
34167	31710	
34168	31728	
34169	31724	
34170	31715	
34171	31728	
34172	31776	
34173	31846	
34174	31907	
34175	31924	
34176	31886	
34177	31814	
34178	31742	
34179	31699	
34180	31690	
34181	31693	
34182	31683	
34183	31648	
34184	31603	
34185	31574	
34186	31578	
34187	31612	
34188	31651	
34189	31674	
34190	31675	
34191	31671	
34192	31687	
34193	31732	
34194	31793	
34195	31840	
34196	31849	
34197	31816	
34198	31757	
34199	31698	
34200	31655	
34201	31625	
34202	31597	
34203	31562	
34204	31526	
34205	31505	
34206	31508	
34207	31533	
34208	31565	
34209	31592	
34210	31613	
34211	31638	
34212	31675	
34213	31721	
34214	31754	
34215	31753	
34216	31709	
34217	31634	
34218	31557	
34219	31502	
34220	31476	
34221	31468	
34222	31461	
34223	31449	
34224	31438	
34225	31440	
34226	31459	
34227	31484	
34228	31498	
34229	31491	
34230	31469	
34231	31454	
34232	31466	
34233	31506	
34234	31554	
34235	31579	
34236	31565	
34237	31519	
34238	31464	
34239	31427	
34240	31417	
34241	31425	
34242	31431	
34243	31426	
34244	31414	
34245	31410	
34246	31428	
34247	31469	
34248	31526	
34249	31585	
34250	31639	
34251	31686	
34252	31731	
34253	31773	
34254	31804	
34255	31814	
34256	31793	
34257	31745	
34258	31680	
34259	31612	
34260	31554	
34261	31510	
34262	31480	
34263	31466	
34264	31466	
34265	31479	
34266	31500	
34267	31519	
34268	31529	
34269	31533	
34270	31541	
34271	31567	
34272	31612	
34273	31665	
34274	31700	
34275	31697	
34276	31651	
34277	31578	
34278	31504	
34279	31452	
34280	31429	
34281	31429	
34282	31436	
34283	31445	
34284	31456	
34285	31475	
34286	31504	
34287	31536	
34288	31558	
34289	31561	
34290	31549	
34291	31533	
34292	31527	
34293	31536	
34294	31556	
34295	31576	
34296	31588	
34297	31592	
34298	31592	
34299	31591	
34300	31586	
34301	31569	
34302	31541	
34303	31509	
34304	31491	
34305	31502	
34306	31539	
34307	31587	
34308	31625	
34309	31641	
34310	31639	
34311	31636	
34312	31649	
34313	31678	
34314	31709	
34315	31722	
34316	31705	
34317	31665	
34318	31619	
34319	31586	
34320	31571	
34321	31567	
34322	31560	
34323	31548	
34324	31538	
34325	31543	
34326	31567	
34327	31602	
34328	31631	
34329	31643	
34330	31644	
34331	31656	
34332	31695	
34333	31762	
34334	31829	
34335	31860	
34336	31835	
34337	31762	
34338	31679	
34339	31624	
34340	31618	
34341	31646	
34342	31681	
34343	31695	
34344	31685	
34345	31669	
34346	31670	
34347	31697	
34348	31744	
34349	31792	
34350	31829	
34351	31853	
34352	31874	
34353	31899	
34354	31928	
34355	31955	
34356	31967	
34357	31960	
34358	31931	
34359	31887	
34360	31833	
34361	31780	
34362	31738	
34363	31719	
34364	31729	
34365	31764	
34366	31808	
34367	31840	
34368	31845	
34369	31824	
34370	31795	
34371	31786	
34372	31812	
34373	31867	
34374	31923	
34375	31951	
34376	31934	
34377	31880	
34378	31815	
34379	31765	
34380	31738	
34381	31726	
34382	31714	
34383	31693	
34384	31673	
34385	31669	
34386	31688	
34387	31723	
34388	31756	
34389	31772	
34390	31776	
34391	31783	
34392	31810	
34393	31856	
34394	31901	
34395	31921	
34396	31905	
34397	31861	
34398	31812	
34399	31779	
34400	31766	
34401	31762	
34402	31756	
34403	31747	
34404	31747	
34405	31769	
34406	31814	
34407	31863	
34408	31895	
34409	31900	
34410	31885	
34411	31871	
34412	31878	
34413	31902	
34414	31924	
34415	31921	
34416	31887	
34417	31836	
34418	31794	
34419	31782	
34420	31797	
34421	31820	
34422	31829	
34423	31817	
34424	31796	
34425	31785	
34426	31794	
34427	31812	
34428	31823	
34429	31814	
34430	31795	
34431	31785	
34432	31799	
34433	31834	
34434	31870	
34435	31884	
34436	31871	
34437	31846	
34438	31831	
34439	31839	
34440	31856	
34441	31859	
34442	31830	
34443	31777	
34444	31730	
34445	31723	
34446	31765	
34447	31836	
34448	31898	
34449	31923	
34450	31913	
34451	31899	
34452	31914	
34453	31969	
34454	32040	
34455	32083	
34456	32064	
34457	31984	
34458	31873	
34459	31776	
34460	31718	
34461	31696	
34462	31685	
34463	31661	
34464	31622	
34465	31587	
34466	31578	
34467	31606	
34468	31659	
34469	31714	
34470	31752	
34471	31770	
34472	31781	
34473	31797	
34474	31820	
34475	31839	
34476	31841	
34477	31820	
34478	31786	
34479	31756	
34480	31744	
34481	31748	
34482	31760	
34483	31767	
34484	31764	
34485	31756	
34486	31753	
34487	31764	
34488	31791	
34489	31828	
34490	31872	
34491	31918	
34492	31963	
34493	32003	
34494	32035	
34495	32054	
34496	32062	
34497	32064	
34498	32067	
34499	32070	
34500	32069	
34501	32054	
34502	32023	
34503	31983	
34504	31953	
34505	31947	
34506	31972	
34507	32016	
34508	32056	
34509	32074	
34510	32066	
34511	32047	
34512	32036	
34513	32049	
34514	32079	
34515	32105	
34516	32105	
34517	32069	
34518	32007	
34519	31941	
34520	31892	
34521	31866	
34522	31853	
34523	31839	
34524	31814	
34525	31782	
34526	31757	
34527	31755	
34528	31778	
34529	31820	
34530	31869	
34531	31911	
34532	31946	
34533	31974	
34534	31998	
34535	32018	
34536	32030	
34537	32028	
34538	32010	
34539	31979	
34540	31941	
34541	31902	
34542	31868	
34543	31843	
34544	31831	
34545	31833	
34546	31850	
34547	31875	
34548	31902	
34549	31929	
34550	31955	
34551	31984	
34552	32016	
34553	32045	
34554	32057	
34555	32039	
34556	31990	
34557	31925	
34558	31865	
34559	31831	
34560	31823	
34561	31829	
34562	31831	
34563	31820	
34564	31804	
34565	31798	
34566	31816	
34567	31855	
34568	31900	
34569	31932	
34570	31947	
34571	31951	
34572	31962	
34573	31989	
34574	32027	
34575	32057	
34576	32061	
34577	32035	
34578	31990	
34579	31944	
34580	31907	
34581	31879	
34582	31847	
34583	31805	
34584	31761	
34585	31732	
34586	31736	
34587	31776	
34588	31839	
34589	31903	
34590	31954	
34591	31990	
34592	32019	
34593	32044	
34594	32062	
34595	32060	
34596	32029	
34597	31974	
34598	31910	
34599	31857	
34600	31824	
34601	31808	
34602	31795	
34603	31774	
34604	31740	
34605	31698	
34606	31662	
34607	31645	
34608	31660	
34609	31711	
34610	31790	
34611	31877	
34612	31946	
34613	31973	
34614	31948	
34615	31885	
34616	31810	
34617	31755	
34618	31732	
34619	31734	
34620	31735	
34621	31708	
34622	31642	
34623	31552	
34624	31470	
34625	31437	
34626	31482	
34627	31613	
34628	31821	
34629	32080	
34630	32362	
34631	32637	
34632	32885	
34633	33098	
34634	33280	
34635	33450	
34636	33628	
34637	33825	
34638	34033	
34639	34235	
34640	34413	
34641	34572	
34642	34746	
34643	34984	
34644	35326	
34645	35777	
34646	36294	
34647	36805	
34648	37236	
34649	37546	
34650	37737	
34651	37843	
34652	37893	
34653	37897	
34654	37837	
34655	37689	
34656	37455	
34657	37169	
34658	36884	
34659	36638	
34660	36427	
34661	36202	
34662	35891	
34663	35444	
34664	34867	
34665	34222	
34666	33600	
34667	33084	
34668	32720	
34669	32503	
34670	32393	
34671	32334	
34672	32271	
34673	32171	
34674	32022	
34675	31834	
34676	31637	
34677	31465	
34678	31344	
34679	31278	
34680	31251	
34681	31236	
34682	31210	
34683	31171	
34684	31133	
34685	31117	
34686	31134	
34687	31177	
34688	31227	
34689	31269	
34690	31303	
34691	31342	
34692	31402	
34693	31486	
34694	31576	
34695	31643	
34696	31667	
34697	31648	
34698	31610	
34699	31583	
34700	31587	
34701	31617	
34702	31650	
34703	31664	
34704	31655	
34705	31632	
34706	31616	
34707	31620	
34708	31646	
34709	31681	
34710	31716	
34711	31745	
34712	31773	
34713	31804	
34714	31840	
34715	31874	
34716	31898	
34717	31906	
34718	31901	
34719	31887	
34720	31869	
34721	31851	
34722	31832	
34723	31813	
34724	31796	
34725	31786	
34726	31790	
34727	31810	
34728	31845	
34729	31888	
34730	31933	
34731	31973	
34732	32006	
35332	32353	
35333	32402	
35334	32472	
35335	32530	
35336	32546	
35337	32513	
35338	32448	
35339	32388	
35340	32358	
35341	32367	
35342	32402	
35343	32446	
35344	32485	
35345	32518	
35346	32547	
35347	32573	
35348	32592	
35349	32600	
35350	32601	
35351	32605	
35352	32625	
35353	32662	
35354	32705	
35355	32736	
35356	32745	
35357	32733	
35358	32718	
35359	32717	
35360	32737	
35361	32767	
35362	32787	
35363	32784	
35364	32761	
35365	32737	
35366	32730	
35367	32748	
35368	32784	
35369	32819	
35370	32840	
35371	32845	
35372	32841	
35373	32837	
35374	32836	
35375	32834	
35376	32825	
35377	32809	
35378	32788	
35379	32764	
35380	32735	
35381	32691	
35382	32628	
35383	32551	
35384	32480	
35385	32435	
35386	32427	
35387	32451	
35388	32485	
35389	32509	
35390	32514	
35391	32508	
35392	32504	
35393	32512	
35394	32525	
35395	32532	
35396	32521	
35397	32494	
35398	32463	
35399	32441	
35400	32431	
35401	32424	
35402	32410	
35403	32384	
35404	32356	
35405	32341	
35406	32346	
35407	32366	
35408	32385	
35409	32391	
35410	32388	
35411	32392	
35412	32421	
35413	32478	
35414	32543	
35415	32586	
35416	32586	
35417	32543	
35418	32481	
35419	32424	
35420	32387	
35421	32361	
35422	32330	
35423	32282	
35424	32229	
35425	32193	
35426	32195	
35427	32232	
35428	32280	
35429	32309	
35430	32301	
35431	32267	
35432	32234	
35433	32229	
35434	32257	
35435	32298	
35436	32322	
35437	32309	
35438	32264	
35439	32210	
35440	32171	
35441	32159	
35442	32163	
35443	32168	
35444	32160	
35445	32142	
35446	32126	
35447	32124	
35448	32139	
35449	32160	
35450	32177	
35451	32186	
35452	32190	
35453	32199	
35454	32220	
35455	32248	
35456	32273	
35457	32287	
35458	32284	
35459	32265	
35460	32236	
35461	32199	
35462	32155	
35463	32111	
35464	32074	
35465	32056	
35466	32063	
35467	32093	
35468	32132	
35469	32168	
35470	32191	
35471	32200	
35472	32201	
35473	32198	
35474	32195	
35475	32190	
35476	32184	
35477	32181	
35478	32184	
35479	32191	
35480	32191	
35481	32169	
35482	32119	
35483	32049	
35484	31979	
35485	31933	
35486	31923	
35487	31949	
35488	31998	
35489	32065	
35490	32160	
35491	32303	
35492	32506	
35493	32762	
35494	33038	
35495	33294	
35496	33504	
35497	33675	
35498	33843	
35499	34046	
35500	34298	
35501	34580	
35502	34852	
35503	35082	
35504	35270	
35505	35451	
35506	35671	
35507	35958	
35508	36306	
35509	36676	
35510	37022	
35511	37308	
35512	37515	
35513	37640	
35514	37679	
35515	37620	
35516	37451	
35517	37171	
35518	36801	
35519	36378	
35520	35952	
35521	35562	
35522	35230	
35523	34955	
35524	34708	
35525	34445	
35526	34122	
35527	33713	
35528	33232	
35529	32731	
35530	32284	
35531	31954	
35532	31766	
35533	31693	
35534	31671	
35535	31637	
35536	31553	
35537	31427	
35538	31290	
35539	31177	
35540	31101	
35541	31052	
35542	31015	
35543	30985	
35544	30971	
35545	30985	
35546	31030	
35547	31094	
35548	31156	
35549	31201	
35550	31228	
35551	31254	
35552	31293	
35553	31355	
35554	31436	
35555	31523	
35556	31604	
35557	31669	
35558	31720	
35559	31762	
35560	31801	
35561	31844	
35562	31889	
35563	31932	
35564	31964	
35565	31979	
35566	31978	
35567	31970	
35568	31970	
35569	31992	
35570	32042	
35571	32115	
35572	32190	
35573	32247	
35574	32267	
35575	32252	
35576	32218	
35577	32189	
35578	32182	
35579	32198	
35580	32219	
35581	32227	
35582	32212	
35583	32181	
35584	32156	
35585	32153	
35586	32176	
35587	32211	
35588	32239	
35589	32250	
35590	32250	
35591	32256	
35592	32285	
35593	32335	
35594	32391	
35595	32430	
35596	32435	
35597	32411	
35598	32377	
35599	32357	
35600	32365	
35601	32395	
35602	32432	
35603	32459	
35604	32470	
35605	32471	
35606	32477	
35607	32494	
35608	32521	
35609	32549	
35610	32570	
35611	32584	
35612	32598	
35613	32618	
35614	32645	
35615	32668	
35616	32676	
35617	32667	
35618	32648	
35619	32633	
35620	32632	
35621	32639	
35622	32637	
35623	32614	
35624	32570	
35625	32521	
35626	32488	
35627	32484	
35628	32504	
35629	32530	
35630	32545	
35631	32549	
35632	32551	
35633	32567	
35634	32599	
35635	32631	
35636	32642	
35637	32619	
35638	32568	
35639	32516	
35640	32490	
35641	32501	
35642	32537	
35643	32571	
35644	32579	
35645	32557	
35646	32520	
35647	32494	
35648	32497	
35649	32530	
35650	32582	
35651	32636	
35652	32681	
35653	32712	
35654	32730	
35655	32735	
35656	32728	
35657	32709	
35658	32682	
35659	32653	
35660	32624	
35661	32595	
35662	32565	
35663	32530	
35664	32496	
35665	32471	
35666	32462	
35667	32471	
35668	32495	
35669	32524	
35670	32554	
35671	32583	
35672	32612	
35673	32639	
35674	32657	
35675	32658	
35676	32641	
35677	32613	
35678	32586	
35679	32572	
35680	32569	
35681	32569	
35682	32557	
35683	32529	
35684	32494	
35685	32465	
35686	32454	
35687	32460	
35688	32469	
35689	32469	
35690	32459	
35691	32454	
35692	32469	
35693	32512	
35694	32569	
35695	32613	
35696	32620	
35697	32587	
35698	32530	
35699	32477	
35700	32449	
35701	32443	
35702	32444	
35703	32433	
35704	32407	
35705	32382	
35706	32376	
35707	32403	
35708	32455	
35709	32510	
35710	32548	
35711	32563	
35712	32566	
35713	32571	
35714	32585	
35715	32599	
35716	32594	
35717	32559	
35718	32500	
35719	32435	
35720	32387	
35721	32366	
35722	32367	
35723	32374	
35724	32379	
35725	32381	
35726	32391	
35727	32413	
35728	32443	
35729	32470	
35730	32482	
35731	32479	
35732	32475	
35733	32488	
35734	32526	
35735	32582	
35736	32637	
35737	32674	
35738	32684	
35739	32678	
35740	32667	
35741	32660	
35742	32655	
35743	32642	
35744	32617	
35745	32587	
35746	32567	
35747	32571	
35748	32600	
35749	32641	
35750	32676	
35751	32695	
35752	32703	
35753	32715	
35754	32740	
35755	32775	
35756	32806	
35757	32816	
35758	32802	
35759	32776	
35760	32759	
35761	32764	
35762	32787	
35763	32811	
35764	32820	
35765	32810	
35766	32796	
35767	32798	
35768	32828	
35769	32883	
35770	32946	
35771	33001	
35772	33039	
35773	33063	
35774	33085	
35775	33111	
35776	33140	
35777	33165	
35778	33181	
35779	33189	
35780	33195	
35781	33201	
35782	33205	
35783	33203	
35784	33194	
35785	33186	
35786	33191	
35787	33218	
35788	33263	
35789	33311	
35790	33349	
35791	33370	
35792	33384	
35793	33408	
35794	33447	
35795	33493	
35796	33525	
35797	33523	
35798	33487	
35799	33435	
35800	33395	
35801	33386	
35802	33407	
35803	33438	
35804	33459	
35805	33459	
35806	33444	
35807	33426	
35808	33414	
35809	33407	
35810	33397	
35811	33380	
35812	33365	
35813	33363	
35814	33380	
35815	33406	
35816	33414	
35817	33383	
35818	33307	
35819	33205	
35820	33110	
35821	33047	
35822	33018	
35823	33002	
35824	32974	
35825	32920	
35826	32849	
35827	32787	
35828	32754	
35829	32753	
35830	32768	
35831	32779	
35832	32774	
35833	32756	
35834	32735	
35835	32720	
35836	32704	
35837	32680	
35838	32640	
35839	32589	
35840	32539	
35841	32497	
35842	32465	
35843	32434	
35844	32397	
35845	32354	
35846	32317	
35847	32297	
35848	32296	
35849	32307	
35850	32315	
35851	32316	
35852	32313	
35853	32319	
35854	32339	
35855	32368	
35856	32387	
35857	32379	
35858	32338	
35859	32277	
35860	32216	
35861	32171	
35862	32144	
35863	32124	
35864	32097	
35865	32060	
35866	32022	
35867	31998	
35868	31998	
35869	32020	
35870	32054	
35871	32089	
35872	32119	
35873	32147	
35874	32171	
35875	32186	
35876	32184	
35877	32159	
35878	32115	
35879	32069	
35880	32040	
35881	32034	
35882	32044	
35883	32055	
35884	32056	
35885	32047	
35886	32039	
35887	32040	
35888	32046	
35889	32044	
35890	32027	
35891	31999	
35892	31983	
35893	32002	
35894	32062	
35895	32145	
35896	32217	
35897	32247	
35898	32225	
35899	32167	
35900	32104	
35901	32059	
35902	32039	
35903	32034	
35904	32027	
35905	32014	
35906	31999	
35907	31992	
35908	32002	
35909	32023	
35910	32048	
35911	32072	
35912	32096	
35913	32127	
35914	32167	
35915	32207	
35916	32231	
35917	32226	
35918	32193	
35919	32152	
35920	32127	
35921	32129	
35922	32152	
35923	32176	
35924	32178	
35925	32154	
35926	32122	
35927	32107	
35928	32128	
35929	32184	
35930	32255	
35931	32319	
35932	32363	
35933	32388	
35934	32403	
35935	32416	
35936	32427	
35937	32430	
35938	32422	
35939	32406	
35940	32390	
35941	32378	
35942	32368	
35943	32352	
35944	32327	
35945	32298	
35946	32280	
35947	32285	
35948	32318	
35949	32367	
35950	32417	
35951	32456	
35952	32482	
35953	32503	
35954	32522	
35955	32535	
35956	32536	
35957	32519	
35958	32491	
35959	32469	
35960	32468	
35961	32490	
35962	32519	
35963	32531	
35964	32512	
35965	32468	
35966	32420	
35967	32396	
35968	32408	
35969	32446	
35970	32488	
35971	32510	
35972	32507	
35973	32487	
35974	32468	
35975	32460	
35976	32463	
35977	32465	
35978	32457	
35979	32434	
35980	32400	
35981	32363	
35982	32327	
35983	32292	
35984	32259	
35985	32235	
35986	32225	
35987	32234	
35988	32258	
35989	32288	
35990	32314	
35991	32333	
35992	32350	
35993	32371	
35994	32396	
35995	32415	
35996	32411	
35997	32376	
35998	32316	
35999	32249	
36000	32200	
36001	32179	
36002	32184	
36003	32195	
36004	32197	
36005	32186	
36006	32169	
36007	32161	
36008	32169	
36009	32190	
36010	32214	
36011	32230	
36012	32239	
36013	32248	
36014	32263	
36015	32284	
36016	32305	
36017	32315	
36018	32314	
36019	32307	
36020	32301	
36021	32298	
36022	32287	
36023	32257	
36024	32202	
36025	32135	
36026	32080	
36027	32060	
36028	32083	
36029	32134	
36030	32187	
36031	32220	
36032	32229	
36033	32226	
36034	32228	
36035	32242	
36036	32260	
36037	32262	
36038	32236	
36039	32189	
36040	32137	
36041	32101	
36042	32090	
36043	32095	
36044	32101	
36045	32096	
36046	32081	
36047	32065	
36048	32058	
36049	32064	
36050	32074	
36051	32083	
36052	32088	
36053	32094	
36054	32105	
36055	32115	
36056	32114	
36057	32090	
36058	32044	
36059	31991	
36060	31952	
36061	31942	
36062	31953	
36063	31965	
36064	31959	
36065	31931	
36066	31897	
36067	31883	
36068	31904	
36069	31956	
36070	32015	
36071	32056	
36072	32068	
36073	32061	
36074	32051	
36075	32050	
36076	32058	
36077	32066	
36078	32066	
36079	32060	
36080	32056	
36081	32062	
36082	32077	
36083	32090	
36084	32086	
36085	32064	
36086	32035	
36087	32017	
36088	32025	
36089	32057	
36090	32099	
36091	32136	
36092	32160	
36093	32175	
36094	32192	
36095	32212	
36096	32228	
36097	32230	
36098	32214	
36099	32190	
36100	32174	
36101	32175	
36102	32185	
36103	32184	
36104	32154	
36105	32095	
36106	32027	
36107	31982	
36108	31982	
36109	32028	
36110	32097	
36111	32160	
36112	32195	
36113	32202	
36114	32194	
36115	32190	
36116	32197	
36117	32212	
36118	32222	
36119	32216	
36120	32192	
36121	32159	
36122	32129	
36123	32109	
36124	32104	
36125	32113	
36126	32131	
36127	32157	
36128	32187	
36129	32216	
36130	32244	
36131	32272	
36132	32306	
36133	32348	
36134	32394	
36135	32432	
36136	32445	
36137	32425	
36138	32378	
36139	32325	
36140	32287	
36141	32274	
36142	32278	
36143	32280	
36144	32265	
36145	32234	
36146	32205	
36147	32199	
36148	32227	
36149	32277	
36150	32326	
36151	32353	
36152	32348	
36153	32324	
36154	32301	
36155	32292	
36156	32297	
36157	32306	
36158	32308	
36159	32299	
36160	32287	
36161	32280	
36162	32278	
36163	32275	
36164	32260	
36165	32235	
36166	32209	
36167	32202	
36168	32222	
36169	32267	
36170	32318	
36171	32360	
36172	32385	
36173	32398	
36174	32410	
36175	32424	
36176	32434	
36177	32427	
36178	32395	
36179	32344	
36180	32291	
36181	32257	
36182	32250	
36183	32263	
36184	32278	
36185	32279	
36186	32259	
36187	32227	
36188	32201	
36189	32191	
36190	32199	
36191	32217	
36192	32236	
36193	32252	
36194	32267	
36195	32286	
36196	32307	
36197	32326	
36198	32334	
36199	32325	
36200	32302	
36201	32272	
36202	32244	
36203	32227	
36204	32223	
36205	32233	
36206	32252	
36207	32274	
36208	32291	
36209	32301	
36210	32301	
36211	32297	
36212	32293	
36213	32293	
36214	32294	
36215	32291	
36216	32284	
36217	32278	
36218	32279	
36219	32295	
36220	32321	
36221	32343	
36222	32344	
36223	32316	
36224	32265	
36225	32214	
36226	32184	
36252	32465	
36253	32483	
36254	32495	
36255	32501	
36256	32494	
36257	32474	
36258	32445	
36259	32417	
36260	32400	
36261	32392	
36262	32382	
36263	32357	
36264	32313	
36265	32263	
36266	32229	
36267	32226	
36268	32251	
36269	32285	
36270	32304	
36271	32298	
36272	32278	
36273	32268	
36274	32286	
36275	32328	
36276	32371	
36277	32385	
36278	32359	
36279	32305	
36280	32251	
36281	32224	
36282	32227	
36283	32245	
36284	32255	
36285	32245	
36286	32223	
36287	32208	
36288	32216	
36289	32249	
36290	32296	
36291	32342	
36292	32377	
36412	33828	
36413	33372	
36414	32894	
36415	32450	
36416	32082	
36417	31806	
36418	31615	
36419	31481	
36420	31378	
36421	31282	
36422	31184	
36423	31087	
36424	31000	
36425	30936	
36426	30909	
36427	30925	
36428	30982	
36429	31062	
36430	31139	
36431	31189	
36432	31211	
36433	31222	
36434	31250	
36435	31316	
36436	31410	
36437	31504	
36438	31566	
36439	31583	
36440	31574	
36441	31573	
36442	31605	
36443	31669	
36444	31735	
36445	31775	
36446	31780	
36447	31772	
36448	31786	
36449	31843	
36450	31934	
36451	32020	
36452	32061	
36453	32045	
36454	31993	
36455	31945	
36456	31930	
36457	31947	
36458	31967	
36459	31957	
36460	31908	
36461	31839	
36462	31787	
36463	31782	
36464	31823	
36465	31887	
36466	31941	
36467	31966	
36468	31968	
36469	31965	
36470	31975	
36471	32001	
36472	32036	
36473	32069	
36474	32093	
36475	32105	
36476	32107	
36477	32096	
36478	32073	
36479	32042	
36480	32014	
36481	32003	
36482	32011	
36483	32028	
36484	32036	
36485	32021	
36486	31985	
36487	31947	
36488	31930	
36489	31950	
36490	31998	
36491	32053	
36492	32095	
36493	32115	
36494	32120	
36495	32123	
36496	32128	
36497	32131	
36498	32121	
36499	32095	
36500	32064	
36501	32043	
36502	32039	
36503	32043	
36504	32033	
36505	31997	
36506	31942	
36507	31896	
36508	31889	
36509	31932	
36510	32005	
36511	32072	
36512	32103	
36513	32092	
36514	32063	
36515	32046	
36516	32059	
36517	32090	
36518	32115	
36519	32112	
36520	32080	
36521	32042	
36522	32023	
36523	32037	
36524	32071	
36525	32103	
36526	32112	
36527	32099	
36528	32078	
36529	32068	
36530	32080	
36531	32108	
36532	32138	
36533	32163	
36534	32184	
36535	32210	
36536	32242	
36537	32273	
36538	32286	
36539	32269	
36540	32226	
36541	32171	
36542	32129	
36543	32112	
36544	32122	
36545	32147	
36546	32174	
36547	32197	
36548	32214	
36549	32227	
36550	32237	
36551	32239	
36552	32233	
36553	32227	
36554	32234	
36555	32264	
36556	32313	
36557	32363	
36558	32391	
36559	32385	
36560	32350	
36561	32306	
36562	32275	
36563	32265	
36564	32267	
36565	32267	
36566	32258	
36567	32247	
36568	32248	
36569	32276	
36570	32328	
36571	32390	
36572	32440	
36573	32464	
36574	32464	
36575	32448	
36576	32431	
36577	32420	
36578	32414	
36579	32410	
36580	32407	
36581	32400	
36582	32386	
36583	32360	
36584	32318	
36585	32264	
36586	32212	
36587	32183	
36588	32189	
36589	32230	
36590	32291	
36591	32348	
36592	32386	
36593	32404	
36594	32413	
36595	32426	
36596	32447	
36597	32469	
36598	32483	
36599	32484	
36600	32475	
36601	32467	
36602	32468	
36603	32478	
36604	32488	
36605	32488	
36606	32478	
36607	32466	
36608	32464	
36609	32477	
36610	32503	
36611	32531	
36612	32552	
36613	32566	
36614	32578	
36615	32598	
36616	32624	
36617	32646	
36618	32648	
36619	32624	
36620	32581	
36621	32540	
36622	32522	
36623	32536	
36624	32574	
36625	32618	
36626	32649	
36627	32657	
36628	32648	
36629	32638	
36630	32639	
36631	32662	
36632	32706	
36633	32765	
36634	32828	
36635	32884	
36636	32923	
36637	32939	
36638	32935	
36639	32919	
36640	32904	
36641	32902	
36642	32916	
36643	32942	
36644	32975	
36645	33013	
36646	33062	
36647	33126	
36648	33206	
36649	33294	
36650	33374	
36651	33440	
36652	33490	
36653	33538	
36654	33596	
36655	33669	
36656	33747	
36657	33815	
36658	33861	
36659	33888	
36660	33911	
36661	33944	
36662	33994	
36663	34054	
36664	34107	
36665	34147	
36666	34175	
36667	34205	
36668	34247	
36669	34301	
36670	34354	
36671	34389	
36672	34400	
36673	34397	
36674	34400	
36675	34423	
36676	34465	
36677	34508	
36678	34526	
36679	34507	
36680	34455	
36681	34392	
36682	34338	
36683	34306	
36684	34292	
36685	34281	
36686	34259	
36687	34222	
36688	34177	
36689	34134	
36690	34098	
36691	34069	
36692	34045	
36693	34024	
36694	34006	
36695	33989	
36696	33967	
36697	33928	
36698	33865	
36699	33780	
36700	33689	
36701	33605	
36702	33533	
36703	33459	
36704	33368	
36705	33250	
36706	33120	
36707	33006	
36708	32933	
36709	32910	
36710	32917	
36711	32926	
36712	32912	
36713	32869	
36714	32810	
36715	32750	
36716	32699	
36717	32656	
36718	32612	
36719	32561	
36720	32504	
36721	32444	
36722	32383	
36723	32320	
36724	32251	
36725	32177	
36726	32107	
36727	32051	
36728	32018	
36729	32008	
36730	32012	
36731	32021	
36732	32030	
36733	32040	
36734	32056	
36735	32079	
36736	32099	
36737	32108	
36738	32096	
36739	32066	
36740	32027	
36741	31991	
36742	31964	
36743	31943	
36744	31920	
36745	31888	
36746	31850	
36747	31814	
36748	31792	
36749	31790	
36750	31809	
36751	31844	
36752	31887	
36753	31929	
36754	31964	
36755	31986	
36756	31989	
36757	31973	
36758	31946	
36759	31916	
36760	31890	
36761	31867	
36762	31840	
36763	31797	
36764	31737	
36765	31670	
36766	31616	
36767	31595	
36768	31611	
36769	31657	
36770	31712	
36771	31759	
36772	31792	
36773	31815	
36774	31836	
36775	31853	
36776	31857	
36777	31837	
36778	31792	
36779	31736	
36780	31691	
36781	31672	
36782	31675	
36783	31679	
36784	31666	
36785	31629	
36786	31586	
36787	31562	
36788	31577	
36789	31624	
36790	31682	
36791	31724	
36792	31743	
36793	31756	
36794	31785	
36795	31842	
36796	31916	
36797	31976	
36798	31995	
36799	31968	
36800	31913	
36801	31861	
36802	31833	
36803	31830	
36804	31835	
36805	31831	
36806	31811	
36807	31784	
36808	31764	
36809	31758	
36810	31766	
36811	31784	
36812	31809	
36813	31843	
36814	31890	
36815	31944	
36816	31991	
36817	32017	
36818	32019	
36819	32004	
36820	31990	
36821	31988	
36822	31992	
36823	31986	
36824	31955	
36825	31896	
36826	31824	
36827	31766	
36828	31745	
36829	31761	
36830	31798	
36831	31829	
36832	31838	
36833	31825	
36834	31807	
36835	31804	
36836	31823	
36837	31857	
36838	31888	
36839	31900	
36840	31888	
36841	31854	
36842	31810	
36843	31764	
36844	31723	
36845	31692	
36846	31675	
36847	31674	
36848	31689	
36849	31713	
36850	31737	
36851	31754	
36852	31765	
36853	31774	
36854	31785	
36855	31798	
36856	31811	
36857	31821	
36858	31829	
36859	31837	
36860	31847	
36861	31853	
36862	31845	
36863	31820	
36864	31784	
36865	31759	
36866	31766	
36867	31816	
36868	31897	
36869	31982	
36870	32046	
36871	32078	
36872	32085	
36873	32091	
36874	32112	
36875	32150	
36876	32193	
36877	32221	
36878	32223	
36879	32199	
36880	32162	
36881	32125	
36882	32093	
36883	32065	
36884	32036	
36885	32005	
36886	31979	
36887	31962	
36888	31953	
36889	31946	
36890	31939	
36891	31937	
36892	31952	
36893	31992	
36894	32054	
36895	32117	
36896	32155	
36897	32156	
36898	32128	
36899	32097	
36900	32085	
36901	32093	
36902	32100	
36903	32076	
36904	32009	
36905	31914	
36906	31828	
36907	31788	
36908	31807	
36909	31865	
36910	31929	
36911	31974	
36912	31998	
36913	32019	
36914	32058	
36915	32120	
36916	32188	
36917	32231	
36918	32230	
36919	32181	
36920	32105	
36921	32027	
36922	31969	
36923	31941	
36924	31940	
36925	31959	
36926	31991	
36927	32028	
36928	32065	
36929	32096	
36930	32123	
36931	32157	
36932	32208	
36933	32282	
36934	32373	
36935	32459	
36936	32519	
36937	32540	
36938	32530	
36939	32507	
36940	32490	
36941	32481	
36942	32466	
36943	32427	
36944	32358	
36945	32273	
36946	32201	
36947	32168	
36948	32180	
36949	32221	
36950	32264	
36951	32291	
36952	32302	
36953	32310	
36954	32329	
36955	32357	
36956	32378	
36957	32376	
36958	32346	
36959	32299	
36960	32258	
36961	32233	
36962	32222	
36963	32208	
36964	32176	
36965	32124	
36966	32072	
36967	32041	
36968	32041	
36969	32064	
36970	32091	
36971	32105	
36972	32108	
36973	32114	
36974	32141	
36975	32193	
36976	32255	
36977	32302	
36978	32319	
36979	32310	
36980	32293	
36981	32286	
36982	32292	
36983	32298	
36984	32287	
36985	32253	
36986	32211	
36987	32182	
36988	32182	
36989	32209	
36990	32244	
36991	32266	
36992	32268	
36993	32264	
36994	32277	
36995	32319	
36996	32381	
36997	32433	
36998	32447	
36999	32412	
37000	32341	
37001	32264	
37002	32204	
37003	32167	
37004	32144	
37005	32124	
37006	32105	
37007	32094	
37008	32102	
37009	32130	
37010	32168	
37011	32205	
37012	32236	
37013	32267	
37014	32304	
37015	32350	
37016	32394	
37017	32422	
37018	32425	
37019	32404	
37020	32372	
37021	32336	
37022	32294	
37023	32238	
37024	32158	
37025	32063	
37026	31973	
37027	31915	
37028	31900	
37029	31917	
37030	31939	
37031	31942	
37032	31921	
37033	31890	
37034	31873	
37035	31878	
37036	31894	
37037	31894	
37038	31860	
37039	31791	
37040	31711	
37041	31642	
37042	31589	
37043	31535	
37044	31453	
37045	31330	
37046	31181	
37047	31045	
37048	30958	
37049	30933	
37050	30952	
37051	30983	
37052	30998	
37053	30995	
37054	30989	
37055	30997	
37056	31024	
37057	31054	
37058	31068	
37059	31052	
37060	31008	
37061	30950	
37062	30891	
37063	30834	
37064	30775	
37065	30711	
37066	30648	
37067	30596	
37068	30569	
37069	30568	
37070	30583	
37071	30598	
37072	30605	
37073	30608	
37074	30622	
37075	30658	
37076	30713	
37077	30771	
37078	30810	
37079	30822	
37080	30814	
37081	30803	
37082	30797	
37083	30793	
37084	30773	
37085	30726	
37086	30660	
37087	30599	
37088	30572	
37089	30593	
37090	30651	
37091	30726	
37092	30801	
37093	30880	
37094	30977	
37095	31098	
37096	31229	
37097	31339	
37098	31401	
37099	31410	
37100	31391	
37101	31381	
37102	31406	
37103	31463	
37104	31525	
37105	31563	
37106	31568	
37107	31554	
37108	31549	
37109	31571	
37110	31624	
37111	31698	
37112	31783	
37113	31874	
37114	31971	
37115	32069	
37116	32156	
37117	32220	
37118	32255	
37119	32266	
37120	32266	
37121	32258	
37122	32234	
37123	32180	
37124	32088	
37125	31972	
37126	31863	
37127	31795	
37128	31782	
37129	31813	
37130	31859	
37131	31895	
37132	31909	
37133	31912	
37134	31916	
37135	31922	
37136	31918	
37137	31885	
37138	31814	
37139	31715	
37140	31611	
37141	31522	
37142	31451	
37143	31383	
37144	31300	
37145	31200	
37146	31102	
37147	31032	
37148	31009	
37149	31021	
37150	31042	
37151	31046	
37152	31031	
37153	31022	
37154	31048	
37155	31121	
37156	31214	
37157	31286	
37158	31302	
37159	31265	
37160	31212	
37161	31183	
37162	31195	
37163	31224	
37164	31229	
37165	31183	
37166	31097	
37167	31015	
37168	30981	
37169	31007	
37170	31064	
37171	31108	
37172	31117	
37173	31107	
37174	31120	
37175	31187	
37176	31299	
37177	31408	
37178	31462	
37179	31435	
37180	31352	
37181	31266	
37182	31220	
37183	31224	
37184	31246	
37185	31248	
37186	31218	
37187	31181	
37188	31180	
37189	31238	
37190	31339	
37191	31441	
37192	31509	
37193	31545	
37194	31584	
37195	31666	
37196	31793	
37197	31923	
37198	32000	
37199	31990	
37200	31911	
37201	31818	
37202	31765	
37203	31764	
37204	31783	
37205	31772	
37206	31709	
37207	31612	
37208	31528	
37209	31498	
37210	31525	
37211	31580	
37212	31628	
37213	31653	
37214	31671	
37215	31705	
37216	31766	
37217	31834	
37218	31878	
37219	31874	
37220	31827	
37221	31765	
37222	31714	
37223	31682	
37224	31658	
37225	31622	
37226	31568	
37227	31512	
37228	31477	
37229	31476	
37230	31501	
37231	31532	
37232	31553	
37233	31566	
37234	31586	
37235	31628	
37236	31684	
37237	31729	
37238	31730	
37239	31675	
37240	31578	
37241	31472	
37242	31390	
37243	31346	
37244	31335	
37245	31348	
37246	31390	
37247	31481	
37248	31644	
37249	31884	
37250	32178	
37251	32487	
37252	32777	
37253	33036	
37254	33279	
37255	33529	
37256	33801	
37257	34086	
37258	34364	
37259	34610	
37260	34818	
37261	34999	
37262	35178	
37263	35382	
37264	35636	
37265	35951	
37266	36322	
37267	36719	
37268	37091	
37269	37382	
37270	37548	
37271	37580	
37272	37509	
37273	37388	
37274	37261	
37275	37139	
37276	37001	
37277	36814	
37278	36566	
37279	36276	
37280	35985	
37281	35716	
37282	35448	
37283	35127	
37284	34696	
37285	34140	
37286	33515	
37287	32926	
37288	32477	
37289	32215	
37290	32114	
37291	32089	
37292	32056	
37293	31975	
37294	31857	
37295	31742	
37296	31658	
37297	31603	
37298	31560	
37299	31518	
37300	31486	
37301	31478	
37302	31497	
37303	31518	
37304	31508	
37305	31451	
37306	31370	
37307	31311	
37308	31317	
37309	31396	
37310	31513	
37311	31622	
37312	31699	
37313	31753	
37314	31815	
37315	31907	
37316	32016	
37317	32102	
37318	32129	
37319	32090	
37320	32017	
37321	31956	
37322	31934	
37323	31943	
37324	31945	
37325	31909	
37326	31831	
37327	31740	
37328	31679	
37329	31672	
37330	31711	
37331	31766	
37332	31810	
37333	31833	
37334	31848	
37335	31866	
37336	31889	
37337	31903	
37338	31887	
37339	31837	
37340	31764	
37341	31690	
37342	31627	
37343	31573	
37344	31514	
37345	31443	
37346	31367	
37347	31312	
37348	31298	
37349	31330	
37350	31391	
37351	31457	
37352	31514	
37353	31570	
37354	31642	
37355	31737	
37356	31843	
37357	31928	
37358	31968	
37359	31958	
37360	31921	
37361	31888	
37362	31876	
37363	31872	
37364	31848	
37365	31787	
37366	31696	
37367	31612	
37368	31571	
37369	31589	
37370	31651	
37371	31724	
37372	31782	
37373	31824	
37374	31871	
37375	31942	
37376	32035	
37377	32121	
37378	32165	
37379	32151	
37380	32095	
37381	32034	
37382	31999	
37383	31996	
37384	32000	
37385	31987	
37386	31949	
37387	31909	
37388	31901	
37389	31943	
37390	32027	
37391	32120	
37392	32193	
37393	32245	
37394	32295	
37395	32371	
37396	32483	
37397	32609	
37398	32713	
37399	32765	
37400	32762	
37401	32726	
37402	32686	
37403	32657	
37404	32639	
37405	32622	
37406	32606	
37407	32602	
37408	32625	
37409	32680	
37410	32752	
37411	32815	
37412	32851	
37413	32864	
37414	32877	
37415	32913	
37416	32978	
37417	33054	
37418	33108	
37419	33112	
37420	33061	
37421	32974	
37422	32878	
37423	32791	
37424	32719	
37425	32657	
37426	32604	
37427	32564	
37428	32549	
37429	32567	
37430	32612	
37431	32668	
37432	32722	
37433	32768	
37434	32812	
37435	32865	
37436	32928	
37437	32990	
37438	33035	
37439	33051	
37440	33037	
37441	33005	
37442	32968	
37443	32935	
37444	32908	
37445	32887	
37446	32874	
37447	32872	
37448	32885	
37449	32912	
37450	32948	
37451	32986	
37452	33028	
37453	33080	
37454	33149	
37455	33228	
37456	33301	
37457	33344	
37458	33346	
37459	33315	
37460	33276	
37461	33251	
37462	33246	
37463	33246	
37464	33226	
37465	33175	
37466	33105	
37467	33047	
37468	33031	
37469	33065	
37470	33128	
37471	33188	
37472	33223	
37473	33236	
37474	33246	
37475	33270	
37476	33308	
37477	33338	
37478	33338	
37479	33302	
37480	33245	
37481	33193	
37482	33160	
37483	33139	
37484	33110	
37485	33054	
37486	32977	
37487	32911	
37488	32890	
37489	32929	
37490	33008	
37491	33089	
37492	33141	
37493	33158	
37494	33167	
37495	33198	
37496	33266	
37497	33356	
37498	33438	
37499	33490	
37500	33509	
37501	33513	
37502	33518	
37503	33526	
37504	33521	
37505	33492	
37506	33444	
37507	33403	
37508	33402	
37509	33455	
37510	33547	
37511	33648	
37512	33735	
37513	33805	
37514	33877	
37515	33972	
37516	34089	
37517	34205	
37518	34286	
37519	34312	
37520	34291	
37521	34252	
37522	34220	
37523	34202	
37524	34181	
37525	34142	
37526	34086	
37527	34035	
37528	34021	
37529	34056	
37530	34126	
37531	34195	
37532	34241	
37533	34267	
37534	34300	
37535	34366	
37536	34465	
37537	34567	
37538	34633	
37539	34641	
37540	34603	
37541	34555	
37542	34526	
37543	34519	
37544	34507	
37545	34462	
37546	34379	
37547	34287	
37548	34228	
37549	34232	
37550	34292	
37551	34376	
37552	34447	
37553	34495	
37554	34534	
37555	34589	
37556	34667	
37557	34743	
37558	34777	
37559	34742	
37560	34645	
37561	34528	
37562	34439	
37563	34397	
37564	34382	
37565	34350	
37566	34272	
37567	34154	
37568	34034	
37569	33950	
37570	33915	
37571	33910	
37572	33904	
37573	33881	
37574	33853	
37575	33846	
37576	33869	
37577	33908	
37578	33927	
37579	33898	
37580	33820	
37581	33718	
37582	33618	
37583	33533	
37584	33451	
37585	33355	
37586	33245	
37587	33140	
37588	33066	
37589	33040	
37590	33049	
37591	33061	
37592	33049	
37593	33008	
37594	32956	
37595	32921	
37596	32914	
37597	32920	
37598	32916	
37599	32887	
37600	32844	
37601	32811	
37602	32812	
37603	32841	
37604	32870	
37605	32871	
37606	32837	
37607	32795	
37608	32789	
37609	32850	
37610	32969	
37611	33109	
37612	33224	
37613	33296	
37614	33340	
37615	33389	
37616	33466	
37617	33562	
37618	33645	
37619	33684	
37620	33675	
37621	33643	
37622	33624	
37623	33638	
37624	33676	
37625	33715	
37626	33738	
37627	33755	
37628	33791	
37629	33867	
37630	33981	
37631	34109	
37632	34219	
37633	34297	
37634	34350	
37635	34398	
37636	34448	
37637	34490	
37638	34504	
37639	34482	
37640	34437	
37641	34401	
37642	34394	
37643	34409	
37644	34417	
37645	34386	
37646	34312	
37647	34224	
37648	34168	
37649	34175	
37650	34241	
37651	34330	
37652	34402	
37653	34440	
37654	34464	
37655	34505	
37656	34581	
37657	34676	
37658	34753	
37659	34780	
37660	34756	
37661	34714	
37662	34691	
37663	34700	
37664	34721	
37665	34721	
37666	34678	
37667	34611	
37668	34561	
37669	34567	
37670	34634	
37671	34732	
37672	34815	
37673	34854	
37674	34855	
37675	34849	
37676	34865	
37677	34908	
37678	34956	
37679	34979	
37680	34960	
37681	34916	
37682	34876	
37683	34864	
37684	34876	
37685	34882	
37686	34855	
37687	34789	
37688	34712	
37689	34667	
37690	34677	
37691	34731	
37692	34794	
37693	34830	
37694	34833	
37695	34829	
37696	34845	
37697	34889	
37698	34939	
37699	34954	
37700	34912	
37701	34824	
37702	34725	
37703	34652	
37704	34617	
37705	34602	
37706	34583	
37707	34546	
37708	34501	
37709	34473	
37710	34477	
37711	34509	
37712	34549	
37713	34573	
37714	34575	
37715	34563	
37716	34548	
37717	34532	
37718	34505	
37719	34456	
37720	34386	
37721	34310	
37722	34249	
37723	34210	
37724	34181	
37725	34138	
37726	34068	
37727	33982	
37728	33910	
37729	33877	
37730	33887	
37731	33912	
37732	33920	
37733	33896	
37734	33857	
37735	33834	
37736	33849	
37737	33888	
37738	33909	
37739	33874	
37740	33776	
37741	33651	
37742	33547	
37743	33494	
37744	33482	
37745	33471	
37746	33424	
37747	33338	
37748	33243	
37749	33181	
37750	33176	
37751	33216	
37752	33271	
37753	33312	
37754	33331	
37755	33336	
37756	33334	
37757	33319	
37758	33276	
37759	33201	
37760	33109	
37761	33033	
37762	33001	
37763	33011	
37764	33035	
37765	33032	
37766	32983	
37767	32907	
37768	32845	
37769	32836	
37770	32883	
37771	32955	
37772	33005	
37773	33001	
37774	32948	
37775	32878	
37776	32828	
37777	32813	
37778	32823	
37779	32833	
37780	32823	
37781	32792	
37782	32751	
37783	32711	
37784	32677	
37785	32643	
37786	32610	
37787	32585	
37788	32583	
37789	32612	
37790	32664	
37791	32718	
37792	32752	
37793	32758	
37794	32747	
37795	32741	
37796	32756	
37797	32786	
37798	32815	
37799	32826	
37800	32817	
37801	32800	
37802	32795	
37803	32808	
37804	32828	
37805	32836	
37806	32819	
37807	32785	
37808	32757	
37809	32756	
37810	32786	
37811	32832	
37812	32867	
37813	32877	
37814	32862	
37815	32842	
37816	32834	
37817	32842	
37818	32856	
37819	32860	
37820	32844	
37821	32811	
37822	32775	
37823	32747	
37824	32731	
37825	32723	
37826	32718	
37827	32718	
37828	32727	
37829	32748	
37830	32776	
37831	32800	
37832	32815	
37833	32824	
37834	32836	
37835	32861	
37836	32898	
37837	32931	
37838	32944	
37839	32928	
37840	32892	
37841	32857	
37842	32838	
37843	32833	
37844	32827	
37845	32800	
37846	32748	
37847	32690	
37848	32653	
37849	32658	
37850	32702	
37851	32760	
37852	32809	
37853	32838	
37854	32858	
37855	32888	
37856	32939	
37857	33002	
37858	33053	
37859	33069	
37860	33047	
37861	33002	
37862	32955	
37863	32918	
37864	32886	
37865	32851	
37866	32808	
37867	32769	
37868	32757	
37869	32782	
37870	32839	
37871	32900	
37872	32938	
37873	32943	
37874	32928	
37875	32915	
37876	32922	
37877	32943	
37878	32958	
37879	32948	
37880	32912	
37881	32868	
37882	32835	
37883	32822	
37884	32818	
37885	32802	
37886	32761	
37887	32704	
37888	32654	
37889	32633	
37890	32645	
37891	32675	
37892	32699	
37893	32707	
37894	32703	
37895	32703	
37896	32717	
37897	32736	
37898	32743	
37899	32721	
37900	32671	
37901	32607	
37902	32550	
37903	32504	
37904	32457	
37905	32392	
37906	32304	
37907	32210	
37908	32143	
37909	32128	
37910	32170	
37911	32244	
37912	32320	
37913	32374	
37914	32402	
37915	32415	
37916	32423	
37917	32424	
37918	32407	
37919	32367	
37920	32306	
37921	32239	
37922	32176	
37923	32113	
37924	32037	
37925	31934	
37926	31811	
37927	31698	
37928	31630	
37929	31628	
37930	31686	
37931	31778	
37932	31879	
37933	31984	
37934	32104	
37935	32254	
37936	32424	
37937	32580	
37938	32677	
37939	32692	
37940	32637	
37941	32560	
37942	32503	
37943	32477	
37944	32456	
37945	32398	
37946	32285	
37947	32142	
37948	32022	
37949	31977	
37950	32022	
37951	32129	
37952	32255	
37953	32370	
37954	32473	
37955	32581	
37956	32704	
37957	32825	
37958	32912	
37959	32939	
37960	32910	
37961	32853	
37962	32800	
37963	32760	
37964	32711	
37965	32625	
37966	32497	
37967	32358	
37968	32259	
37969	32237	
37970	32291	
37971	32383	
37972	32470	
37973	32533	
37974	32593	
37975	32686	
37976	32829	
37977	32997	
37978	33135	
37979	33192	
37980	33158	
37981	33065	
37982	32963	
37983	32883	
37984	32820	
37985	32744	
37986	32635	
37987	32510	
37988	32413	
37989	32385	
37990	32432	
37991	32522	
37992	32613	
37993	32686	
37994	32756	
37995	32858	
37996	33006	
37997	33170	
37998	33291	
37999	33322	
38000	33255	
38001	33134	
38002	33016	
38003	32931	
38004	32862	
38005	32766	
38006	32618	
38007	32440	
38008	32292	
38009	32229	
38010	32264	
38011	32357	
38012	32448	
38013	32505	
38014	32544	
38015	32611	
38016	32737	
38017	32901	
38018	33037	
38019	33080	
38020	33011	
38021	32872	
38022	32731	
38023	32630	
38024	32559	
38025	32471	
38026	32332	
38027	32161	
38028	32024	
38029	31989	
38030	32072	
38031	32222	
38032	32358	
38033	32431	
38034	32455	
38035	32496	
38036	32607	
38037	32779	
38038	32938	
38039	32999	
38040	32923	
38041	32752	
38042	32577	
38043	32466	
38044	32425	
38045	32395	
38046	32309	
38047	32155	
38048	31985	
38049	31880	
38050	31895	
38051	32013	
38052	32167	
38053	32295	
38054	32379	
38055	32456	
38056	32570	
38057	32729	
38058	32890	
38059	32987	
38060	32979	
38061	32884	
38062	32757	
38063	32648	
38064	32562	
38065	32466	
38066	32327	
38067	32150	
38068	31988	
38069	31904	
38070	31927	
38071	32031	
38072	32156	
38073	32257	
38074	32341	
38075	32449	
38076	32619	
38077	32836	
38078	33035	
38079	33142	
38080	33123	
38081	33014	
38082	32883	
38083	32784	
38084	32713	
38085	32623	
38086	32473	
38087	32272	
38088	32084	
38089	31986	
38090	32009	
38091	32117	
38092	32237	
38093	32317	
38094	32365	
38095	32437	
38096	32581	
38097	32788	
38098	32986	
38099	33089	
38100	33056	
38101	32923	
38102	32764	
38103	32636	
38104	32535	
38105	32404	
38106	32194	
38107	31913	
38108	31635	
38109	31453	
38110	31409	
38111	31470	
38112	31557	
38113	31607	
38114	31623	
38115	31659	
38116	31773	
38117	31967	
38118	32185	
38119	32350	
38120	32431	
38121	32461	
38122	32507	
38123	32605	
38124	32729	
38125	32807	
38126	32786	
38127	32693	
38128	32628	
38129	32701	
38130	32957	
38131	33345	
38132	33754	
38133	34102	
38134	34393	
38135	34711	
38136	35152	
38137	35742	
38138	36416	
38139	37055	
38140	37558	
38141	37896	
38142	38100	
38143	38211	
38144	38237	
38145	38148	
38146	37919	
38147	37579	
38148	37207	
38149	36892	
38150	36682	
38151	36550	
38152	36438	
38153	36304	
38154	36154	
38155	36024	
38156	35927	
38157	35813	
38158	35591	
38159	35200	
38160	34664	
38161	34110	
38162	33683	
38163	33461	
38164	33391	
38165	33332	
38166	33153	
38167	32829	
38168	32458	
38169	32190	
38170	32121	
38171	32228	
38172	32401	
38173	32529	
38174	32582	
38175	32624	
38176	32743	
38177	32968	
38178	33238	
38179	33440	
38180	33494	
38181	33417	
38182	33297	
38183	33221	
38184	33203	
38185	33178	
38186	33074	
38187	32889	
38188	32713	
38189	32671	
38190	32825	
38191	33116	
38192	33400	
38193	33546	
38194	33525	
38195	33416	
38196	33330	
38197	33315	
38198	33317	
38199	33235	
38200	33019	
38201	32728	
38202	32492	
38203	32410	
38204	32458	
38205	32501	
38206	32389	
38207	32079	
38208	31680	
38209	31381	
38210	31315	
38211	31464	
38212	31666	
38213	31740	
38214	31610	
38215	31362	
38216	31179	
38217	31212	
38218	31487	
38219	31893	
38220	32264	
38221	32473	
38222	32476	
38223	32283	
38224	31914	
38225	31373	
38226	30671	
38227	29869	
38228	29082	
38229	28429	
38230	27965	
38231	27651	
38232	27379	
38233	27059	
38234	26681	
38235	26313	
38236	26043	
38237	25902	
